INSERT INTO `users` (`user_id`, `username`, `full_name`, `status`, `authentication_type`, `user_password`, `expiration_dt`, `security_question`, `security_answer`, `last_login_dt`, `failed_login_attempts`, `force_change`, `email`, `settings_xml`, `user_role`) VALUES ('0002bdaf-bfd5-4b9d-82d1-fd39c2947d19','administrator','Administrator',1,'local','#ADMINPASSWORD#',NULL,NULL,NULL,NULL,0,1,'',NULL,'Administrator');
INSERT INTO `user_password_history` (`user_id`, `password`, `change_time`) VALUES ('0002bdaf-bfd5-4b9d-82d1-fd39c2947d19','#ADMINPASSWORD#',now());

INSERT INTO `login_security_settings` (`id`, `pass_max_age`, `pass_max_attempts`, `pass_max_length`, `pass_min_length`, `pass_complexity`, `pass_age_warn_days`, `pass_require_initial_change`, `auto_lock_reset`, `login_message`, `auth_error_message`, `pass_history`, `page_view_logging`, `report_view_logging`, `allow_login`, `new_user_email_message`, `log_days`) VALUES (1,90,99,15,6,0,5,0,5,'New Cato Install','Login Error - Please check your user id and password.',0,0,0,1,'',90);
INSERT INTO `logserver_settings` (`id`, `mode_off_on`, `loop_delay_sec`, `port`, `log_file_days`, `log_table_days`) VALUES (1,'on',5,4010,90,90);

INSERT INTO `clouds` (cloud_id,cloud_name,provider,api_url) VALUES ('4d6f35fc-faa7-11e0-b2ec-12313d0024c3','us-east-1','Amazon AWS','us-east-1.amazonaws.com');
INSERT INTO `clouds` (cloud_id,cloud_name,provider,api_url) VALUES ('96e7d2c0-faa7-11e0-b2ec-12313d0024c3','us-west-1','Amazon AWS','us-west-1.amazonaws.com');
INSERT INTO `clouds` (cloud_id,cloud_name,provider,api_url) VALUES ('a9f303bc-faa7-11e0-b2ec-12313d0024c3','eu-west-1','Amazon AWS','eu-west-1.amazonaws.com');
INSERT INTO `clouds` (cloud_id,cloud_name,provider,api_url) VALUES ('a9fe9bdc-faa7-11e0-b2ec-12313d0024c3','ap-southeast-1','Amazon AWS','ap-southeast-1.amazonaws.com');
INSERT INTO `clouds` (cloud_id,cloud_name,provider,api_url) VALUES ('aa09974e-faa7-11e0-b2ec-12313d0024c3','ap-northeast-1','Amazon AWS','ap-northeast-1.amazonaws.com');

INSERT INTO `lu_task_step_function_category` (`category_name`, `category_label`, `sort_order`, `description`, `icon`) VALUES ('aws_as','AWS AS','20.00','','icons/aws_32.png');
INSERT INTO `lu_task_step_function_category` (`category_name`, `category_label`, `sort_order`, `description`, `icon`) VALUES ('aws_cfn','AWS CFN','30.00','','icons/aws_32.png');
INSERT INTO `lu_task_step_function_category` (`category_name`, `category_label`, `sort_order`, `description`, `icon`) VALUES ('aws_cw','AWS CW','40.00','','icons/aws_32.png');
INSERT INTO `lu_task_step_function_category` (`category_name`, `category_label`, `sort_order`, `description`, `icon`) VALUES ('aws_ebs','AWS EBS','50.00','','icons/aws_32.png');
INSERT INTO `lu_task_step_function_category` (`category_name`, `category_label`, `sort_order`, `description`, `icon`) VALUES ('aws_ec2','AWS EC2','60.00','','icons/aws_32.png');
INSERT INTO `lu_task_step_function_category` (`category_name`, `category_label`, `sort_order`, `description`, `icon`) VALUES ('aws_elb','AWS ELB','70.00','','icons/aws_32.png');
INSERT INTO `lu_task_step_function_category` (`category_name`, `category_label`, `sort_order`, `description`, `icon`) VALUES ('aws_emr','AWS EMR','80.00','','icons/aws_32.png');
INSERT INTO `lu_task_step_function_category` (`category_name`, `category_label`, `sort_order`, `description`, `icon`) VALUES ('aws_iam','AWS IAM','90.00','','icons/aws_32.png');
INSERT INTO `lu_task_step_function_category` (`category_name`, `category_label`, `sort_order`, `description`, `icon`) VALUES ('aws_rds','AWS RDS','100.00','','icons/aws_32.png');
INSERT INTO `lu_task_step_function_category` (`category_name`, `category_label`, `sort_order`, `description`, `icon`) VALUES ('aws_sdb','AWS SDB','110.00','','icons/aws_32.png');
INSERT INTO `lu_task_step_function_category` (`category_name`, `category_label`, `sort_order`, `description`, `icon`) VALUES ('aws_ses','AWS SES','120.00','','icons/aws_32.png');
INSERT INTO `lu_task_step_function_category` (`category_name`, `category_label`, `sort_order`, `description`, `icon`) VALUES ('aws_sns','AWS SNS','130.00','','icons/aws_32.png');
INSERT INTO `lu_task_step_function_category` (`category_name`, `category_label`, `sort_order`, `description`, `icon`) VALUES ('aws_sqs','AWS SQS','140.00','','icons/aws_32.png');
INSERT INTO `lu_task_step_function_category` (`category_name`, `category_label`, `sort_order`, `description`, `icon`) VALUES ('aws_vpc','AWS VPC','150.00','','icons/aws_32.png');
INSERT INTO `lu_task_step_function_category` (`category_name`, `category_label`, `sort_order`, `description`, `icon`) VALUES ('cloud','Cloud','6.00','Commands for deployment management','icons/bookmark_add_32.png');
INSERT INTO `lu_task_step_function_category` (`category_name`, `category_label`, `sort_order`, `description`, `icon`) VALUES ('connect','Connect','1.00','Commands for connecting to and disconnecting from Assets.','icons/connect_no_32.png');
INSERT INTO `lu_task_step_function_category` (`category_name`, `category_label`, `sort_order`, `description`, `icon`) VALUES ('control','Control','2.00','Commands for controlling the a Task.','icons/configure_32.png');
INSERT INTO `lu_task_step_function_category` (`category_name`, `category_label`, `sort_order`, `description`, `icon`) VALUES ('flow','Flow','4.00','Commands for defining logic flow within a Task.','icons/agt_reload_32.png');
INSERT INTO `lu_task_step_function_category` (`category_name`, `category_label`, `sort_order`, `description`, `icon`) VALUES ('interact','Interact','3.00','Commands for interacting with any connected Asset.','icons/exec_32.png');
INSERT INTO `lu_task_step_function_category` (`category_name`, `category_label`, `sort_order`, `description`, `icon`) VALUES ('variable','Variable','5.00','Commands for setting and manipulating runtime variables.','icons/bookmark_add_32.png');
INSERT INTO `lu_task_step_function` (`function_name`, `function_label`, `category_name`, `sort_order`, `description`, `help`, `icon`, `xml_template`) VALUES ('aws_as_CreateAutoScalingGroup','CreateAutoScalingGroup','aws_as','1.00','','<a href=\"http://docs.amazonwebservices.com/AutoScaling/latest/APIReference/API_CreateAutoScalingGroup.html\" target=\"_blank\">AWS documentation for CreateAutoScalingGroup</a>','icons/aws_16.png','<function command_type=\"aws_as_CreateAutoScalingGroup\">\n  <aws_region input_type=\"text\" label=\"AWS Region\" hr_after=\"true\" />\n  <AutoScalingGroupName input_type=\"text\"/>\n  <AvailabilityZones>\n    <member.N is_array=\"true\">\n      <member input_type=\"text\"/>\n    </member.N>\n  </AvailabilityZones>\n  <DefaultCooldown input_type=\"text\"/>\n  <DesiredCapacity input_type=\"text\"/>\n  <HealthCheckGracePeriod input_type=\"text\"/>\n  <HealthCheckType input_type=\"text\"/>\n  <LaunchConfigurationName input_type=\"text\"/>\n  <LoadBalancerNames>\n    <member.N is_array=\"true\">\n      <member input_type=\"text\"/>\n    </member.N>\n  </LoadBalancerNames>\n  <MaxSize input_type=\"text\"/>\n  <MinSize input_type=\"text\"/>\n  <PlacementGroup input_type=\"text\"/>\n  <VPCZoneIdentifier input_type=\"text\"/>\n  <result_name input_type=\"text\"/>\n</function>\n');
INSERT INTO `lu_task_step_function` (`function_name`, `function_label`, `category_name`, `sort_order`, `description`, `help`, `icon`, `xml_template`) VALUES ('aws_as_CreateLaunchConfiguration','CreateLaunchConfiguration','aws_as','2.00','','<a href=\"http://docs.amazonwebservices.com/AutoScaling/latest/APIReference/API_CreateLaunchConfiguration.html\" target=\"_blank\">AWS documentation for CreateLaunchConfiguration</a>','icons/aws_16.png','<function command_type=\"aws_as_CreateLaunchConfiguration\">\n<aws_region input_type=\"text\" label=\"AWS Region\" hr_after=\"true\" />\n    <BlockDeviceMappings>\n        <member.N is_array=\"true\">\n            <member input_type=\"text\"/>\n        </member.N>\n    </BlockDeviceMappings>\n    <ImageId input_type=\"text\"/>\n    <InstanceMonitoring input_type=\"text\"/>\n    <InstanceType input_type=\"text\"/>\n    <KernelId input_type=\"text\"/>\n    <KeyName input_type=\"text\"/>\n    <LaunchConfigurationName input_type=\"text\"/>\n    <RamdiskId input_type=\"text\"/>\n    <SecurityGroups>\n        <member.N is_array=\"true\">\n            <member input_type=\"text\"/>\n        </member.N>\n    </SecurityGroups>\n    <UserData input_type=\"text\"/>\n    <result_name input_type=\"text\"/>\n</function>\n');
INSERT INTO `lu_task_step_function` (`function_name`, `function_label`, `category_name`, `sort_order`, `description`, `help`, `icon`, `xml_template`) VALUES ('aws_as_DeleteAutoScalingGroup','DeleteAutoScalingGroup','aws_as','3.00','','<a href=\"http://docs.amazonwebservices.com/AutoScaling/latest/APIReference/API_DeleteAutoScalingGroup.html\" target=\"_blank\">AWS documentation for DeleteAutoScalingGroup</a>','icons/aws_16.png','<function command_type=\"aws_as_DeleteAutoScalingGroup\">\n<aws_region input_type=\"text\" label=\"AWS Region\" hr_after=\"true\" />\n    <AutoScalingGroupName input_type=\"text\"/>\n    <result_name input_type=\"text\"/>\n</function>\n');
INSERT INTO `lu_task_step_function` (`function_name`, `function_label`, `category_name`, `sort_order`, `description`, `help`, `icon`, `xml_template`) VALUES ('aws_as_DeleteLaunchConfiguration','DeleteLaunchConfiguration','aws_as','4.00','','<a href=\"http://docs.amazonwebservices.com/AutoScaling/latest/APIReference/API_DeleteLaunchConfiguration.html\" target=\"_blank\">AWS documentation for DeleteLaunchConfiguration</a>','icons/aws_16.png','<function command_type=\"aws_as_DeleteLaunchConfiguration\">\n<aws_region input_type=\"text\" label=\"AWS Region\" hr_after=\"true\" />\n    <LaunchConfigurationName input_type=\"text\"/>\n    <result_name input_type=\"text\"/>\n</function>\n');
INSERT INTO `lu_task_step_function` (`function_name`, `function_label`, `category_name`, `sort_order`, `description`, `help`, `icon`, `xml_template`) VALUES ('aws_as_DeletePolicy','DeletePolicy','aws_as','5.00','','<a href=\"http://docs.amazonwebservices.com/AutoScaling/latest/APIReference/API_DeletePolicy.html\" target=\"_blank\">AWS documentation for DeletePolicy</a>','icons/aws_16.png','<function command_type=\"aws_as_DeletePolicy\">\n<aws_region input_type=\"text\" label=\"AWS Region\" hr_after=\"true\" />\n    <AutoScalingGroupName input_type=\"text\"/>\n    <PolicyName input_type=\"text\"/>\n    <result_name input_type=\"text\"/>\n</function>\n');
INSERT INTO `lu_task_step_function` (`function_name`, `function_label`, `category_name`, `sort_order`, `description`, `help`, `icon`, `xml_template`) VALUES ('aws_as_DeleteScheduledAction','DeleteScheduledAction','aws_as','6.00','','<a href=\"http://docs.amazonwebservices.com/AutoScaling/latest/APIReference/API_DeleteScheduledAction.html\" target=\"_blank\">AWS documentation for DeleteScheduledAction</a>','icons/aws_16.png','<function command_type=\"aws_as_DeleteScheduledAction\">\n<aws_region input_type=\"text\" label=\"AWS Region\" hr_after=\"true\" />\n    <AutoScalingGroupName input_type=\"text\"/>\n    <ScheduledActionName input_type=\"text\"/>\n    <result_name input_type=\"text\"/>\n</function>\n');
INSERT INTO `lu_task_step_function` (`function_name`, `function_label`, `category_name`, `sort_order`, `description`, `help`, `icon`, `xml_template`) VALUES ('aws_as_DescribeAdjustmentTypes','DescribeAdjustmentTypes','aws_as','7.00','','<a href=\"http://docs.amazonwebservices.com/AutoScaling/latest/APIReference/API_DescribeAdjustmentTypes.html\" target=\"_blank\">AWS documentation for DescribeAdjustmentTypes</a>','icons/aws_16.png','<function command_type=\"aws_as_DescribeAdjustmentTypes\">\n<aws_region input_type=\"text\" label=\"AWS Region\" hr_after=\"true\" />\n    <result_name input_type=\"text\"/>\n</function>\n');
INSERT INTO `lu_task_step_function` (`function_name`, `function_label`, `category_name`, `sort_order`, `description`, `help`, `icon`, `xml_template`) VALUES ('aws_as_DescribeAutoScalingGroups','DescribeAutoScalingGroups','aws_as','8.00','','<a href=\"http://docs.amazonwebservices.com/AutoScaling/latest/APIReference/API_DescribeAutoScalingGroups.html\" target=\"_blank\">AWS documentation for DescribeAutoScalingGroups</a>','icons/aws_16.png','<function command_type=\"aws_as_DescribeAutoScalingGroups\">\n<aws_region input_type=\"text\" label=\"AWS Region\" hr_after=\"true\" />\n    <AutoScalingGroupNames>\n        <member.N is_array=\"true\">\n            <member input_type=\"text\"/>\n        </member.N>\n    </AutoScalingGroupNames>\n    <MaxRecords input_type=\"text\"/>\n    <NextToken input_type=\"text\"/>\n    <result_name input_type=\"text\"/>\n</function>\n');
INSERT INTO `lu_task_step_function` (`function_name`, `function_label`, `category_name`, `sort_order`, `description`, `help`, `icon`, `xml_template`) VALUES ('aws_as_DescribeAutoScalingInstances','DescribeAutoScalingInstances','aws_as','9.00','','<a href=\"http://docs.amazonwebservices.com/AutoScaling/latest/APIReference/API_DescribeAutoScalingInstances.html\" target=\"_blank\">AWS documentation for DescribeAutoScalingInstances</a>','icons/aws_16.png','<function command_type=\"aws_as_DescribeAutoScalingInstances\">\n<aws_region input_type=\"text\" label=\"AWS Region\" hr_after=\"true\" />\n    <InstanceIds>\n        <member.N is_array=\"true\">\n            <member input_type=\"text\"/>\n        </member.N>\n    </InstanceIds>\n    <MaxRecords input_type=\"text\"/>\n    <NextToken input_type=\"text\"/>\n    <result_name input_type=\"text\"/>\n</function>\n');
INSERT INTO `lu_task_step_function` (`function_name`, `function_label`, `category_name`, `sort_order`, `description`, `help`, `icon`, `xml_template`) VALUES ('aws_as_DescribeLaunchConfigurations','DescribeLaunchConfigurations','aws_as','10.00','','<a href=\"http://docs.amazonwebservices.com/AutoScaling/latest/APIReference/API_DescribeLaunchConfigurations.html\" target=\"_blank\">AWS documentation for DescribeLaunchConfigurations</a>','icons/aws_16.png','<function command_type=\"aws_as_DescribeLaunchConfigurations\">\n<aws_region input_type=\"text\" label=\"AWS Region\" hr_after=\"true\" />\n    <LaunchConfigurationNames>\n        <member.N is_array=\"true\">\n            <member input_type=\"text\"/>\n        </member.N>\n    </LaunchConfigurationNames>\n    <MaxRecords input_type=\"text\"/>\n    <NextToken input_type=\"text\"/>\n    <result_name input_type=\"text\"/>\n</function>\n');
INSERT INTO `lu_task_step_function` (`function_name`, `function_label`, `category_name`, `sort_order`, `description`, `help`, `icon`, `xml_template`) VALUES ('aws_as_DescribeMetricCollectionTypes','DescribeMetricCollectionTypes','aws_as','11.00','','<a href=\"http://docs.amazonwebservices.com/AutoScaling/latest/APIReference/API_DescribeMetricCollectionTypes.html\" target=\"_blank\">AWS documentation for DescribeMetricCollectionTypes</a>','icons/aws_16.png','<function command_type=\"aws_as_DescribeMetricCollectionTypes\">\n<aws_region input_type=\"text\" label=\"AWS Region\" hr_after=\"true\" />\n    <result_name input_type=\"text\"/>\n</function>\n');
INSERT INTO `lu_task_step_function` (`function_name`, `function_label`, `category_name`, `sort_order`, `description`, `help`, `icon`, `xml_template`) VALUES ('aws_as_DescribePolicies','DescribePolicies','aws_as','12.00','','<a href=\"http://docs.amazonwebservices.com/AutoScaling/latest/APIReference/API_DescribePolicies.html\" target=\"_blank\">AWS documentation for DescribePolicies</a>','icons/aws_16.png','<function command_type=\"aws_as_DescribePolicies\">\n<aws_region input_type=\"text\" label=\"AWS Region\" hr_after=\"true\" />\n    <AutoScalingGroupName input_type=\"text\"/>\n    <MaxRecords input_type=\"text\"/>\n    <NextToken input_type=\"text\"/>\n    <PolicyNames>\n        <member.N is_array=\"true\">\n            <member input_type=\"text\"/>\n        </member.N>\n    </PolicyNames>\n    <result_name input_type=\"text\"/>\n</function>\n');
INSERT INTO `lu_task_step_function` (`function_name`, `function_label`, `category_name`, `sort_order`, `description`, `help`, `icon`, `xml_template`) VALUES ('aws_as_DescribeScalingActivities','DescribeScalingActivities','aws_as','13.00','','<a href=\"http://docs.amazonwebservices.com/AutoScaling/latest/APIReference/API_DescribeScalingActivities.html\" target=\"_blank\">AWS documentation for DescribeScalingActivities</a>','icons/aws_16.png','<function command_type=\"aws_as_DescribeScalingActivities\">\n<aws_region input_type=\"text\" label=\"AWS Region\" hr_after=\"true\" />\n    <ActivityIds>\n        <member.N is_array=\"true\">\n            <member input_type=\"text\"/>\n        </member.N>\n    </ActivityIds>\n    <AutoScalingGroupName input_type=\"text\"/>\n    <MaxRecords input_type=\"text\"/>\n    <NextToken input_type=\"text\"/>\n    <result_name input_type=\"text\"/>\n</function>\n');
INSERT INTO `lu_task_step_function` (`function_name`, `function_label`, `category_name`, `sort_order`, `description`, `help`, `icon`, `xml_template`) VALUES ('aws_as_DescribeScalingProcessTypes','DescribeScalingProcessTypes','aws_as','14.00','','<a href=\"http://docs.amazonwebservices.com/AutoScaling/latest/APIReference/API_DescribeScalingProcessTypes.html\" target=\"_blank\">AWS documentation for DescribeScalingProcessTypes</a>','icons/aws_16.png','<function command_type=\"aws_as_DescribeScalingProcessTypes\">\n<aws_region input_type=\"text\" label=\"AWS Region\" hr_after=\"true\" />\n    <result_name input_type=\"text\"/>\n</function>\n');
INSERT INTO `lu_task_step_function` (`function_name`, `function_label`, `category_name`, `sort_order`, `description`, `help`, `icon`, `xml_template`) VALUES ('aws_as_DescribeScheduledActions','DescribeScheduledActions','aws_as','15.00','','<a href=\"http://docs.amazonwebservices.com/AutoScaling/latest/APIReference/API_DescribeScheduledActions.html\" target=\"_blank\">AWS documentation for DescribeScheduledActions</a>','icons/aws_16.png','<function command_type=\"aws_as_DescribeScheduledActions\">\n<aws_region input_type=\"text\" label=\"AWS Region\" hr_after=\"true\" />\n    <AutoScalingGroupName input_type=\"text\"/>\n    <EndTime input_type=\"text\"/>\n    <MaxRecords input_type=\"text\"/>\n    <NextToken input_type=\"text\"/>\n    <ScheduledActionNames>\n        <member.N is_array=\"true\">\n            <member input_type=\"text\"/>\n        </member.N>\n    </ScheduledActionNames>\n    <StartTime input_type=\"text\"/>\n    <result_name input_type=\"text\"/>\n</function>\n');
INSERT INTO `lu_task_step_function` (`function_name`, `function_label`, `category_name`, `sort_order`, `description`, `help`, `icon`, `xml_template`) VALUES ('aws_as_DisableMetricsCollection','DisableMetricsCollection','aws_as','16.00','','<a href=\"http://docs.amazonwebservices.com/AutoScaling/latest/APIReference/API_DisableMetricsCollection.html\" target=\"_blank\">AWS documentation for DisableMetricsCollection</a>','icons/aws_16.png','<function command_type=\"aws_as_DisableMetricsCollection\">\n<aws_region input_type=\"text\" label=\"AWS Region\" hr_after=\"true\" />\n    <AutoScalingGroupName input_type=\"text\"/>\n    <Metrics>\n        <member.N is_array=\"true\">\n            <member input_type=\"text\"/>\n        </member.N>\n    </Metrics>\n    <result_name input_type=\"text\"/>\n</function>\n');
INSERT INTO `lu_task_step_function` (`function_name`, `function_label`, `category_name`, `sort_order`, `description`, `help`, `icon`, `xml_template`) VALUES ('aws_as_EnableMetricsCollection','EnableMetricsCollection','aws_as','17.00','','<a href=\"http://docs.amazonwebservices.com/AutoScaling/latest/APIReference/API_EnableMetricsCollection.html\" target=\"_blank\">AWS documentation for EnableMetricsCollection</a>','icons/aws_16.png','<function command_type=\"aws_as_EnableMetricsCollection\">\n<aws_region input_type=\"text\" label=\"AWS Region\" hr_after=\"true\" />\n    <AutoScalingGroupName input_type=\"text\"/>\n    <Granularity input_type=\"text\"/>\n    <Metrics>\n        <member.N is_array=\"true\">\n            <member input_type=\"text\"/>\n        </member.N>\n    </Metrics>\n    <result_name input_type=\"text\"/>\n</function>\n');
INSERT INTO `lu_task_step_function` (`function_name`, `function_label`, `category_name`, `sort_order`, `description`, `help`, `icon`, `xml_template`) VALUES ('aws_as_ExecutePolicy','ExecutePolicy','aws_as','18.00','','<a href=\"http://docs.amazonwebservices.com/AutoScaling/latest/APIReference/API_ExecutePolicy.html\" target=\"_blank\">AWS documentation for ExecutePolicy</a>','icons/aws_16.png','<function command_type=\"aws_as_ExecutePolicy\">\n<aws_region input_type=\"text\" label=\"AWS Region\" hr_after=\"true\" />\n    <AutoScalingGroupName input_type=\"text\"/>\n    <HonorCooldown input_type=\"text\"/>\n    <PolicyName input_type=\"text\"/>\n    <result_name input_type=\"text\"/>\n</function>\n');
INSERT INTO `lu_task_step_function` (`function_name`, `function_label`, `category_name`, `sort_order`, `description`, `help`, `icon`, `xml_template`) VALUES ('aws_as_PutScalingPolicy','PutScalingPolicy','aws_as','19.00','','<a href=\"http://docs.amazonwebservices.com/AutoScaling/latest/APIReference/API_PutScalingPolicy.html\" target=\"_blank\">AWS documentation for PutScalingPolicy</a>','icons/aws_16.png','<function command_type=\"aws_as_PutScalingPolicy\">\n<aws_region input_type=\"text\" label=\"AWS Region\" hr_after=\"true\" />\n    <AdjustmentType input_type=\"text\"/>\n    <AutoScalingGroupName input_type=\"text\"/>\n    <Cooldown input_type=\"text\"/>\n    <PolicyName input_type=\"text\"/>\n    <ScalingAdjustment input_type=\"text\"/>\n    <result_name input_type=\"text\"/>\n</function>\n');
INSERT INTO `lu_task_step_function` (`function_name`, `function_label`, `category_name`, `sort_order`, `description`, `help`, `icon`, `xml_template`) VALUES ('aws_as_PutScheduledUpdateGroupAction','PutScheduledUpdateGroupAction','aws_as','20.00','','<a href=\"http://docs.amazonwebservices.com/AutoScaling/latest/APIReference/API_PutScheduledUpdateGroupAction.html\" target=\"_blank\">AWS documentation for PutScheduledUpdateGroupAction</a>','icons/aws_16.png','<function command_type=\"aws_as_PutScheduledUpdateGroupAction\">\n<aws_region input_type=\"text\" label=\"AWS Region\" hr_after=\"true\" />\n    <AutoScalingGroupName input_type=\"text\"/>\n    <DesiredCapacity input_type=\"text\"/>\n    <MaxSize input_type=\"text\"/>\n    <MinSize input_type=\"text\"/>\n    <ScheduledActionName input_type=\"text\"/>\n    <Time input_type=\"text\"/>\n    <result_name input_type=\"text\"/>\n</function>\n');
INSERT INTO `lu_task_step_function` (`function_name`, `function_label`, `category_name`, `sort_order`, `description`, `help`, `icon`, `xml_template`) VALUES ('aws_as_ResumeProcesses','ResumeProcesses','aws_as','21.00','','<a href=\"http://docs.amazonwebservices.com/AutoScaling/latest/APIReference/API_ResumeProcesses.html\" target=\"_blank\">AWS documentation for ResumeProcesses</a>','icons/aws_16.png','<function command_type=\"aws_as_ResumeProcesses\">\n<aws_region input_type=\"text\" label=\"AWS Region\" hr_after=\"true\" />\n    <AutoScalingGroupName input_type=\"text\"/>\n    <ScalingProcesses>\n        <member.N is_array=\"true\">\n            <member input_type=\"text\"/>\n        </member.N>\n    </ScalingProcesses>\n    <result_name input_type=\"text\"/>\n</function>\n');
INSERT INTO `lu_task_step_function` (`function_name`, `function_label`, `category_name`, `sort_order`, `description`, `help`, `icon`, `xml_template`) VALUES ('aws_as_SetDesiredCapacity','SetDesiredCapacity','aws_as','22.00','','<a href=\"http://docs.amazonwebservices.com/AutoScaling/latest/APIReference/API_SetDesiredCapacity.html\" target=\"_blank\">AWS documentation for SetDesiredCapacity</a>','icons/aws_16.png','<function command_type=\"aws_as_SetDesiredCapacity\">\n<aws_region input_type=\"text\" label=\"AWS Region\" hr_after=\"true\" />\n    <AutoScalingGroupName input_type=\"text\"/>\n    <DesiredCapacity input_type=\"text\"/>\n    <HonorCooldown input_type=\"text\"/>\n    <result_name input_type=\"text\"/>\n</function>\n');
INSERT INTO `lu_task_step_function` (`function_name`, `function_label`, `category_name`, `sort_order`, `description`, `help`, `icon`, `xml_template`) VALUES ('aws_as_SetInstanceHealth','SetInstanceHealth','aws_as','23.00','','<a href=\"http://docs.amazonwebservices.com/AutoScaling/latest/APIReference/API_SetInstanceHealth.html\" target=\"_blank\">AWS documentation for SetInstanceHealth</a>','icons/aws_16.png','<function command_type=\"aws_as_SetInstanceHealth\">\n<aws_region input_type=\"text\" label=\"AWS Region\" hr_after=\"true\" />\n    <HealthStatus input_type=\"text\"/>\n    <InstanceId input_type=\"text\"/>\n    <ShouldRespectGracePeriod input_type=\"text\"/>\n    <result_name input_type=\"text\"/>\n</function>\n');
INSERT INTO `lu_task_step_function` (`function_name`, `function_label`, `category_name`, `sort_order`, `description`, `help`, `icon`, `xml_template`) VALUES ('aws_as_SuspendProcesses','SuspendProcesses','aws_as','24.00','','<a href=\"http://docs.amazonwebservices.com/AutoScaling/latest/APIReference/API_SuspendProcesses.html\" target=\"_blank\">AWS documentation for SuspendProcesses</a>','icons/aws_16.png','<function command_type=\"aws_as_SuspendProcesses\">\n<aws_region input_type=\"text\" label=\"AWS Region\" hr_after=\"true\" />\n    <AutoScalingGroupName input_type=\"text\"/>\n    <ScalingProcesses>\n        <member.N is_array=\"true\">\n            <member input_type=\"text\"/>\n        </member.N>\n    </ScalingProcesses>\n    <result_name input_type=\"text\"/>\n</function>\n');
INSERT INTO `lu_task_step_function` (`function_name`, `function_label`, `category_name`, `sort_order`, `description`, `help`, `icon`, `xml_template`) VALUES ('aws_as_TerminateInstanceInAutoScalingGroup','TerminateInstanceInAutoScalingGroup','aws_as','25.00','','<a href=\"http://docs.amazonwebservices.com/AutoScaling/latest/APIReference/API_TerminateInstanceInAutoScalingGroup.html\" target=\"_blank\">AWS documentation for TerminateInstanceInAutoScalingGroup</a>','icons/aws_16.png','<function command_type=\"aws_as_TerminateInstanceInAutoScalingGroup\">\n<aws_region input_type=\"text\" label=\"AWS Region\" hr_after=\"true\" />\n    <InstanceId input_type=\"text\"/>\n    <ShouldDecrementDesiredCapacity input_type=\"text\"/>\n    <result_name input_type=\"text\"/>\n</function>\n');
INSERT INTO `lu_task_step_function` (`function_name`, `function_label`, `category_name`, `sort_order`, `description`, `help`, `icon`, `xml_template`) VALUES ('aws_as_UpdateAutoScalingGroup','UpdateAutoScalingGroup','aws_as','26.00','','<a href=\"http://docs.amazonwebservices.com/AutoScaling/latest/APIReference/API_UpdateAutoScalingGroup.html\" target=\"_blank\">AWS documentation for UpdateAutoScalingGroup</a>','icons/aws_16.png','<function command_type=\"aws_as_UpdateAutoScalingGroup\">\n<aws_region input_type=\"text\" label=\"AWS Region\" hr_after=\"true\" />\n    <AutoScalingGroupName input_type=\"text\"/>\n    <AvailabilityZones>\n        <member.N is_array=\"true\">\n            <member input_type=\"text\"/>\n        </member.N>\n    </AvailabilityZones>\n    <DefaultCooldown input_type=\"text\"/>\n    <DesiredCapacity input_type=\"text\"/>\n    <HealthCheckGracePeriod input_type=\"text\"/>\n    <HealthCheckType input_type=\"text\"/>\n    <LaunchConfigurationName input_type=\"text\"/>\n    <MaxSize input_type=\"text\"/>\n    <MinSize input_type=\"text\"/>\n    <PlacementGroup input_type=\"text\"/>\n    <VPCZoneIdentifier input_type=\"text\"/>\n    <result_name input_type=\"text\"/>\n</function>\n');
INSERT INTO `lu_task_step_function` (`function_name`, `function_label`, `category_name`, `sort_order`, `description`, `help`, `icon`, `xml_template`) VALUES ('aws_cfn_CreateStack','CreateStack','aws_cfn','169.00','','<a href=\"http://docs.amazonwebservices.com/AWSCloudFormation/latest/APIReference/API_CreateStack.html\" target=\"_blank\">AWS documentation for CreateStack</a>','icons/aws_16.png','<function command_type=\"aws_cfn_CreateStack\">\n<aws_region input_type=\"text\" label=\"AWS Region\" hr_after=\"true\" />\n    <DisableRollback input_type=\"text\"/>\n    <NotificationARNs>\n        <member.N is_array=\"true\">\n            <member input_type=\"text\"/>\n        </member.N>\n    </NotificationARNs>\n    <Parameters>\n        <member.N is_array=\"true\">\n            <member input_type=\"text\"/>\n        </member.N>\n    </Parameters>\n    <StackName input_type=\"text\"/>\n    <TemplateBody input_type=\"text\"/>\n    <TemplateURL input_type=\"text\"/>\n    <TimeoutInMinutes input_type=\"text\"/>\n    <result_name input_type=\"text\"/>\n</function>\n');
INSERT INTO `lu_task_step_function` (`function_name`, `function_label`, `category_name`, `sort_order`, `description`, `help`, `icon`, `xml_template`) VALUES ('aws_cfn_DeleteStack','DeleteStack','aws_cfn','170.00','','<a href=\"http://docs.amazonwebservices.com/AWSCloudFormation/latest/APIReference/API_DeleteStack.html\" target=\"_blank\">AWS documentation for DeleteStack</a>','icons/aws_16.png','<function command_type=\"aws_cfn_DeleteStack\">\n<aws_region input_type=\"text\" label=\"AWS Region\" hr_after=\"true\" />\n    <StackName input_type=\"text\"/>\n    <result_name input_type=\"text\"/>\n</function>\n');
INSERT INTO `lu_task_step_function` (`function_name`, `function_label`, `category_name`, `sort_order`, `description`, `help`, `icon`, `xml_template`) VALUES ('aws_cfn_DescribeStackEvents','DescribeStackEvents','aws_cfn','171.00','','<a href=\"http://docs.amazonwebservices.com/AWSCloudFormation/latest/APIReference/API_DescribeStackEvents.html\" target=\"_blank\">AWS documentation for DescribeStackEvents</a>','icons/aws_16.png','<function command_type=\"aws_cfn_DescribeStackEvents\">\n<aws_region input_type=\"text\" label=\"AWS Region\" hr_after=\"true\" />\n    <NextToken input_type=\"text\"/>\n    <StackName input_type=\"text\"/>\n    <result_name input_type=\"text\"/>\n</function>\n');
INSERT INTO `lu_task_step_function` (`function_name`, `function_label`, `category_name`, `sort_order`, `description`, `help`, `icon`, `xml_template`) VALUES ('aws_cfn_DescribeStackResources','DescribeStackResources','aws_cfn','172.00','','<a href=\"http://docs.amazonwebservices.com/AWSCloudFormation/latest/APIReference/API_DescribeStackResources.html\" target=\"_blank\">AWS documentation for DescribeStackResources</a>','icons/aws_16.png','<function command_type=\"aws_cfn_DescribeStackResources\">\n<aws_region input_type=\"text\" label=\"AWS Region\" hr_after=\"true\" />\n    <LogicalResourceId input_type=\"text\"/>\n    <PhysicalResourceId input_type=\"text\"/>\n    <StackName input_type=\"text\"/>\n    <result_name input_type=\"text\"/>\n</function>\n');
INSERT INTO `lu_task_step_function` (`function_name`, `function_label`, `category_name`, `sort_order`, `description`, `help`, `icon`, `xml_template`) VALUES ('aws_cfn_DescribeStacks','DescribeStacks','aws_cfn','173.00','','<a href=\"http://docs.amazonwebservices.com/AWSCloudFormation/latest/APIReference/API_DescribeStacks.html\" target=\"_blank\">AWS documentation for DescribeStacks</a>','icons/aws_16.png','<function command_type=\"aws_cfn_DescribeStacks\">\n<aws_region input_type=\"text\" label=\"AWS Region\" hr_after=\"true\" />\n    <StackName input_type=\"text\"/>\n    <result_name input_type=\"text\"/>\n</function>\n');
INSERT INTO `lu_task_step_function` (`function_name`, `function_label`, `category_name`, `sort_order`, `description`, `help`, `icon`, `xml_template`) VALUES ('aws_cfn_GetTemplate','GetTemplate','aws_cfn','174.00','','<a href=\"http://docs.amazonwebservices.com/AWSCloudFormation/latest/APIReference/API_GetTemplate.html\" target=\"_blank\">AWS documentation for GetTemplate</a>','icons/aws_16.png','<function command_type=\"aws_cfn_GetTemplate\">\n<aws_region input_type=\"text\" label=\"AWS Region\" hr_after=\"true\" />\n    <StackName input_type=\"text\"/>\n    <result_name input_type=\"text\"/>\n</function>\n');
INSERT INTO `lu_task_step_function` (`function_name`, `function_label`, `category_name`, `sort_order`, `description`, `help`, `icon`, `xml_template`) VALUES ('aws_cfn_ValidateTemplate','ValidateTemplate','aws_cfn','175.00','','<a href=\"http://docs.amazonwebservices.com/AWSCloudFormation/latest/APIReference/API_ValidateTemplate.html\" target=\"_blank\">AWS documentation for ValidateTemplate</a>','icons/aws_16.png','<function command_type=\"aws_cfn_ValidateTemplate\">\n<aws_region input_type=\"text\" label=\"AWS Region\" hr_after=\"true\" />\n    <TemplateBody input_type=\"text\"/>\n    <TemplateURL input_type=\"text\"/>\n    <result_name input_type=\"text\"/>\n</function>\n');
INSERT INTO `lu_task_step_function` (`function_name`, `function_label`, `category_name`, `sort_order`, `description`, `help`, `icon`, `xml_template`) VALUES ('aws_cw_DeleteAlarms','DeleteAlarms','aws_cw','304.00','','<a href=\"http://docs.amazonwebservices.com/AmazonCloudWatch/latest/APIReference/API_DeleteAlarms.html\" target=\"_blank\">AWS documentation for DeleteAlarms</a>','icons/aws_16.png','<function command_type=\"aws_cw_DeleteAlarms\">\n<aws_region input_type=\"text\" label=\"AWS Region\" hr_after=\"true\" />\n    <AlarmNames>\n        <member.N is_array=\"true\">\n            <member input_type=\"text\"/>\n        </member.N>\n    </AlarmNames>\n    <result_name input_type=\"text\"/>\n</function>\n');
INSERT INTO `lu_task_step_function` (`function_name`, `function_label`, `category_name`, `sort_order`, `description`, `help`, `icon`, `xml_template`) VALUES ('aws_cw_DescribeAlarmHistory','DescribeAlarmHistory','aws_cw','305.00','','<a href=\"http://docs.amazonwebservices.com/AmazonCloudWatch/latest/APIReference/API_DescribeAlarmHistory.html\" target=\"_blank\">AWS documentation for DescribeAlarmHistory</a>','icons/aws_16.png','<function command_type=\"aws_cw_DescribeAlarmHistory\">\n<aws_region input_type=\"text\" label=\"AWS Region\" hr_after=\"true\" />\n    <AlarmName input_type=\"text\"/>\n    <EndDate input_type=\"text\"/>\n    <HistoryItemType input_type=\"text\"/>\n    <MaxRecords input_type=\"text\"/>\n    <NextToken input_type=\"text\"/>\n    <StartDate input_type=\"text\"/>\n    <result_name input_type=\"text\"/>\n</function>\n');
INSERT INTO `lu_task_step_function` (`function_name`, `function_label`, `category_name`, `sort_order`, `description`, `help`, `icon`, `xml_template`) VALUES ('aws_cw_DescribeAlarms','DescribeAlarms','aws_cw','306.00','','<a href=\"http://docs.amazonwebservices.com/AmazonCloudWatch/latest/APIReference/API_DescribeAlarms.html\" target=\"_blank\">AWS documentation for DescribeAlarms</a>','icons/aws_16.png','<function command_type=\"aws_cw_DescribeAlarms\">\n<aws_region input_type=\"text\" label=\"AWS Region\" hr_after=\"true\" />\n    <ActionPrefix input_type=\"text\"/>\n    <AlarmNamePrefix input_type=\"text\"/>\n    <AlarmNames>\n        <member.N is_array=\"true\">\n            <member input_type=\"text\"/>\n        </member.N>\n    </AlarmNames>\n    <MaxRecords input_type=\"text\"/>\n    <NextToken input_type=\"text\"/>\n    <StateValue input_type=\"text\"/>\n    <result_name input_type=\"text\"/>\n</function>\n');
INSERT INTO `lu_task_step_function` (`function_name`, `function_label`, `category_name`, `sort_order`, `description`, `help`, `icon`, `xml_template`) VALUES ('aws_cw_DescribeAlarmsForMetric','DescribeAlarmsForMetric','aws_cw','307.00','','<a href=\"http://docs.amazonwebservices.com/AmazonCloudWatch/latest/APIReference/API_DescribeAlarmsForMetric.html\" target=\"_blank\">AWS documentation for DescribeAlarmsForMetric</a>','icons/aws_16.png','<function command_type=\"aws_cw_DescribeAlarmsForMetric\">\n<aws_region input_type=\"text\" label=\"AWS Region\" hr_after=\"true\" />\n    <Dimensions>\n        <member.N is_array=\"true\">\n            <member input_type=\"text\"/>\n        </member.N>\n    </Dimensions>\n    <MetricName input_type=\"text\"/>\n    <Namespace input_type=\"text\"/>\n    <Period input_type=\"text\"/>\n    <Statistic input_type=\"text\"/>\n    <Unit input_type=\"text\"/>\n    <result_name input_type=\"text\"/>\n</function>\n');
INSERT INTO `lu_task_step_function` (`function_name`, `function_label`, `category_name`, `sort_order`, `description`, `help`, `icon`, `xml_template`) VALUES ('aws_cw_DisableAlarmActions','DisableAlarmActions','aws_cw','308.00','','<a href=\"http://docs.amazonwebservices.com/AmazonCloudWatch/latest/APIReference/API_DisableAlarmActions.html\" target=\"_blank\">AWS documentation for DisableAlarmActions</a>','icons/aws_16.png','<function command_type=\"aws_cw_DisableAlarmActions\">\n<aws_region input_type=\"text\" label=\"AWS Region\" hr_after=\"true\" />\n    <AlarmNames>\n        <member.N is_array=\"true\">\n            <member input_type=\"text\"/>\n        </member.N>\n    </AlarmNames>\n    <result_name input_type=\"text\"/>\n</function>\n');
INSERT INTO `lu_task_step_function` (`function_name`, `function_label`, `category_name`, `sort_order`, `description`, `help`, `icon`, `xml_template`) VALUES ('aws_cw_EnableAlarmActions','EnableAlarmActions','aws_cw','309.00','','<a href=\"http://docs.amazonwebservices.com/AmazonCloudWatch/latest/APIReference/API_EnableAlarmActions.html\" target=\"_blank\">AWS documentation for EnableAlarmActions</a>','icons/aws_16.png','<function command_type=\"aws_cw_EnableAlarmActions\">\n<aws_region input_type=\"text\" label=\"AWS Region\" hr_after=\"true\" />\n    <AlarmNames>\n        <member.N is_array=\"true\">\n            <member input_type=\"text\"/>\n        </member.N>\n    </AlarmNames>\n    <result_name input_type=\"text\"/>\n</function>\n');
INSERT INTO `lu_task_step_function` (`function_name`, `function_label`, `category_name`, `sort_order`, `description`, `help`, `icon`, `xml_template`) VALUES ('aws_cw_GetMetricStatistics','GetMetricStatistics','aws_cw','310.00','','<a href=\"http://docs.amazonwebservices.com/AmazonCloudWatch/latest/APIReference/API_GetMetricStatistics.html\" target=\"_blank\">AWS documentation for GetMetricStatistics</a>','icons/aws_16.png','<function command_type=\"aws_cw_GetMetricStatistics\">\n<aws_region input_type=\"text\" label=\"AWS Region\" hr_after=\"true\" />\n    <Dimensions>\n        <member.N is_array=\"true\">\n            <member input_type=\"text\"/>\n        </member.N>\n    </Dimensions>\n    <EndTime input_type=\"text\"/>\n    <MetricName input_type=\"text\"/>\n    <Namespace input_type=\"text\"/>\n    <Period input_type=\"text\"/>\n    <StartTime input_type=\"text\"/>\n    <Statistics>\n        <member.N is_array=\"true\">\n            <member input_type=\"text\"/>\n        </member.N>\n    </Statistics>\n    <Unit input_type=\"text\"/>\n    <result_name input_type=\"text\"/>\n</function>\n');
INSERT INTO `lu_task_step_function` (`function_name`, `function_label`, `category_name`, `sort_order`, `description`, `help`, `icon`, `xml_template`) VALUES ('aws_cw_ListMetrics','ListMetrics','aws_cw','311.00','','<a href=\"http://docs.amazonwebservices.com/AmazonCloudWatch/latest/APIReference/API_ListMetrics.html\" target=\"_blank\">AWS documentation for ListMetrics</a>','icons/aws_16.png','<function command_type=\"aws_cw_ListMetrics\">\n<aws_region input_type=\"text\" label=\"AWS Region\" hr_after=\"true\" />\n    <Dimensions>\n        <member.N is_array=\"true\">\n            <member input_type=\"text\"/>\n        </member.N>\n    </Dimensions>\n    <MetricName input_type=\"text\"/>\n    <Namespace input_type=\"text\"/>\n    <NextToken input_type=\"text\"/>\n    <result_name input_type=\"text\"/>\n</function>\n');
INSERT INTO `lu_task_step_function` (`function_name`, `function_label`, `category_name`, `sort_order`, `description`, `help`, `icon`, `xml_template`) VALUES ('aws_cw_PutMetricAlarm','PutMetricAlarm','aws_cw','312.00','','<a href=\"http://docs.amazonwebservices.com/AmazonCloudWatch/latest/APIReference/API_PutMetricAlarm.html\" target=\"_blank\">AWS documentation for PutMetricAlarm</a>','icons/aws_16.png','<function command_type=\"aws_cw_PutMetricAlarm\">\n<aws_region input_type=\"text\" label=\"AWS Region\" hr_after=\"true\" />\n    <ActionsEnabled input_type=\"text\"/>\n    <AlarmActions>\n        <member.N is_array=\"true\">\n            <member input_type=\"text\"/>\n        </member.N>\n    </AlarmActions>\n    <AlarmDescription input_type=\"text\"/>\n    <AlarmName input_type=\"text\"/>\n    <ComparisonOperator input_type=\"text\"/>\n    <Dimensions>\n        <member.N is_array=\"true\">\n            <member input_type=\"text\"/>\n        </member.N>\n    </Dimensions>\n    <EvaluationPeriods input_type=\"text\"/>\n    <InsufficientDataActions>\n        <member.N is_array=\"true\">\n            <member input_type=\"text\"/>\n        </member.N>\n    </InsufficientDataActions>\n    <MetricName input_type=\"text\"/>\n    <Namespace input_type=\"text\"/>\n    <OKActions>\n        <member.N is_array=\"true\">\n            <member input_type=\"text\"/>\n        </member.N>\n    </OKActions>\n    <Period input_type=\"text\"/>\n    <Statistic input_type=\"text\"/>\n    <Threshold input_type=\"text\"/>\n    <Unit input_type=\"text\"/>\n    <result_name input_type=\"text\"/>\n</function>\n');
INSERT INTO `lu_task_step_function` (`function_name`, `function_label`, `category_name`, `sort_order`, `description`, `help`, `icon`, `xml_template`) VALUES ('aws_cw_SetAlarmState','SetAlarmState','aws_cw','313.00','','<a href=\"http://docs.amazonwebservices.com/AmazonCloudWatch/latest/APIReference/API_SetAlarmState.html\" target=\"_blank\">AWS documentation for SetAlarmState</a>','icons/aws_16.png','<function command_type=\"aws_cw_SetAlarmState\">\n<aws_region input_type=\"text\" label=\"AWS Region\" hr_after=\"true\" />\n    <AlarmName input_type=\"text\"/>\n    <StateReason input_type=\"text\"/>\n    <StateReasonData input_type=\"text\"/>\n    <StateValue input_type=\"text\"/>\n    <result_name input_type=\"text\"/>\n</function>\n');
INSERT INTO `lu_task_step_function` (`function_name`, `function_label`, `category_name`, `sort_order`, `description`, `help`, `icon`, `xml_template`) VALUES ('aws_ebs_CheckDNSAvailability','CheckDNSAvailability','aws_ebs','141.00','','<a href=\"http://docs.amazonwebservices.com/elasticbeanstalk/latest/api/API_CheckDNSAvailability.html\" target=\"_blank\">AWS documentation for CheckDNSAvailability</a>','icons/aws_16.png','<function command_type=\"aws_ebs_CheckDNSAvailability\">\n<aws_region input_type=\"text\" label=\"AWS Region\" hr_after=\"true\" />\n    <CNAMEPrefix input_type=\"text\"/>\n    <result_name input_type=\"text\"/>\n</function>\n');
INSERT INTO `lu_task_step_function` (`function_name`, `function_label`, `category_name`, `sort_order`, `description`, `help`, `icon`, `xml_template`) VALUES ('aws_ebs_CreateApplication','CreateApplication','aws_ebs','142.00','','<a href=\"http://docs.amazonwebservices.com/elasticbeanstalk/latest/api/API_CreateApplication.html\" target=\"_blank\">AWS documentation for CreateApplication</a>','icons/aws_16.png','<function command_type=\"aws_ebs_CreateApplication\">\n<aws_region input_type=\"text\" label=\"AWS Region\" hr_after=\"true\" />\n    <ApplicationName input_type=\"text\"/>\n    <Description input_type=\"text\"/>\n    <result_name input_type=\"text\"/>\n</function>\n');
INSERT INTO `lu_task_step_function` (`function_name`, `function_label`, `category_name`, `sort_order`, `description`, `help`, `icon`, `xml_template`) VALUES ('aws_ebs_CreateApplicationVersion','CreateApplicationVersion','aws_ebs','143.00','','<a href=\"http://docs.amazonwebservices.com/elasticbeanstalk/latest/api/API_CreateApplicationVersion.html\" target=\"_blank\">AWS documentation for CreateApplicationVersion</a>','icons/aws_16.png','<function command_type=\"aws_ebs_CreateApplicationVersion\">\n<aws_region input_type=\"text\" label=\"AWS Region\" hr_after=\"true\" />\n    <ApplicationName input_type=\"text\"/>\n    <AutoCreateApplication input_type=\"text\"/>\n    <Description input_type=\"text\"/>\n    <SourceBundle input_type=\"text\"/>\n    <VersionLabel input_type=\"text\"/>\n    <result_name input_type=\"text\"/>\n</function>\n');
INSERT INTO `lu_task_step_function` (`function_name`, `function_label`, `category_name`, `sort_order`, `description`, `help`, `icon`, `xml_template`) VALUES ('aws_ebs_CreateConfigurationTemplate','CreateConfigurationTemplate','aws_ebs','144.00','','<a href=\"http://docs.amazonwebservices.com/elasticbeanstalk/latest/api/API_CreateConfigurationTemplate.html\" target=\"_blank\">AWS documentation for CreateConfigurationTemplate</a>','icons/aws_16.png','<function command_type=\"aws_ebs_CreateConfigurationTemplate\">\n<aws_region input_type=\"text\" label=\"AWS Region\" hr_after=\"true\" />\n    <ApplicationName input_type=\"text\"/>\n    <Description input_type=\"text\"/>\n    <EnvironmentId input_type=\"text\"/>\n    <OptionSettings>\n        <member.N is_array=\"true\">\n            <member input_type=\"text\"/>\n        </member.N>\n    </OptionSettings>\n    <SolutionStackName input_type=\"text\"/>\n    <SourceConfiguration input_type=\"text\"/>\n    <TemplateName input_type=\"text\"/>\n    <result_name input_type=\"text\"/>\n</function>\n');
INSERT INTO `lu_task_step_function` (`function_name`, `function_label`, `category_name`, `sort_order`, `description`, `help`, `icon`, `xml_template`) VALUES ('aws_ebs_CreateEnvironment','CreateEnvironment','aws_ebs','145.00','','<a href=\"http://docs.amazonwebservices.com/elasticbeanstalk/latest/api/API_CreateEnvironment.html\" target=\"_blank\">AWS documentation for CreateEnvironment</a>','icons/aws_16.png','<function command_type=\"aws_ebs_CreateEnvironment\">\n<aws_region input_type=\"text\" label=\"AWS Region\" hr_after=\"true\" />\n    <ApplicationName input_type=\"text\"/>\n    <CNAMEPrefix input_type=\"text\"/>\n    <Description input_type=\"text\"/>\n    <EnvironmentName input_type=\"text\"/>\n    <OptionSettings>\n        <member.N is_array=\"true\">\n            <member input_type=\"text\"/>\n        </member.N>\n    </OptionSettings>\n    <OptionsToRemove>\n        <member.N is_array=\"true\">\n            <member input_type=\"text\"/>\n        </member.N>\n    </OptionsToRemove>\n    <SolutionStackName input_type=\"text\"/>\n    <TemplateName input_type=\"text\"/>\n    <VersionLabel input_type=\"text\"/>\n    <result_name input_type=\"text\"/>\n</function>\n');
INSERT INTO `lu_task_step_function` (`function_name`, `function_label`, `category_name`, `sort_order`, `description`, `help`, `icon`, `xml_template`) VALUES ('aws_ebs_CreateStorageLocation','CreateStorageLocation','aws_ebs','146.00','','<a href=\"http://docs.amazonwebservices.com/elasticbeanstalk/latest/api/API_CreateStorageLocation.html\" target=\"_blank\">AWS documentation for CreateStorageLocation</a>','icons/aws_16.png','<function command_type=\"aws_ebs_CreateStorageLocation\">\n<aws_region input_type=\"text\" label=\"AWS Region\" hr_after=\"true\" />\n    <result_name input_type=\"text\"/>\n</function>\n');
INSERT INTO `lu_task_step_function` (`function_name`, `function_label`, `category_name`, `sort_order`, `description`, `help`, `icon`, `xml_template`) VALUES ('aws_ebs_DeleteApplication','DeleteApplication','aws_ebs','147.00','','<a href=\"http://docs.amazonwebservices.com/elasticbeanstalk/latest/api/API_DeleteApplication.html\" target=\"_blank\">AWS documentation for DeleteApplication</a>','icons/aws_16.png','<function command_type=\"aws_ebs_DeleteApplication\">\n<aws_region input_type=\"text\" label=\"AWS Region\" hr_after=\"true\" />\n    <ApplicationName input_type=\"text\"/>\n    <result_name input_type=\"text\"/>\n</function>\n');
INSERT INTO `lu_task_step_function` (`function_name`, `function_label`, `category_name`, `sort_order`, `description`, `help`, `icon`, `xml_template`) VALUES ('aws_ebs_DeleteApplicationVersion','DeleteApplicationVersion','aws_ebs','148.00','','<a href=\"http://docs.amazonwebservices.com/elasticbeanstalk/latest/api/API_DeleteApplicationVersion.html\" target=\"_blank\">AWS documentation for DeleteApplicationVersion</a>','icons/aws_16.png','<function command_type=\"aws_ebs_DeleteApplicationVersion\">\n<aws_region input_type=\"text\" label=\"AWS Region\" hr_after=\"true\" />\n    <ApplicationName input_type=\"text\"/>\n    <DeleteSourceBundle input_type=\"text\"/>\n    <VersionLabel input_type=\"text\"/>\n    <result_name input_type=\"text\"/>\n</function>\n');
INSERT INTO `lu_task_step_function` (`function_name`, `function_label`, `category_name`, `sort_order`, `description`, `help`, `icon`, `xml_template`) VALUES ('aws_ebs_DeleteConfigurationTemplate','DeleteConfigurationTemplate','aws_ebs','149.00','','<a href=\"http://docs.amazonwebservices.com/elasticbeanstalk/latest/api/API_DeleteConfigurationTemplate.html\" target=\"_blank\">AWS documentation for DeleteConfigurationTemplate</a>','icons/aws_16.png','<function command_type=\"aws_ebs_DeleteConfigurationTemplate\">\n<aws_region input_type=\"text\" label=\"AWS Region\" hr_after=\"true\" />\n    <ApplicationName input_type=\"text\"/>\n    <TemplateName input_type=\"text\"/>\n    <result_name input_type=\"text\"/>\n</function>\n');
INSERT INTO `lu_task_step_function` (`function_name`, `function_label`, `category_name`, `sort_order`, `description`, `help`, `icon`, `xml_template`) VALUES ('aws_ebs_DeleteEnvironmentConfiguration','DeleteEnvironmentConfiguration','aws_ebs','150.00','','<a href=\"http://docs.amazonwebservices.com/elasticbeanstalk/latest/api/API_DeleteEnvironmentConfiguration.html\" target=\"_blank\">AWS documentation for DeleteEnvironmentConfiguration</a>','icons/aws_16.png','<function command_type=\"aws_ebs_DeleteEnvironmentConfiguration\">\n<aws_region input_type=\"text\" label=\"AWS Region\" hr_after=\"true\" />\n    <ApplicationName input_type=\"text\"/>\n    <EnvironmentName input_type=\"text\"/>\n    <result_name input_type=\"text\"/>\n</function>\n');
INSERT INTO `lu_task_step_function` (`function_name`, `function_label`, `category_name`, `sort_order`, `description`, `help`, `icon`, `xml_template`) VALUES ('aws_ebs_DescribeApplications','DescribeApplications','aws_ebs','152.00','','<a href=\"http://docs.amazonwebservices.com/elasticbeanstalk/latest/api/API_DescribeApplications.html\" target=\"_blank\">AWS documentation for DescribeApplications</a>','icons/aws_16.png','<function command_type=\"aws_ebs_DescribeApplications\">\n<aws_region input_type=\"text\" label=\"AWS Region\" hr_after=\"true\" />\n    <ApplicationNames>\n        <member.N is_array=\"true\">\n            <member input_type=\"text\"/>\n        </member.N>\n    </ApplicationNames>\n    <result_name input_type=\"text\"/>\n</function>\n');
INSERT INTO `lu_task_step_function` (`function_name`, `function_label`, `category_name`, `sort_order`, `description`, `help`, `icon`, `xml_template`) VALUES ('aws_ebs_DescribeApplicationVersions','DescribeApplicationVersions','aws_ebs','151.00','','<a href=\"http://docs.amazonwebservices.com/elasticbeanstalk/latest/api/API_DescribeApplicationVersions.html\" target=\"_blank\">AWS documentation for DescribeApplicationVersions</a>','icons/aws_16.png','<function command_type=\"aws_ebs_DescribeApplicationVersions\">\n<aws_region input_type=\"text\" label=\"AWS Region\" hr_after=\"true\" />\n    <ApplicationName input_type=\"text\"/>\n    <VersionLabels>\n        <member.N is_array=\"true\">\n            <member input_type=\"text\"/>\n        </member.N>\n    </VersionLabels>\n    <result_name input_type=\"text\"/>\n</function>\n');
INSERT INTO `lu_task_step_function` (`function_name`, `function_label`, `category_name`, `sort_order`, `description`, `help`, `icon`, `xml_template`) VALUES ('aws_ebs_DescribeConfigurationOptions','DescribeConfigurationOptions','aws_ebs','153.00','','<a href=\"http://docs.amazonwebservices.com/elasticbeanstalk/latest/api/API_DescribeConfigurationOptions.html\" target=\"_blank\">AWS documentation for DescribeConfigurationOptions</a>','icons/aws_16.png','<function command_type=\"aws_ebs_DescribeConfigurationOptions\">\n<aws_region input_type=\"text\" label=\"AWS Region\" hr_after=\"true\" />\n    <ApplicationName input_type=\"text\"/>\n    <EnvironmentName input_type=\"text\"/>\n    <Options>\n        <member.N is_array=\"true\">\n            <member input_type=\"text\"/>\n        </member.N>\n    </Options>\n    <SolutionStackName input_type=\"text\"/>\n    <TemplateName input_type=\"text\"/>\n    <result_name input_type=\"text\"/>\n</function>\n');
INSERT INTO `lu_task_step_function` (`function_name`, `function_label`, `category_name`, `sort_order`, `description`, `help`, `icon`, `xml_template`) VALUES ('aws_ebs_DescribeConfigurationSettings','DescribeConfigurationSettings','aws_ebs','154.00','','<a href=\"http://docs.amazonwebservices.com/elasticbeanstalk/latest/api/API_DescribeConfigurationSettings.html\" target=\"_blank\">AWS documentation for DescribeConfigurationSettings</a>','icons/aws_16.png','<function command_type=\"aws_ebs_DescribeConfigurationSettings\">\n<aws_region input_type=\"text\" label=\"AWS Region\" hr_after=\"true\" />\n    <ApplicationName input_type=\"text\"/>\n    <EnvironmentName input_type=\"text\"/>\n    <TemplateName input_type=\"text\"/>\n    <result_name input_type=\"text\"/>\n</function>\n');
INSERT INTO `lu_task_step_function` (`function_name`, `function_label`, `category_name`, `sort_order`, `description`, `help`, `icon`, `xml_template`) VALUES ('aws_ebs_DescribeEnvironmentResources','DescribeEnvironmentResources','aws_ebs','155.00','','<a href=\"http://docs.amazonwebservices.com/elasticbeanstalk/latest/api/API_DescribeEnvironmentResources.html\" target=\"_blank\">AWS documentation for DescribeEnvironmentResources</a>','icons/aws_16.png','<function command_type=\"aws_ebs_DescribeEnvironmentResources\">\n<aws_region input_type=\"text\" label=\"AWS Region\" hr_after=\"true\" />\n    <EnvironmentId input_type=\"text\"/>\n    <EnvironmentName input_type=\"text\"/>\n    <result_name input_type=\"text\"/>\n</function>\n');
INSERT INTO `lu_task_step_function` (`function_name`, `function_label`, `category_name`, `sort_order`, `description`, `help`, `icon`, `xml_template`) VALUES ('aws_ebs_DescribeEnvironments','DescribeEnvironments','aws_ebs','156.00','','<a href=\"http://docs.amazonwebservices.com/elasticbeanstalk/latest/api/API_DescribeEnvironments.html\" target=\"_blank\">AWS documentation for DescribeEnvironments</a>','icons/aws_16.png','<function command_type=\"aws_ebs_DescribeEnvironments\">\n<aws_region input_type=\"text\" label=\"AWS Region\" hr_after=\"true\" />\n    <ApplicationName input_type=\"text\"/>\n    <EnvironmentIds>\n        <member.N is_array=\"true\">\n            <member input_type=\"text\"/>\n        </member.N>\n    </EnvironmentIds>\n    <EnvironmentNames>\n        <member.N is_array=\"true\">\n            <member input_type=\"text\"/>\n        </member.N>\n    </EnvironmentNames>\n    <IncludeDeleted input_type=\"text\"/>\n    <IncludedDeletedBackTo input_type=\"text\"/>\n    <VersionLabel input_type=\"text\"/>\n    <result_name input_type=\"text\"/>\n</function>\n');
INSERT INTO `lu_task_step_function` (`function_name`, `function_label`, `category_name`, `sort_order`, `description`, `help`, `icon`, `xml_template`) VALUES ('aws_ebs_DescribeEvents','DescribeEvents','aws_ebs','157.00','','<a href=\"http://docs.amazonwebservices.com/elasticbeanstalk/latest/api/API_DescribeEvents.html\" target=\"_blank\">AWS documentation for DescribeEvents</a>','icons/aws_16.png','<function command_type=\"aws_ebs_DescribeEvents\">\n<aws_region input_type=\"text\" label=\"AWS Region\" hr_after=\"true\" />\n    <ApplicationName input_type=\"text\"/>\n    <EndTime input_type=\"text\"/>\n    <EnvironmentId input_type=\"text\"/>\n    <EnvironmentName input_type=\"text\"/>\n    <NextToken input_type=\"text\"/>\n    <RequestId input_type=\"text\"/>\n    <Severity input_type=\"text\"/>\n    <StartTime input_type=\"text\"/>\n    <TemplateName input_type=\"text\"/>\n    <VersionLabel input_type=\"text\"/>\n    <result_name input_type=\"text\"/>\n</function>\n');
INSERT INTO `lu_task_step_function` (`function_name`, `function_label`, `category_name`, `sort_order`, `description`, `help`, `icon`, `xml_template`) VALUES ('aws_ebs_ListAvailableSolutionStacks','ListAvailableSolutionStacks','aws_ebs','158.00','','<a href=\"http://docs.amazonwebservices.com/elasticbeanstalk/latest/api/API_ListAvailableSolutionStacks.html\" target=\"_blank\">AWS documentation for ListAvailableSolutionStacks</a>','icons/aws_16.png','<function command_type=\"aws_ebs_ListAvailableSolutionStacks\">\n<aws_region input_type=\"text\" label=\"AWS Region\" hr_after=\"true\" />\n    <result_name input_type=\"text\"/>\n</function>\n');
INSERT INTO `lu_task_step_function` (`function_name`, `function_label`, `category_name`, `sort_order`, `description`, `help`, `icon`, `xml_template`) VALUES ('aws_ebs_RebuildEnvironment','RebuildEnvironment','aws_ebs','159.00','','<a href=\"http://docs.amazonwebservices.com/elasticbeanstalk/latest/api/API_RebuildEnvironment.html\" target=\"_blank\">AWS documentation for RebuildEnvironment</a>','icons/aws_16.png','<function command_type=\"aws_ebs_RebuildEnvironment\">\n<aws_region input_type=\"text\" label=\"AWS Region\" hr_after=\"true\" />\n    <EnvironmentId input_type=\"text\"/>\n    <EnvironmentName input_type=\"text\"/>\n    <result_name input_type=\"text\"/>\n</function>\n');
INSERT INTO `lu_task_step_function` (`function_name`, `function_label`, `category_name`, `sort_order`, `description`, `help`, `icon`, `xml_template`) VALUES ('aws_ebs_RequestEnvironmentInfo','RequestEnvironmentInfo','aws_ebs','160.00','','<a href=\"http://docs.amazonwebservices.com/elasticbeanstalk/latest/api/API_RequestEnvironmentInfo.html\" target=\"_blank\">AWS documentation for RequestEnvironmentInfo</a>','icons/aws_16.png','<function command_type=\"aws_ebs_RequestEnvironmentInfo\">\n<aws_region input_type=\"text\" label=\"AWS Region\" hr_after=\"true\" />\n    <EnvironmentId input_type=\"text\"/>\n    <EnvironmentName input_type=\"text\"/>\n    <InfoType input_type=\"text\"/>\n    <result_name input_type=\"text\"/>\n</function>\n');
INSERT INTO `lu_task_step_function` (`function_name`, `function_label`, `category_name`, `sort_order`, `description`, `help`, `icon`, `xml_template`) VALUES ('aws_ebs_RestartAppServer','RestartAppServer','aws_ebs','161.00','','<a href=\"http://docs.amazonwebservices.com/elasticbeanstalk/latest/api/API_RestartAppServer.html\" target=\"_blank\">AWS documentation for RestartAppServer</a>','icons/aws_16.png','<function command_type=\"aws_ebs_RestartAppServer\">\n<aws_region input_type=\"text\" label=\"AWS Region\" hr_after=\"true\" />\n    <EnvironmentId input_type=\"text\"/>\n    <EnvironmentName input_type=\"text\"/>\n    <result_name input_type=\"text\"/>\n</function>\n');
INSERT INTO `lu_task_step_function` (`function_name`, `function_label`, `category_name`, `sort_order`, `description`, `help`, `icon`, `xml_template`) VALUES ('aws_ebs_RetrieveEnvironmentInfo','RetrieveEnvironmentInfo','aws_ebs','162.00','','<a href=\"http://docs.amazonwebservices.com/elasticbeanstalk/latest/api/API_RetrieveEnvironmentInfo.html\" target=\"_blank\">AWS documentation for RetrieveEnvironmentInfo</a>','icons/aws_16.png','<function command_type=\"aws_ebs_RetrieveEnvironmentInfo\">\n<aws_region input_type=\"text\" label=\"AWS Region\" hr_after=\"true\" />\n    <EnvironmentId input_type=\"text\"/>\n    <EnvironmentName input_type=\"text\"/>\n    <InfoType input_type=\"text\"/>\n    <result_name input_type=\"text\"/>\n</function>\n');
INSERT INTO `lu_task_step_function` (`function_name`, `function_label`, `category_name`, `sort_order`, `description`, `help`, `icon`, `xml_template`) VALUES ('aws_ebs_TerminateEnvironment','TerminateEnvironment','aws_ebs','163.00','','<a href=\"http://docs.amazonwebservices.com/elasticbeanstalk/latest/api/API_TerminateEnvironment.html\" target=\"_blank\">AWS documentation for TerminateEnvironment</a>','icons/aws_16.png','<function command_type=\"aws_ebs_TerminateEnvironment\">\n<aws_region input_type=\"text\" label=\"AWS Region\" hr_after=\"true\" />\n    <EnvironmentId input_type=\"text\"/>\n    <EnvironmentName input_type=\"text\"/>\n    <TerminateResources input_type=\"text\"/>\n    <result_name input_type=\"text\"/>\n</function>\n');
INSERT INTO `lu_task_step_function` (`function_name`, `function_label`, `category_name`, `sort_order`, `description`, `help`, `icon`, `xml_template`) VALUES ('aws_ebs_UpdateApplication','UpdateApplication','aws_ebs','164.00','','<a href=\"http://docs.amazonwebservices.com/elasticbeanstalk/latest/api/API_UpdateApplication.html\" target=\"_blank\">AWS documentation for UpdateApplication</a>','icons/aws_16.png','<function command_type=\"aws_ebs_UpdateApplication\">\n<aws_region input_type=\"text\" label=\"AWS Region\" hr_after=\"true\" />\n    <ApplicationName input_type=\"text\"/>\n    <Description input_type=\"text\"/>\n    <result_name input_type=\"text\"/>\n</function>\n');
INSERT INTO `lu_task_step_function` (`function_name`, `function_label`, `category_name`, `sort_order`, `description`, `help`, `icon`, `xml_template`) VALUES ('aws_ebs_UpdateApplicationVersion','UpdateApplicationVersion','aws_ebs','165.00','','<a href=\"http://docs.amazonwebservices.com/elasticbeanstalk/latest/api/API_UpdateApplicationVersion.html\" target=\"_blank\">AWS documentation for UpdateApplicationVersion</a>','icons/aws_16.png','<function command_type=\"aws_ebs_UpdateApplicationVersion\">\n<aws_region input_type=\"text\" label=\"AWS Region\" hr_after=\"true\" />\n    <ApplicationName input_type=\"text\"/>\n    <Description input_type=\"text\"/>\n    <VersionLabel input_type=\"text\"/>\n    <result_name input_type=\"text\"/>\n</function>\n');
INSERT INTO `lu_task_step_function` (`function_name`, `function_label`, `category_name`, `sort_order`, `description`, `help`, `icon`, `xml_template`) VALUES ('aws_ebs_UpdateConfigurationTemplate','UpdateConfigurationTemplate','aws_ebs','166.00','','<a href=\"http://docs.amazonwebservices.com/elasticbeanstalk/latest/api/API_UpdateConfigurationTemplate.html\" target=\"_blank\">AWS documentation for UpdateConfigurationTemplate</a>','icons/aws_16.png','<function command_type=\"aws_ebs_UpdateConfigurationTemplate\">\n<aws_region input_type=\"text\" label=\"AWS Region\" hr_after=\"true\" />\n    <ApplicationName input_type=\"text\"/>\n    <Description input_type=\"text\"/>\n    <OptionSettings>\n        <member.N is_array=\"true\">\n            <member input_type=\"text\"/>\n        </member.N>\n    </OptionSettings>\n    <OptionsToRemove>\n        <member.N is_array=\"true\">\n            <member input_type=\"text\"/>\n        </member.N>\n    </OptionsToRemove>\n    <TemplateName input_type=\"text\"/>\n    <result_name input_type=\"text\"/>\n</function>\n');
INSERT INTO `lu_task_step_function` (`function_name`, `function_label`, `category_name`, `sort_order`, `description`, `help`, `icon`, `xml_template`) VALUES ('aws_ebs_UpdateEnvironment','UpdateEnvironment','aws_ebs','167.00','','<a href=\"http://docs.amazonwebservices.com/elasticbeanstalk/latest/api/API_UpdateEnvironment.html\" target=\"_blank\">AWS documentation for UpdateEnvironment</a>','icons/aws_16.png','<function command_type=\"aws_ebs_UpdateEnvironment\">\n<aws_region input_type=\"text\" label=\"AWS Region\" hr_after=\"true\" />\n    <Description input_type=\"text\"/>\n    <EnvironmentId input_type=\"text\"/>\n    <EnvironmentName input_type=\"text\"/>\n    <OptionSettings>\n        <member.N is_array=\"true\">\n            <member input_type=\"text\"/>\n        </member.N>\n    </OptionSettings>\n    <OptionsToRemove>\n        <member.N is_array=\"true\">\n            <member input_type=\"text\"/>\n        </member.N>\n    </OptionsToRemove>\n    <TemplateName input_type=\"text\"/>\n    <VersionLabel input_type=\"text\"/>\n    <result_name input_type=\"text\"/>\n</function>\n');
INSERT INTO `lu_task_step_function` (`function_name`, `function_label`, `category_name`, `sort_order`, `description`, `help`, `icon`, `xml_template`) VALUES ('aws_ebs_ValidateConfigurationSettings','ValidateConfigurationSettings','aws_ebs','168.00','','<a href=\"http://docs.amazonwebservices.com/elasticbeanstalk/latest/api/API_ValidateConfigurationSettings.html\" target=\"_blank\">AWS documentation for ValidateConfigurationSettings</a>','icons/aws_16.png','<function command_type=\"aws_ebs_ValidateConfigurationSettings\">\n<aws_region input_type=\"text\" label=\"AWS Region\" hr_after=\"true\" />\n    <ApplicationName input_type=\"text\"/>\n    <EnvironmentName input_type=\"text\"/>\n    <OptionSettings>\n        <member.N is_array=\"true\">\n            <member input_type=\"text\"/>\n        </member.N>\n    </OptionSettings>\n    <TemplateName input_type=\"text\"/>\n    <result_name input_type=\"text\"/>\n</function>\n');
INSERT INTO `lu_task_step_function` (`function_name`, `function_label`, `category_name`, `sort_order`, `description`, `help`, `icon`, `xml_template`) VALUES ('aws_ec2_AllocateAddress','AllocateAddress','aws_ec2','27.00','','<a href=\"http://docs.amazonwebservices.com/AWSEC2/latest/APIReference/ApiReference-query-AllocateAddress.html\" target=\"_blank\">AWS documentation for AllocateAddress</a>','icons/aws_16.png','<function command_type=\"aws_ec2_AllocateAddress\">\n<aws_region input_type=\"text\" label=\"AWS Region\" hr_after=\"true\" />\n    <Domain input_type=\"text\"/>\n    <result_name input_type=\"text\"/>\n</function>\n');
INSERT INTO `lu_task_step_function` (`function_name`, `function_label`, `category_name`, `sort_order`, `description`, `help`, `icon`, `xml_template`) VALUES ('aws_ec2_AssociateAddress','AssociateAddress','aws_ec2','28.00','','<a href=\"http://docs.amazonwebservices.com/AWSEC2/latest/APIReference/ApiReference-query-AssociateAddress.html\" target=\"_blank\">AWS documentation for AssociateAddress</a>','icons/aws_16.png','<function command_type=\"aws_ec2_AssociateAddress\">\n<aws_region input_type=\"text\" label=\"AWS Region\" hr_after=\"true\" />\n    <PublicIp input_type=\"text\"/>\n    <InstanceId input_type=\"text\"/>\n    <AllocationId input_type=\"text\"/>\n    <result_name input_type=\"text\"/>\n</function>\n');
INSERT INTO `lu_task_step_function` (`function_name`, `function_label`, `category_name`, `sort_order`, `description`, `help`, `icon`, `xml_template`) VALUES ('aws_ec2_AttachVolume','AttachVolume','aws_ec2','29.00','','<a href=\"http://docs.amazonwebservices.com/AWSEC2/latest/APIReference/ApiReference-query-AttachVolume.html\" target=\"_blank\">AWS documentation for AttachVolume</a>','icons/aws_16.png','<function command_type=\"aws_ec2_AttachVolume\">\n<aws_region input_type=\"text\" label=\"AWS Region\" hr_after=\"true\" />\n    <VolumeId input_type=\"text\"/>\n    <InstanceId input_type=\"text\"/>\n    <Device input_type=\"text\"/>\n    <result_name input_type=\"text\"/>\n</function>\n');
INSERT INTO `lu_task_step_function` (`function_name`, `function_label`, `category_name`, `sort_order`, `description`, `help`, `icon`, `xml_template`) VALUES ('aws_ec2_AuthorizeSecurityGroupIngress','AuthorizeSecurityGroupIngress','aws_ec2','30.00','','<a href=\"http://docs.amazonwebservices.com/AWSEC2/latest/APIReference/ApiReference-query-AuthorizeSecurityGroupIngress.html\" target=\"_blank\">AWS documentation for AuthorizeSecurityGroupIngress</a>','icons/aws_16.png','<function command_type=\"aws_ec2_AuthorizeSecurityGroupIngress\">\n<aws_region input_type=\"text\" label=\"AWS Region\" hr_after=\"true\" />\n    <UserId input_type=\"text\"/>\n    <GroupId input_type=\"text\"/>\n    <GroupName input_type=\"text\"/>\n    <IpPermissions.n is_array=\"true\">\n        <IpPermissions>\n            <IpProtocol input_type=\"text\"/>\n            <FromPort input_type=\"text\"/>\n            <ToPort input_type=\"text\"/>\n            <Groups.m is_array=\"true\">\n                <Groups>\n                    <UserId input_type=\"text\"/>\n                    <GroupName input_type=\"text\"/>\n                    <GroupId input_type=\"text\"/>\n                </Groups>\n            </Groups.m>\n            <IpRanges.m is_array=\"true\">\n                <IpRanges>\n                    <CidrIp input_type=\"text\"/>\n                </IpRanges>\n            </IpRanges.m>\n        </IpPermissions>\n    </IpPermissions.n>\n    <result_name input_type=\"text\"/>\n</function>\n');
INSERT INTO `lu_task_step_function` (`function_name`, `function_label`, `category_name`, `sort_order`, `description`, `help`, `icon`, `xml_template`) VALUES ('aws_ec2_BundleInstance','BundleInstance','aws_ec2','31.00','','<a href=\"http://docs.amazonwebservices.com/AWSEC2/latest/APIReference/ApiReference-query-BundleInstance.html\" target=\"_blank\">AWS documentation for BundleInstance</a>','icons/aws_16.png','<function command_type=\"aws_ec2_BundleInstance\">\n<aws_region input_type=\"text\" label=\"AWS Region\" hr_after=\"true\" />\n    <InstanceId input_type=\"text\"/>\n    <Storage>\n        <S3>\n            <Bucket input_type=\"text\"/>\n            <Prefix input_type=\"text\"/>\n            <AWSAccessKeyId input_type=\"text\"/>\n            <UploadPolicy input_type=\"text\"/>\n            <UploadPolicySignature input_type=\"text\"/>\n        </S3>\n    </Storage>\n    <result_name input_type=\"text\"/>\n</function>\n');
INSERT INTO `lu_task_step_function` (`function_name`, `function_label`, `category_name`, `sort_order`, `description`, `help`, `icon`, `xml_template`) VALUES ('aws_ec2_CancelBundleTask','CancelBundleTask','aws_ec2','32.00','','<a href=\"http://docs.amazonwebservices.com/AWSEC2/latest/APIReference/ApiReference-query-CancelBundleTask.html\" target=\"_blank\">AWS documentation for CancelBundleTask</a>','icons/aws_16.png','<function command_type=\"aws_ec2_CancelBundleTask\">\n<aws_region input_type=\"text\" label=\"AWS Region\" hr_after=\"true\" />\n    <BundleId input_type=\"text\"/>\n    <result_name input_type=\"text\"/>\n</function>\n');
INSERT INTO `lu_task_step_function` (`function_name`, `function_label`, `category_name`, `sort_order`, `description`, `help`, `icon`, `xml_template`) VALUES ('aws_ec2_CancelConversionTask','CancelConversionTask','aws_ec2','33.00','','<a href=\"http://docs.amazonwebservices.com/AWSEC2/latest/APIReference/ApiReference-query-CancelConversionTask.html\" target=\"_blank\">AWS documentation for CancelConversionTask</a>','icons/aws_16.png','<function command_type=\"aws_ec2_CancelConversionTask\">\n<aws_region input_type=\"text\" label=\"AWS Region\" hr_after=\"true\" />\n    <ConversionTaskId input_type=\"text\"/>\n    <result_name input_type=\"text\"/>\n</function>\n');
INSERT INTO `lu_task_step_function` (`function_name`, `function_label`, `category_name`, `sort_order`, `description`, `help`, `icon`, `xml_template`) VALUES ('aws_ec2_CancelSpotInstanceRequests','CancelSpotInstanceRequests','aws_ec2','34.00','','<a href=\"http://docs.amazonwebservices.com/AWSEC2/latest/APIReference/ApiReference-query-CancelSpotInstanceRequests.html\" target=\"_blank\">AWS documentation for CancelSpotInstanceRequests</a>','icons/aws_16.png','<function command_type=\"aws_ec2_CancelSpotInstanceRequests\">\n<aws_region input_type=\"text\" label=\"AWS Region\" hr_after=\"true\" />\n    <SpotInstanceRequestId.n is_array=\"true\">\n        <SpotInstanceRequestId input_type=\"text\"/>\n    </SpotInstanceRequestId.n>\n    <result_name input_type=\"text\"/>\n</function>\n');
INSERT INTO `lu_task_step_function` (`function_name`, `function_label`, `category_name`, `sort_order`, `description`, `help`, `icon`, `xml_template`) VALUES ('aws_ec2_CreateImage','CreateImage','aws_ec2','35.00','','<a href=\"http://docs.amazonwebservices.com/AWSEC2/latest/APIReference/ApiReference-query-CreateImage.html\" target=\"_blank\">AWS documentation for CreateImage</a>','icons/aws_16.png','<function command_type=\"aws_ec2_CreateImage\">\n<aws_region input_type=\"text\" label=\"AWS Region\" hr_after=\"true\" />\n    <InstanceId input_type=\"text\"/>\n    <Name input_type=\"text\"/>\n    <Description input_type=\"text\"/>\n    <NoReboot input_type=\"text\"/>\n    <result_name input_type=\"text\"/>\n</function>\n');
INSERT INTO `lu_task_step_function` (`function_name`, `function_label`, `category_name`, `sort_order`, `description`, `help`, `icon`, `xml_template`) VALUES ('aws_ec2_CreateKeyPair','CreateKeyPair','aws_ec2','36.00','','<a href=\"http://docs.amazonwebservices.com/AWSEC2/latest/APIReference/ApiReference-query-CreateKeyPair.html\" target=\"_blank\">AWS documentation for CreateKeyPair</a>','icons/aws_16.png','<function command_type=\"aws_ec2_CreateKeyPair\">\n<aws_region input_type=\"text\" label=\"AWS Region\" hr_after=\"true\" />\n    <KeyName input_type=\"text\"/>\n    <result_name input_type=\"text\"/>\n</function>\n');
INSERT INTO `lu_task_step_function` (`function_name`, `function_label`, `category_name`, `sort_order`, `description`, `help`, `icon`, `xml_template`) VALUES ('aws_ec2_CreatePlacementGroup','CreatePlacementGroup','aws_ec2','37.00','','<a href=\"http://docs.amazonwebservices.com/AWSEC2/latest/APIReference/ApiReference-query-CreatePlacementGroup.html\" target=\"_blank\">AWS documentation for CreatePlacementGroup</a>','icons/aws_16.png','<function command_type=\"aws_ec2_CreatePlacementGroup\">\n<aws_region input_type=\"text\" label=\"AWS Region\" hr_after=\"true\" />\n    <GroupName input_type=\"text\"/>\n    <Strategy input_type=\"text\"/>\n    <result_name input_type=\"text\"/>\n</function>\n');
INSERT INTO `lu_task_step_function` (`function_name`, `function_label`, `category_name`, `sort_order`, `description`, `help`, `icon`, `xml_template`) VALUES ('aws_ec2_CreateSecurityGroup','CreateSecurityGroup','aws_ec2','38.00','','<a href=\"http://docs.amazonwebservices.com/AWSEC2/latest/APIReference/ApiReference-query-CreateSecurityGroup.html\" target=\"_blank\">AWS documentation for CreateSecurityGroup</a>','icons/aws_16.png','<function command_type=\"aws_ec2_CreateSecurityGroup\">\n<aws_region input_type=\"text\" label=\"AWS Region\" hr_after=\"true\" />\n    <GroupName input_type=\"text\"/>\n    <GroupDescription input_type=\"text\"/>\n    <VpcId input_type=\"text\"/>\n    <result_name input_type=\"text\"/>\n</function>\n');
INSERT INTO `lu_task_step_function` (`function_name`, `function_label`, `category_name`, `sort_order`, `description`, `help`, `icon`, `xml_template`) VALUES ('aws_ec2_CreateSnapshot','CreateSnapshot','aws_ec2','39.00','','<a href=\"http://docs.amazonwebservices.com/AWSEC2/latest/APIReference/ApiReference-query-CreateSnapshot.html\" target=\"_blank\">AWS documentation for CreateSnapshot</a>','icons/aws_16.png','<function command_type=\"aws_ec2_CreateSnapshot\">\n<aws_region input_type=\"text\" label=\"AWS Region\" hr_after=\"true\" />\n    <VolumeId input_type=\"text\"/>\n    <Description input_type=\"text\"/>\n    <result_name input_type=\"text\"/>\n</function>\n');
INSERT INTO `lu_task_step_function` (`function_name`, `function_label`, `category_name`, `sort_order`, `description`, `help`, `icon`, `xml_template`) VALUES ('aws_ec2_CreateSpotDatafeedSubscription','CreateSpotDatafeedSubscription','aws_ec2','40.00','','<a href=\"http://docs.amazonwebservices.com/AWSEC2/latest/APIReference/ApiReference-query-CreateSpotDatafeedSubscription.html\" target=\"_blank\">AWS documentation for CreateSpotDatafeedSubscription</a>','icons/aws_16.png','<function command_type=\"aws_ec2_CreateSpotDatafeedSubscription\">\n<aws_region input_type=\"text\" label=\"AWS Region\" hr_after=\"true\" />\n    <Bucket input_type=\"text\"/>\n    <Prefix input_type=\"text\"/>\n    <result_name input_type=\"text\"/>\n</function>\n');
INSERT INTO `lu_task_step_function` (`function_name`, `function_label`, `category_name`, `sort_order`, `description`, `help`, `icon`, `xml_template`) VALUES ('aws_ec2_CreateTags','CreateTags','aws_ec2','41.00','','<a href=\"http://docs.amazonwebservices.com/AWSEC2/latest/APIReference/ApiReference-query-CreateTags.html\" target=\"_blank\">AWS documentation for CreateTags</a>','icons/aws_16.png','<function command_type=\"aws_ec2_CreateTags\">\n<aws_region input_type=\"text\" label=\"AWS Region\" hr_after=\"true\" />\n    <ResourceId.n is_array=\"true\">\n        <ResourceId input_type=\"text\"/>\n    </ResourceId.n>\n    <Tag.n is_array=\"true\">\n        <Tag>\n            <Key input_type=\"text\"/>\n            <Value input_type=\"text\"/>\n        </Tag>\n    </Tag.n>\n    <result_name input_type=\"text\"/>\n</function>\n');
INSERT INTO `lu_task_step_function` (`function_name`, `function_label`, `category_name`, `sort_order`, `description`, `help`, `icon`, `xml_template`) VALUES ('aws_ec2_CreateVolume','CreateVolume','aws_ec2','42.00','','<a href=\"http://docs.amazonwebservices.com/AWSEC2/latest/APIReference/ApiReference-query-CreateVolume.html\" target=\"_blank\">AWS documentation for CreateVolume</a>','icons/aws_16.png','<function command_type=\"aws_ec2_CreateVolume\">\n<aws_region input_type=\"text\" label=\"AWS Region\" hr_after=\"true\" />\n    <Size input_type=\"text\"/>\n    <SnapshotId input_type=\"text\"/>\n    <AvailabilityZone input_type=\"text\"/>\n    <result_name input_type=\"text\"/>\n</function>\n');
INSERT INTO `lu_task_step_function` (`function_name`, `function_label`, `category_name`, `sort_order`, `description`, `help`, `icon`, `xml_template`) VALUES ('aws_ec2_DeleteKeyPair','DeleteKeyPair','aws_ec2','43.00','','<a href=\"http://docs.amazonwebservices.com/AWSEC2/latest/APIReference/ApiReference-query-DeleteKeyPair.html\" target=\"_blank\">AWS documentation for DeleteKeyPair</a>','icons/aws_16.png','<function command_type=\"aws_ec2_DeleteKeyPair\">\n<aws_region input_type=\"text\" label=\"AWS Region\" hr_after=\"true\" />\n    <KeyName input_type=\"text\"/>\n    <result_name input_type=\"text\"/>\n</function>\n');
INSERT INTO `lu_task_step_function` (`function_name`, `function_label`, `category_name`, `sort_order`, `description`, `help`, `icon`, `xml_template`) VALUES ('aws_ec2_DeletePlacementGroup','DeletePlacementGroup','aws_ec2','44.00','','<a href=\"http://docs.amazonwebservices.com/AWSEC2/latest/APIReference/ApiReference-query-DeletePlacementGroup.html\" target=\"_blank\">AWS documentation for DeletePlacementGroup</a>','icons/aws_16.png','<function command_type=\"aws_ec2_DeletePlacementGroup\">\n<aws_region input_type=\"text\" label=\"AWS Region\" hr_after=\"true\" />\n    <GroupName input_type=\"text\"/>\n    <result_name input_type=\"text\"/>\n</function>\n');
INSERT INTO `lu_task_step_function` (`function_name`, `function_label`, `category_name`, `sort_order`, `description`, `help`, `icon`, `xml_template`) VALUES ('aws_ec2_DeleteSecurityGroup','DeleteSecurityGroup','aws_ec2','45.00','','<a href=\"http://docs.amazonwebservices.com/AWSEC2/latest/APIReference/ApiReference-query-DeleteSecurityGroup.html\" target=\"_blank\">AWS documentation for DeleteSecurityGroup</a>','icons/aws_16.png','<function command_type=\"aws_ec2_DeleteSecurityGroup\">\n<aws_region input_type=\"text\" label=\"AWS Region\" hr_after=\"true\" />\n    <GroupName input_type=\"text\"/>\n    <GroupId input_type=\"text\"/>\n    <result_name input_type=\"text\"/>\n</function>\n');
INSERT INTO `lu_task_step_function` (`function_name`, `function_label`, `category_name`, `sort_order`, `description`, `help`, `icon`, `xml_template`) VALUES ('aws_ec2_DeleteSnapshot','DeleteSnapshot','aws_ec2','46.00','','<a href=\"http://docs.amazonwebservices.com/AWSEC2/latest/APIReference/ApiReference-query-DeleteSnapshot.html\" target=\"_blank\">AWS documentation for DeleteSnapshot</a>','icons/aws_16.png','<function command_type=\"aws_ec2_DeleteSnapshot\">\n<aws_region input_type=\"text\" label=\"AWS Region\" hr_after=\"true\" />\n    <SnapshotId input_type=\"text\"/>\n    <result_name input_type=\"text\"/>\n</function>\n');
INSERT INTO `lu_task_step_function` (`function_name`, `function_label`, `category_name`, `sort_order`, `description`, `help`, `icon`, `xml_template`) VALUES ('aws_ec2_DeleteSpotDatafeedSubscription','DeleteSpotDatafeedSubscription','aws_ec2','47.00','','<a href=\"http://docs.amazonwebservices.com/AWSEC2/latest/APIReference/ApiReference-query-DeleteSpotDatafeedSubscription.html\" target=\"_blank\">AWS documentation for DeleteSpotDatafeedSubscription</a>','icons/aws_16.png','<function command_type=\"aws_ec2_DeleteSpotDatafeedSubscription\">\n<aws_region input_type=\"text\" label=\"AWS Region\" hr_after=\"true\" />\n    <result_name input_type=\"text\"/>\n</function>\n');
INSERT INTO `lu_task_step_function` (`function_name`, `function_label`, `category_name`, `sort_order`, `description`, `help`, `icon`, `xml_template`) VALUES ('aws_ec2_DeleteTags','DeleteTags','aws_ec2','48.00','','<a href=\"http://docs.amazonwebservices.com/AWSEC2/latest/APIReference/ApiReference-query-DeleteTags.html\" target=\"_blank\">AWS documentation for DeleteTags</a>','icons/aws_16.png','<function command_type=\"aws_ec2_DeleteTags\">\n<aws_region input_type=\"text\" label=\"AWS Region\" hr_after=\"true\" />\n    <ResourceId.n is_array=\"true\">\n        <ResourceId input_type=\"text\"/>\n    </ResourceId.n>\n    <Tag.n is_array=\"true\">\n        <Tag>\n            <Key input_type=\"text\"/>\n            <Value input_type=\"text\"/>\n        </Tag>\n    </Tag.n>\n    <result_name input_type=\"text\"/>\n</function>\n');
INSERT INTO `lu_task_step_function` (`function_name`, `function_label`, `category_name`, `sort_order`, `description`, `help`, `icon`, `xml_template`) VALUES ('aws_ec2_DeleteVolume','DeleteVolume','aws_ec2','49.00','','<a href=\"http://docs.amazonwebservices.com/AWSEC2/latest/APIReference/ApiReference-query-DeleteVolume.html\" target=\"_blank\">AWS documentation for DeleteVolume</a>','icons/aws_16.png','<function command_type=\"aws_ec2_DeleteVolume\">\n<aws_region input_type=\"text\" label=\"AWS Region\" hr_after=\"true\" />\n    <VolumeId input_type=\"text\"/>\n    <result_name input_type=\"text\"/>\n</function>\n');
INSERT INTO `lu_task_step_function` (`function_name`, `function_label`, `category_name`, `sort_order`, `description`, `help`, `icon`, `xml_template`) VALUES ('aws_ec2_DeregisterImage','DeregisterImage','aws_ec2','50.00','','<a href=\"http://docs.amazonwebservices.com/AWSEC2/latest/APIReference/ApiReference-query-DeregisterImage.html\" target=\"_blank\">AWS documentation for DeregisterImage</a>','icons/aws_16.png','<function command_type=\"aws_ec2_DeregisterImage\">\n<aws_region input_type=\"text\" label=\"AWS Region\" hr_after=\"true\" />\n    <ImageId input_type=\"text\"/>\n    <result_name input_type=\"text\"/>\n</function>\n');
INSERT INTO `lu_task_step_function` (`function_name`, `function_label`, `category_name`, `sort_order`, `description`, `help`, `icon`, `xml_template`) VALUES ('aws_ec2_DescribeAddresses','DescribeAddresses','aws_ec2','51.00','','<a href=\"http://docs.amazonwebservices.com/AWSEC2/latest/APIReference/ApiReference-query-DescribeAddresses.html\" target=\"_blank\">AWS documentation for DescribeAddresses</a>','icons/aws_16.png','<function command_type=\"aws_ec2_DescribeAddresses\">\n<aws_region input_type=\"text\" label=\"AWS Region\" hr_after=\"true\" />\n    <PublicIp.n is_array=\"true\">\n        <PublicIp input_type=\"text\"/>\n    </PublicIp.n>\n    <AllocationId.n is_array=\"true\">\n        <AllocationId input_type=\"text\"/>\n    </AllocationId.n>\n    <Filter.n is_array=\"true\">\n        <Filter>\n            <Name input_type=\"text\"/>\n            <Value.m is_array=\"true\">\n                <Value input_type=\"text\"/>\n            </Value.m>\n        </Filter>\n    </Filter.n>\n    <result_name input_type=\"text\"/>\n</function>\n');
INSERT INTO `lu_task_step_function` (`function_name`, `function_label`, `category_name`, `sort_order`, `description`, `help`, `icon`, `xml_template`) VALUES ('aws_ec2_DescribeAvailabilityZones','DescribeAvailabilityZones','aws_ec2','52.00','','<a href=\"http://docs.amazonwebservices.com/AWSEC2/latest/APIReference/ApiReference-query-DescribeAvailabilityZones.html\" target=\"_blank\">AWS documentation for DescribeAvailabilityZones</a>','icons/aws_16.png','<function command_type=\"aws_ec2_DescribeAvailabilityZones\">\n<aws_region input_type=\"text\" label=\"AWS Region\" hr_after=\"true\" />\n    <ZoneName.n is_array=\"true\">\n        <ZoneName input_type=\"text\"/>\n    </ZoneName.n>\n    <Filter.n is_array=\"true\">\n        <Filter>\n            <Name input_type=\"text\"/>\n            <Value.m is_array=\"true\">\n                <Value input_type=\"text\"/>\n            </Value.m>\n        </Filter>\n    </Filter.n>\n    <result_name input_type=\"text\"/>\n</function>\n');
INSERT INTO `lu_task_step_function` (`function_name`, `function_label`, `category_name`, `sort_order`, `description`, `help`, `icon`, `xml_template`) VALUES ('aws_ec2_DescribeBundleTasks','DescribeBundleTasks','aws_ec2','53.00','','<a href=\"http://docs.amazonwebservices.com/AWSEC2/latest/APIReference/ApiReference-query-DescribeBundleTasks.html\" target=\"_blank\">AWS documentation for DescribeBundleTasks</a>','icons/aws_16.png','<function command_type=\"aws_ec2_DescribeBundleTasks\">\n<aws_region input_type=\"text\" label=\"AWS Region\" hr_after=\"true\" />\n    <BundleId.n is_array=\"true\">\n        <BundleId input_type=\"text\"/>\n    </BundleId.n>\n    <Filter.n is_array=\"true\">\n        <Filter>\n            <Name input_type=\"text\"/>\n            <Value.m is_array=\"true\">\n                <Value input_type=\"text\"/>\n            </Value.m>\n        </Filter>\n    </Filter.n>\n    <result_name input_type=\"text\"/>\n</function>\n');
INSERT INTO `lu_task_step_function` (`function_name`, `function_label`, `category_name`, `sort_order`, `description`, `help`, `icon`, `xml_template`) VALUES ('aws_ec2_DescribeConversionTasks','DescribeConversionTasks','aws_ec2','54.00','','<a href=\"http://docs.amazonwebservices.com/AWSEC2/latest/APIReference/ApiReference-query-DescribeConversionTasks.html\" target=\"_blank\">AWS documentation for DescribeConversionTasks</a>','icons/aws_16.png','<function command_type=\"aws_ec2_DescribeConversionTasks\">\n<aws_region input_type=\"text\" label=\"AWS Region\" hr_after=\"true\" />\n    <ConversionTaskId.n is_array=\"true\">\n        <ConversionTaskId input_type=\"text\"/>\n    </ConversionTaskId.n>\n    <result_name input_type=\"text\"/>\n</function>\n');
INSERT INTO `lu_task_step_function` (`function_name`, `function_label`, `category_name`, `sort_order`, `description`, `help`, `icon`, `xml_template`) VALUES ('aws_ec2_DescribeImageAttribute','DescribeImageAttribute','aws_ec2','55.00','','<a href=\"http://docs.amazonwebservices.com/AWSEC2/latest/APIReference/ApiReference-query-DescribeImageAttribute.html\" target=\"_blank\">AWS documentation for DescribeImageAttribute</a>','icons/aws_16.png','<function command_type=\"aws_ec2_DescribeImageAttribute\">\n<aws_region input_type=\"text\" label=\"AWS Region\" hr_after=\"true\" />\n    <ImageId input_type=\"text\"/>\n    <Attribute input_type=\"text\"/>\n    <result_name input_type=\"text\"/>\n</function>\n');
INSERT INTO `lu_task_step_function` (`function_name`, `function_label`, `category_name`, `sort_order`, `description`, `help`, `icon`, `xml_template`) VALUES ('aws_ec2_DescribeImages','DescribeImages','aws_ec2','56.00','','<a href=\"http://docs.amazonwebservices.com/AWSEC2/latest/APIReference/ApiReference-query-DescribeImages.html\" target=\"_blank\">AWS documentation for DescribeImages</a>','icons/aws_16.png','<function command_type=\"aws_ec2_DescribeImages\">\n<aws_region input_type=\"text\" label=\"AWS Region\" hr_after=\"true\" />\n    <ExecutableBy.n is_array=\"true\">\n        <ExecutableBy input_type=\"text\"/>\n    </ExecutableBy.n>\n    <ImageId.n is_array=\"true\">\n        <ImageId input_type=\"text\"/>\n    </ImageId.n>\n    <Owner.n is_array=\"true\">\n        <Owner input_type=\"text\"/>\n    </Owner.n>\n    <Filter.n is_array=\"true\">\n        <Filter>\n            <Name input_type=\"text\"/>\n            <Value.m is_array=\"true\">\n                <Value input_type=\"text\"/>\n            </Value.m>\n        </Filter>\n    </Filter.n>\n    <result_name input_type=\"text\"/>\n</function>\n');
INSERT INTO `lu_task_step_function` (`function_name`, `function_label`, `category_name`, `sort_order`, `description`, `help`, `icon`, `xml_template`) VALUES ('aws_ec2_DescribeInstanceAttribute','DescribeInstanceAttribute','aws_ec2','57.00','','<a href=\"http://docs.amazonwebservices.com/AWSEC2/latest/APIReference/ApiReference-query-DescribeInstanceAttribute.html\" target=\"_blank\">AWS documentation for DescribeInstanceAttribute</a>','icons/aws_16.png','<function command_type=\"aws_ec2_DescribeInstanceAttribute\">\n<aws_region input_type=\"text\" label=\"AWS Region\" hr_after=\"true\" />\n    <InstanceId input_type=\"text\"/>\n    <Attribute input_type=\"text\"/>\n    <result_name input_type=\"text\"/>\n</function>\n');
INSERT INTO `lu_task_step_function` (`function_name`, `function_label`, `category_name`, `sort_order`, `description`, `help`, `icon`, `xml_template`) VALUES ('aws_ec2_DescribeInstances','DescribeInstances','aws_ec2','58.00','','<a href=\"http://docs.amazonwebservices.com/AWSEC2/latest/APIReference/ApiReference-query-DescribeInstances.html\" target=\"_blank\">AWS documentation for DescribeInstances</a>','icons/aws_16.png','<function command_type=\"aws_ec2_DescribeInstances\">\n<aws_region input_type=\"text\" label=\"AWS Region\" hr_after=\"true\" />\n    <InstanceId.n is_array=\"true\">\n        <InstanceId input_type=\"text\"/>\n    </InstanceId.n>\n    <Filter.n is_array=\"true\">\n        <Filter>\n            <Name input_type=\"text\"/>\n            <Value.m is_array=\"true\">\n                <Value input_type=\"text\"/>\n            </Value.m>\n        </Filter>\n    </Filter.n>\n    <result_name input_type=\"text\"/>\n</function>\n');
INSERT INTO `lu_task_step_function` (`function_name`, `function_label`, `category_name`, `sort_order`, `description`, `help`, `icon`, `xml_template`) VALUES ('aws_ec2_DescribeKeyPairs','DescribeKeyPairs','aws_ec2','59.00','','<a href=\"http://docs.amazonwebservices.com/AWSEC2/latest/APIReference/ApiReference-query-DescribeKeyPairs.html\" target=\"_blank\">AWS documentation for DescribeKeyPairs</a>','icons/aws_16.png','<function command_type=\"aws_ec2_DescribeKeyPairs\">\n<aws_region input_type=\"text\" label=\"AWS Region\" hr_after=\"true\" />\n    <KeyName.n is_array=\"true\">\n        <KeyName input_type=\"text\"/>\n    </KeyName.n>\n    <Filter.n is_array=\"true\">\n        <Filter>\n            <Name input_type=\"text\"/>\n            <Value.m is_array=\"true\">\n                <Value input_type=\"text\"/>\n            </Value.m>\n        </Filter>\n    </Filter.n>\n    <result_name input_type=\"text\"/>\n</function>\n');
INSERT INTO `lu_task_step_function` (`function_name`, `function_label`, `category_name`, `sort_order`, `description`, `help`, `icon`, `xml_template`) VALUES ('aws_ec2_DescribePlacementGroups','DescribePlacementGroups','aws_ec2','60.00','','<a href=\"http://docs.amazonwebservices.com/AWSEC2/latest/APIReference/ApiReference-query-DescribePlacementGroups.html\" target=\"_blank\">AWS documentation for DescribePlacementGroups</a>','icons/aws_16.png','<function command_type=\"aws_ec2_DescribePlacementGroups\">\n<aws_region input_type=\"text\" label=\"AWS Region\" hr_after=\"true\" />\n    <GroupName.n is_array=\"true\">\n        <GroupName input_type=\"text\"/>\n    </GroupName.n>\n    <Filter.n is_array=\"true\">\n        <Filter>\n            <Name input_type=\"text\"/>\n            <Value.m is_array=\"true\">\n                <Value input_type=\"text\"/>\n            </Value.m>\n        </Filter>\n    </Filter.n>\n    <result_name input_type=\"text\"/>\n</function>\n');
INSERT INTO `lu_task_step_function` (`function_name`, `function_label`, `category_name`, `sort_order`, `description`, `help`, `icon`, `xml_template`) VALUES ('aws_ec2_DescribeRegions','DescribeRegions','aws_ec2','61.00','','<a href=\"http://docs.amazonwebservices.com/AWSEC2/latest/APIReference/ApiReference-query-DescribeRegions.html\" target=\"_blank\">AWS documentation for DescribeRegions</a>','icons/aws_16.png','<function command_type=\"aws_ec2_DescribeRegions\">\n<aws_region input_type=\"text\" label=\"AWS Region\" hr_after=\"true\" />\n    <RegionName.n is_array=\"true\">\n        <RegionName input_type=\"text\"/>\n    </RegionName.n>\n    <Filter.n is_array=\"true\">\n        <Filter>\n            <Name input_type=\"text\"/>\n            <Value.m is_array=\"true\">\n                <Value input_type=\"text\"/>\n            </Value.m>\n        </Filter>\n    </Filter.n>\n    <result_name input_type=\"text\"/>\n</function>\n');
INSERT INTO `lu_task_step_function` (`function_name`, `function_label`, `category_name`, `sort_order`, `description`, `help`, `icon`, `xml_template`) VALUES ('aws_ec2_DescribeReservedInstances','DescribeReservedInstances','aws_ec2','62.00','','<a href=\"http://docs.amazonwebservices.com/AWSEC2/latest/APIReference/ApiReference-query-DescribeReservedInstances.html\" target=\"_blank\">AWS documentation for DescribeReservedInstances</a>','icons/aws_16.png','<function command_type=\"aws_ec2_DescribeReservedInstances\">\n<aws_region input_type=\"text\" label=\"AWS Region\" hr_after=\"true\" />\n    <ReservedInstancesId.n is_array=\"true\">\n        <ReservedInstancesId input_type=\"text\"/>\n    </ReservedInstancesId.n>\n    <Filter.n is_array=\"true\">\n        <Filter>\n            <Name input_type=\"text\"/>\n            <Value.m is_array=\"true\">\n                <Value input_type=\"text\"/>\n            </Value.m>\n        </Filter>\n    </Filter.n>\n    <result_name input_type=\"text\"/>\n</function>\n');
INSERT INTO `lu_task_step_function` (`function_name`, `function_label`, `category_name`, `sort_order`, `description`, `help`, `icon`, `xml_template`) VALUES ('aws_ec2_DescribeReservedInstancesOfferings','DescribeReservedInstancesOfferings','aws_ec2','63.00','','<a href=\"http://docs.amazonwebservices.com/AWSEC2/latest/APIReference/ApiReference-query-DescribeReservedInstancesOfferings.html\" target=\"_blank\">AWS documentation for DescribeReservedInstancesOfferings</a>','icons/aws_16.png','<function command_type=\"aws_ec2_DescribeReservedInstancesOfferings\">\n<aws_region input_type=\"text\" label=\"AWS Region\" hr_after=\"true\" />\n    <ReservedInstancesOfferingId.n is_array=\"true\">\n        <ReservedInstancesOfferingId input_type=\"text\"/>\n    </ReservedInstancesOfferingId.n>\n    <InstanceType input_type=\"text\"/>\n    <AvailabilityZone input_type=\"text\"/>\n    <ProductDescription input_type=\"text\"/>\n    <Filter.n is_array=\"true\">\n        <Filter>\n            <Name input_type=\"text\"/>\n            <Value.m is_array=\"true\">\n                <Value input_type=\"text\"/>\n            </Value.m>\n        </Filter>\n    </Filter.n>\n    <instanceTenancy input_type=\"text\"/>\n    <result_name input_type=\"text\"/>\n</function>\n');
INSERT INTO `lu_task_step_function` (`function_name`, `function_label`, `category_name`, `sort_order`, `description`, `help`, `icon`, `xml_template`) VALUES ('aws_ec2_DescribeSecurityGroups','DescribeSecurityGroups','aws_ec2','64.00','','<a href=\"http://docs.amazonwebservices.com/AWSEC2/latest/APIReference/ApiReference-query-DescribeSecurityGroups.html\" target=\"_blank\">AWS documentation for DescribeSecurityGroups</a>','icons/aws_16.png','<function command_type=\"aws_ec2_DescribeSecurityGroups\">\n<aws_region input_type=\"text\" label=\"AWS Region\" hr_after=\"true\" />\n    <GroupName.n is_array=\"true\">\n        <GroupName input_type=\"text\"/>\n    </GroupName.n>\n    <GroupId.n is_array=\"true\">\n        <GroupId input_type=\"text\"/>\n    </GroupId.n>\n    <Filter.n is_array=\"true\">\n        <Filter>\n            <Name input_type=\"text\"/>\n            <Value.m is_array=\"true\">\n                <Value input_type=\"text\"/>\n            </Value.m>\n        </Filter>\n    </Filter.n>\n    <result_name input_type=\"text\"/>\n</function>\n');
INSERT INTO `lu_task_step_function` (`function_name`, `function_label`, `category_name`, `sort_order`, `description`, `help`, `icon`, `xml_template`) VALUES ('aws_ec2_DescribeSnapshotAttribute','DescribeSnapshotAttribute','aws_ec2','65.00','','<a href=\"http://docs.amazonwebservices.com/AWSEC2/latest/APIReference/ApiReference-query-DescribeSnapshotAttribute.html\" target=\"_blank\">AWS documentation for DescribeSnapshotAttribute</a>','icons/aws_16.png','<function command_type=\"aws_ec2_DescribeSnapshotAttribute\">\n<aws_region input_type=\"text\" label=\"AWS Region\" hr_after=\"true\" />\n    <SnapshotId input_type=\"text\"/>\n    <Attribute input_type=\"text\"/>\n    <result_name input_type=\"text\"/>\n</function>\n');
INSERT INTO `lu_task_step_function` (`function_name`, `function_label`, `category_name`, `sort_order`, `description`, `help`, `icon`, `xml_template`) VALUES ('aws_ec2_DescribeSnapshots','DescribeSnapshots','aws_ec2','66.00','','<a href=\"http://docs.amazonwebservices.com/AWSEC2/latest/APIReference/ApiReference-query-DescribeSnapshots.html\" target=\"_blank\">AWS documentation for DescribeSnapshots</a>','icons/aws_16.png','<function command_type=\"aws_ec2_DescribeSnapshots\">\n<aws_region input_type=\"text\" label=\"AWS Region\" hr_after=\"true\" />\n    <SnapshotId.n is_array=\"true\">\n        <SnapshotId input_type=\"text\"/>\n    </SnapshotId.n>\n    <Owner.n is_array=\"true\">\n        <Owner input_type=\"text\"/>\n    </Owner.n>\n    <RestorableBy.n is_array=\"true\">\n        <RestorableBy input_type=\"text\"/>\n    </RestorableBy.n>\n    <Filter.n is_array=\"true\">\n        <Filter>\n            <Name input_type=\"text\"/>\n            <Value.m is_array=\"true\">\n                <Value input_type=\"text\"/>\n            </Value.m>\n        </Filter>\n    </Filter.n>\n    <result_name input_type=\"text\"/>\n</function>\n');
INSERT INTO `lu_task_step_function` (`function_name`, `function_label`, `category_name`, `sort_order`, `description`, `help`, `icon`, `xml_template`) VALUES ('aws_ec2_DescribeSpotDatafeedSubscription','DescribeSpotDatafeedSubscription','aws_ec2','67.00','','<a href=\"http://docs.amazonwebservices.com/AWSEC2/latest/APIReference/ApiReference-query-DescribeSpotDatafeedSubscription.html\" target=\"_blank\">AWS documentation for DescribeSpotDatafeedSubscription</a>','icons/aws_16.png','<function command_type=\"aws_ec2_DescribeSpotDatafeedSubscription\">\n<aws_region input_type=\"text\" label=\"AWS Region\" hr_after=\"true\" />\n    <result_name input_type=\"text\"/>\n</function>\n');
INSERT INTO `lu_task_step_function` (`function_name`, `function_label`, `category_name`, `sort_order`, `description`, `help`, `icon`, `xml_template`) VALUES ('aws_ec2_DescribeSpotInstanceRequests','DescribeSpotInstanceRequests','aws_ec2','68.00','','<a href=\"http://docs.amazonwebservices.com/AWSEC2/latest/APIReference/ApiReference-query-DescribeSpotInstanceRequests.html\" target=\"_blank\">AWS documentation for DescribeSpotInstanceRequests</a>','icons/aws_16.png','<function command_type=\"aws_ec2_DescribeSpotInstanceRequests\">\n<aws_region input_type=\"text\" label=\"AWS Region\" hr_after=\"true\" />\n    <SpotInstanceRequestId.n is_array=\"true\">\n        <SpotInstanceRequestId input_type=\"text\"/>\n    </SpotInstanceRequestId.n>\n    <Filter.n is_array=\"true\">\n        <Filter>\n            <Name input_type=\"text\"/>\n            <Value.m is_array=\"true\">\n                <Value input_type=\"text\"/>\n            </Value.m>\n        </Filter>\n    </Filter.n>\n    <result_name input_type=\"text\"/>\n</function>\n');
INSERT INTO `lu_task_step_function` (`function_name`, `function_label`, `category_name`, `sort_order`, `description`, `help`, `icon`, `xml_template`) VALUES ('aws_ec2_DescribeSpotPriceHistory','DescribeSpotPriceHistory','aws_ec2','69.00','','<a href=\"http://docs.amazonwebservices.com/AWSEC2/latest/APIReference/ApiReference-query-DescribeSpotPriceHistory.html\" target=\"_blank\">AWS documentation for DescribeSpotPriceHistory</a>','icons/aws_16.png','<function command_type=\"aws_ec2_DescribeSpotPriceHistory\">\n<aws_region input_type=\"text\" label=\"AWS Region\" hr_after=\"true\" />\n    <StartTime input_type=\"text\"/>\n    <EndTime input_type=\"text\"/>\n    <InstanceType.n is_array=\"true\">\n        <InstanceType input_type=\"text\"/>\n    </InstanceType.n>\n    <ProductDescription.n is_array=\"true\">\n        <ProductDescription input_type=\"text\"/>\n    </ProductDescription.n>\n    <Filter.n is_array=\"true\">\n        <Filter>\n            <Name input_type=\"text\"/>\n            <Value.m is_array=\"true\">\n                <Value input_type=\"text\"/>\n            </Value.m>\n        </Filter>\n    </Filter.n>\n    <AvailabilityZone input_type=\"text\"/>\n    <MaxResults input_type=\"text\"/>\n    <NextToken input_type=\"text\"/>\n    <result_name input_type=\"text\"/>\n</function>\n');
INSERT INTO `lu_task_step_function` (`function_name`, `function_label`, `category_name`, `sort_order`, `description`, `help`, `icon`, `xml_template`) VALUES ('aws_ec2_DescribeTags','DescribeTags','aws_ec2','70.00','','<a href=\"http://docs.amazonwebservices.com/AWSEC2/latest/APIReference/ApiReference-query-DescribeTags.html\" target=\"_blank\">AWS documentation for DescribeTags</a>','icons/aws_16.png','<function command_type=\"aws_ec2_DescribeTags\">\n<aws_region input_type=\"text\" label=\"AWS Region\" hr_after=\"true\" />\n    <Filter.n is_array=\"true\">\n        <Filter>\n            <Name input_type=\"text\"/>\n            <Value.m is_array=\"true\">\n                <Value input_type=\"text\"/>\n            </Value.m>\n        </Filter>\n    </Filter.n>\n    <result_name input_type=\"text\"/>\n</function>\n');
INSERT INTO `lu_task_step_function` (`function_name`, `function_label`, `category_name`, `sort_order`, `description`, `help`, `icon`, `xml_template`) VALUES ('aws_ec2_DescribeVolumes','DescribeVolumes','aws_ec2','71.00','','<a href=\"http://docs.amazonwebservices.com/AWSEC2/latest/APIReference/ApiReference-query-DescribeVolumes.html\" target=\"_blank\">AWS documentation for DescribeVolumes</a>','icons/aws_16.png','<function command_type=\"aws_ec2_DescribeVolumes\">\n<aws_region input_type=\"text\" label=\"AWS Region\" hr_after=\"true\" />\n    <VolumeId.n is_array=\"true\">\n        <VolumeId input_type=\"text\"/>\n    </VolumeId.n>\n    <Filter.n is_array=\"true\">\n        <Filter>\n            <Name input_type=\"text\"/>\n            <Value.m is_array=\"true\">\n                <Value input_type=\"text\"/>\n            </Value.m>\n        </Filter>\n    </Filter.n>\n    <result_name input_type=\"text\"/>\n</function>\n');
INSERT INTO `lu_task_step_function` (`function_name`, `function_label`, `category_name`, `sort_order`, `description`, `help`, `icon`, `xml_template`) VALUES ('aws_ec2_DetachVolume','DetachVolume','aws_ec2','72.00','','<a href=\"http://docs.amazonwebservices.com/AWSEC2/latest/APIReference/ApiReference-query-DetachVolume.html\" target=\"_blank\">AWS documentation for DetachVolume</a>','icons/aws_16.png','<function command_type=\"aws_ec2_DetachVolume\">\n<aws_region input_type=\"text\" label=\"AWS Region\" hr_after=\"true\" />\n    <VolumeId input_type=\"text\"/>\n    <InstanceId input_type=\"text\"/>\n    <Device input_type=\"text\"/>\n    <Force input_type=\"text\"/>\n    <result_name input_type=\"text\"/>\n</function>\n');
INSERT INTO `lu_task_step_function` (`function_name`, `function_label`, `category_name`, `sort_order`, `description`, `help`, `icon`, `xml_template`) VALUES ('aws_ec2_DisassociateAddress','DisassociateAddress','aws_ec2','73.00','','<a href=\"http://docs.amazonwebservices.com/AWSEC2/latest/APIReference/ApiReference-query-DisassociateAddress.html\" target=\"_blank\">AWS documentation for DisassociateAddress</a>','icons/aws_16.png','<function command_type=\"aws_ec2_DisassociateAddress\">\n<aws_region input_type=\"text\" label=\"AWS Region\" hr_after=\"true\" />\n    <PublicIp input_type=\"text\"/>\n    <AssociationId input_type=\"text\"/>\n    <result_name input_type=\"text\"/>\n</function>\n');
INSERT INTO `lu_task_step_function` (`function_name`, `function_label`, `category_name`, `sort_order`, `description`, `help`, `icon`, `xml_template`) VALUES ('aws_ec2_GetPasswordData','GetPasswordData','aws_ec2','74.00','','<a href=\"http://docs.amazonwebservices.com/AWSEC2/latest/APIReference/ApiReference-query-GetPasswordData.html\" target=\"_blank\">AWS documentation for GetPasswordData</a>','icons/aws_16.png','<function command_type=\"aws_ec2_GetPasswordData\">\n<aws_region input_type=\"text\" label=\"AWS Region\" hr_after=\"true\" />\n    <InstanceId input_type=\"text\"/>\n    <result_name input_type=\"text\"/>\n</function>\n');
INSERT INTO `lu_task_step_function` (`function_name`, `function_label`, `category_name`, `sort_order`, `description`, `help`, `icon`, `xml_template`) VALUES ('aws_ec2_ImportInstance','ImportInstance','aws_ec2','75.00','','<a href=\"http://docs.amazonwebservices.com/AWSEC2/latest/APIReference/ApiReference-query-ImportInstance.html\" target=\"_blank\">AWS documentation for ImportInstance</a>','icons/aws_16.png','<function command_type=\"aws_ec2_ImportInstance\">\n<aws_region input_type=\"text\" label=\"AWS Region\" hr_after=\"true\" />\n    <Description input_type=\"text\"/>\n    <Architecture input_type=\"text\"/>\n    <SecurityGroup.n is_array=\"true\">\n        <SecurityGroup input_type=\"text\"/>\n    </SecurityGroup.n>\n    <UserData input_type=\"text\"/>\n    <InstanceType input_type=\"text\"/>\n    <Placement>\n        <AvailabilityZone input_type=\"text\"/>\n    </Placement>\n    <Monitoring>\n        <Enabled input_type=\"text\"/>\n    </Monitoring>\n    <SubnetId input_type=\"text\"/>\n    <InstanceInitiatedShutdownBehavior input_type=\"text\"/>\n    <PrivateIpAddress input_type=\"text\"/>\n    <DiskImage.n is_array=\"true\">\n        <DiskImage>\n            <Image>\n                <Format input_type=\"text\"/>\n                <Bytes input_type=\"text\"/>\n                <ImportManifestUrl input_type=\"text\"/>\n                <Description input_type=\"text\"/>\n            </Image>\n            <Volume>\n                <Size input_type=\"text\"/>\n            </Volume>\n        </DiskImage>\n    </DiskImage.n>\n    <Platform input_type=\"text\"/>\n    <result_name input_type=\"text\"/>\n</function>\n');
INSERT INTO `lu_task_step_function` (`function_name`, `function_label`, `category_name`, `sort_order`, `description`, `help`, `icon`, `xml_template`) VALUES ('aws_ec2_ImportKeyPair','ImportKeyPair','aws_ec2','76.00','','<a href=\"http://docs.amazonwebservices.com/AWSEC2/latest/APIReference/ApiReference-query-ImportKeyPair.html\" target=\"_blank\">AWS documentation for ImportKeyPair</a>','icons/aws_16.png','<function command_type=\"aws_ec2_ImportKeyPair\">\n<aws_region input_type=\"text\" label=\"AWS Region\" hr_after=\"true\" />\n    <KeyName input_type=\"text\"/>\n    <PublicKeyMaterial input_type=\"text\"/>\n    <result_name input_type=\"text\"/>\n</function>\n');
INSERT INTO `lu_task_step_function` (`function_name`, `function_label`, `category_name`, `sort_order`, `description`, `help`, `icon`, `xml_template`) VALUES ('aws_ec2_ImportVolume','ImportVolume','aws_ec2','77.00','','<a href=\"http://docs.amazonwebservices.com/AWSEC2/latest/APIReference/ApiReference-query-ImportVolume.html\" target=\"_blank\">AWS documentation for ImportVolume</a>','icons/aws_16.png','<function command_type=\"aws_ec2_ImportVolume\">\n<aws_region input_type=\"text\" label=\"AWS Region\" hr_after=\"true\" />\n    <AvailabilityZone input_type=\"text\"/>\n    <Image>\n        <Format input_type=\"text\"/>\n        <Bytes input_type=\"text\"/>\n        <ImportManifestUrl input_type=\"text\"/>\n    </Image>\n    <Description input_type=\"text\"/>\n    <Volume>\n        <Size input_type=\"text\"/>\n    </Volume>\n    <result_name input_type=\"text\"/>\n</function>\n');
INSERT INTO `lu_task_step_function` (`function_name`, `function_label`, `category_name`, `sort_order`, `description`, `help`, `icon`, `xml_template`) VALUES ('aws_ec2_ModifyImageAttribute','ModifyImageAttribute','aws_ec2','78.00','','<a href=\"http://docs.amazonwebservices.com/AWSEC2/latest/APIReference/ApiReference-query-ModifyImageAttribute.html\" target=\"_blank\">AWS documentation for ModifyImageAttribute</a>','icons/aws_16.png','<function command_type=\"aws_ec2_ModifyImageAttribute\">\n<aws_region input_type=\"text\" label=\"AWS Region\" hr_after=\"true\" />\n    <ImageId input_type=\"text\"/>\n    <LaunchPermission>\n        <Add.n is_array=\"true\">\n            <Add>\n                <UserId input_type=\"text\"/>\n                <Group input_type=\"text\"/>\n            </Add>\n        </Add.n>\n        <Remove.n is_array=\"true\">\n            <Remove>\n                <UserId input_type=\"text\"/>\n                <Group input_type=\"text\"/>\n            </Remove>\n        </Remove.n>\n    </LaunchPermission>\n    <ProductCode.n is_array=\"true\">\n        <ProductCode input_type=\"text\"/>\n    </ProductCode.n>\n    <Description>\n        <Value input_type=\"text\"/>\n    </Description>\n    <result_name input_type=\"text\"/>\n</function>\n');
INSERT INTO `lu_task_step_function` (`function_name`, `function_label`, `category_name`, `sort_order`, `description`, `help`, `icon`, `xml_template`) VALUES ('aws_ec2_ModifyInstanceAttribute','ModifyInstanceAttribute','aws_ec2','79.00','','<a href=\"http://docs.amazonwebservices.com/AWSEC2/latest/APIReference/ApiReference-query-ModifyInstanceAttribute.html\" target=\"_blank\">AWS documentation for ModifyInstanceAttribute</a>','icons/aws_16.png','<function command_type=\"aws_ec2_ModifyInstanceAttribute\">\n<aws_region input_type=\"text\" label=\"AWS Region\" hr_after=\"true\" />\n    <InstanceId input_type=\"text\"/>\n    <InstanceType>\n        <Value input_type=\"text\"/>\n    </InstanceType>\n    <Kernel>\n        <Value input_type=\"text\"/>\n    </Kernel>\n    <Ramdisk>\n        <Value input_type=\"text\"/>\n    </Ramdisk>\n    <UserData>\n        <Value input_type=\"text\"/>\n    </UserData>\n    <DisableApiTermination>\n        <Value input_type=\"text\"/>\n    </DisableApiTermination>\n    <InstanceInitiatedShutdownBehavior>\n        <Value input_type=\"text\"/>\n    </InstanceInitiatedShutdownBehavior>\n    <SourceDestCheck>\n        <Value input_type=\"text\"/>\n    </SourceDestCheck>\n    <GroupId.n is_array=\"true\">\n        <GroupId input_type=\"text\"/>\n    </GroupId.n>\n    <result_name input_type=\"text\"/>\n</function>\n');
INSERT INTO `lu_task_step_function` (`function_name`, `function_label`, `category_name`, `sort_order`, `description`, `help`, `icon`, `xml_template`) VALUES ('aws_ec2_ModifySnapshotAttribute','ModifySnapshotAttribute','aws_ec2','80.00','','<a href=\"http://docs.amazonwebservices.com/AWSEC2/latest/APIReference/ApiReference-query-ModifySnapshotAttribute.html\" target=\"_blank\">AWS documentation for ModifySnapshotAttribute</a>','icons/aws_16.png','<function command_type=\"aws_ec2_ModifySnapshotAttribute\">\n<aws_region input_type=\"text\" label=\"AWS Region\" hr_after=\"true\" />\n    <SnapshotId input_type=\"text\"/>\n    <CreateVolumePermission>\n        <Add.n is_array=\"true\">\n            <Add>\n                <UserId input_type=\"text\"/>\n                <Group input_type=\"text\"/>\n            </Add>\n        </Add.n>\n        <Remove.n is_array=\"true\">\n            <Remove>\n                <UserId input_type=\"text\"/>\n                <Group input_type=\"text\"/>\n            </Remove>\n        </Remove.n>\n    </CreateVolumePermission>\n    <result_name input_type=\"text\"/>\n</function>\n');
INSERT INTO `lu_task_step_function` (`function_name`, `function_label`, `category_name`, `sort_order`, `description`, `help`, `icon`, `xml_template`) VALUES ('aws_ec2_MonitorInstances','MonitorInstances','aws_ec2','81.00','','<a href=\"http://docs.amazonwebservices.com/AWSEC2/latest/APIReference/ApiReference-query-MonitorInstances.html\" target=\"_blank\">AWS documentation for MonitorInstances</a>','icons/aws_16.png','<function command_type=\"aws_ec2_MonitorInstances\">\n<aws_region input_type=\"text\" label=\"AWS Region\" hr_after=\"true\" />\n    <InstanceId.n is_array=\"true\">\n        <InstanceId input_type=\"text\"/>\n    </InstanceId.n>\n    <result_name input_type=\"text\"/>\n</function>\n');
INSERT INTO `lu_task_step_function` (`function_name`, `function_label`, `category_name`, `sort_order`, `description`, `help`, `icon`, `xml_template`) VALUES ('aws_ec2_PurchaseReservedInstancesOffering','PurchaseReservedInstancesOffering','aws_ec2','82.00','','<a href=\"http://docs.amazonwebservices.com/AWSEC2/latest/APIReference/ApiReference-query-PurchaseReservedInstancesOffering.html\" target=\"_blank\">AWS documentation for PurchaseReservedInstancesOffering</a>','icons/aws_16.png','<function command_type=\"aws_ec2_PurchaseReservedInstancesOffering\">\n<aws_region input_type=\"text\" label=\"AWS Region\" hr_after=\"true\" />\n    <ReservedInstancesOfferingId input_type=\"text\"/>\n    <InstanceCount input_type=\"text\"/>\n    <result_name input_type=\"text\"/>\n</function>\n');
INSERT INTO `lu_task_step_function` (`function_name`, `function_label`, `category_name`, `sort_order`, `description`, `help`, `icon`, `xml_template`) VALUES ('aws_ec2_RebootInstances','RebootInstances','aws_ec2','83.00','','<a href=\"http://docs.amazonwebservices.com/AWSEC2/latest/APIReference/ApiReference-query-RebootInstances.html\" target=\"_blank\">AWS documentation for RebootInstances</a>','icons/aws_16.png','<function command_type=\"aws_ec2_RebootInstances\">\n<aws_region input_type=\"text\" label=\"AWS Region\" hr_after=\"true\" />\n    <InstanceId.n is_array=\"true\">\n        <InstanceId input_type=\"text\"/>\n    </InstanceId.n>\n    <result_name input_type=\"text\"/>\n</function>\n');
INSERT INTO `lu_task_step_function` (`function_name`, `function_label`, `category_name`, `sort_order`, `description`, `help`, `icon`, `xml_template`) VALUES ('aws_ec2_RegisterImage','RegisterImage','aws_ec2','84.00','','<a href=\"http://docs.amazonwebservices.com/AWSEC2/latest/APIReference/ApiReference-query-RegisterImage.html\" target=\"_blank\">AWS documentation for RegisterImage</a>','icons/aws_16.png','<function command_type=\"aws_ec2_RegisterImage\">\n<aws_region input_type=\"text\" label=\"AWS Region\" hr_after=\"true\" />\n    <ImageLocation input_type=\"text\"/>\n    <Name input_type=\"text\"/>\n    <Description input_type=\"text\"/>\n    <Architecture input_type=\"text\"/>\n    <KernelId input_type=\"text\"/>\n    <RamdiskId input_type=\"text\"/>\n    <RootDeviceName input_type=\"text\"/>\n    <BlockDeviceMapping.n is_array=\"true\">\n        <BlockDeviceMapping>\n            <DeviceName input_type=\"text\"/>\n            <VirtualName input_type=\"text\"/>\n            <Ebs>\n                <SnapshotId input_type=\"text\"/>\n                <VolumeSize input_type=\"text\"/>\n                <NoDevice input_type=\"text\"/>\n                <DeleteOnTermination input_type=\"text\"/>\n            </Ebs>\n        </BlockDeviceMapping>\n    </BlockDeviceMapping.n>\n    <result_name input_type=\"text\"/>\n</function>\n');
INSERT INTO `lu_task_step_function` (`function_name`, `function_label`, `category_name`, `sort_order`, `description`, `help`, `icon`, `xml_template`) VALUES ('aws_ec2_ReleaseAddress','ReleaseAddress','aws_ec2','85.00','','<a href=\"http://docs.amazonwebservices.com/AWSEC2/latest/APIReference/ApiReference-query-ReleaseAddress.html\" target=\"_blank\">AWS documentation for ReleaseAddress</a>','icons/aws_16.png','<function command_type=\"aws_ec2_ReleaseAddress\">\n<aws_region input_type=\"text\" label=\"AWS Region\" hr_after=\"true\" />\n    <PublicIp input_type=\"text\"/>\n    <AllocationId input_type=\"text\"/>\n    <result_name input_type=\"text\"/>\n</function>\n');
INSERT INTO `lu_task_step_function` (`function_name`, `function_label`, `category_name`, `sort_order`, `description`, `help`, `icon`, `xml_template`) VALUES ('aws_ec2_RequestSpotInstances','RequestSpotInstances','aws_ec2','86.00','','<a href=\"http://docs.amazonwebservices.com/AWSEC2/latest/APIReference/ApiReference-query-RequestSpotInstances.html\" target=\"_blank\">AWS documentation for RequestSpotInstances</a>','icons/aws_16.png','<function command_type=\"aws_ec2_RequestSpotInstances\">\n<aws_region input_type=\"text\" label=\"AWS Region\" hr_after=\"true\" />\n    <SpotPrice input_type=\"text\"/>\n    <InstanceCount input_type=\"text\"/>\n    <Type input_type=\"text\"/>\n    <ValidFrom input_type=\"text\"/>\n    <ValidUntil input_type=\"text\"/>\n    <LaunchGroup input_type=\"text\"/>\n    <AvailabilityZoneGroup input_type=\"text\"/>\n    <LaunchSpecification>\n        <ImageId input_type=\"text\"/>\n        <KeyName input_type=\"text\"/>\n        <SecurityGroupId.n is_array=\"true\">\n            <SecurityGroupId input_type=\"text\"/>\n        </SecurityGroupId.n>\n        <SecurityGroup.n is_array=\"true\">\n            <SecurityGroup input_type=\"text\"/>\n        </SecurityGroup.n>\n        <UserData input_type=\"text\"/>\n        <AddressingType input_type=\"text\"/>\n        <InstanceType input_type=\"text\"/>\n        <Placement>\n            <AvailabilityZone input_type=\"text\"/>\n        </Placement>\n        <KernelId input_type=\"text\"/>\n        <RamdiskId input_type=\"text\"/>\n        <BlockDeviceMapping.n is_array=\"true\">\n            <BlockDeviceMapping>\n                <DeviceName input_type=\"text\"/>\n                <VirtualName input_type=\"text\"/>\n                <Ebs>\n                    <SnapshotId input_type=\"text\"/>\n                    <VolumeSize input_type=\"text\"/>\n                    <NoDevice input_type=\"text\"/>\n                    <DeleteOnTermination input_type=\"text\"/>\n                </Ebs>\n            </BlockDeviceMapping>\n        </BlockDeviceMapping.n>\n        <Monitoring>\n            <Enabled input_type=\"text\"/>\n        </Monitoring>\n    </LaunchSpecification>\n    <result_name input_type=\"text\"/>\n</function>\n');
INSERT INTO `lu_task_step_function` (`function_name`, `function_label`, `category_name`, `sort_order`, `description`, `help`, `icon`, `xml_template`) VALUES ('aws_ec2_ResetImageAttribute','ResetImageAttribute','aws_ec2','87.00','','<a href=\"http://docs.amazonwebservices.com/AWSEC2/latest/APIReference/ApiReference-query-ResetImageAttribute.html\" target=\"_blank\">AWS documentation for ResetImageAttribute</a>','icons/aws_16.png','<function command_type=\"aws_ec2_ResetImageAttribute\">\n<aws_region input_type=\"text\" label=\"AWS Region\" hr_after=\"true\" />\n    <ImageId input_type=\"text\"/>\n    <Attribute input_type=\"text\"/>\n    <result_name input_type=\"text\"/>\n</function>\n');
INSERT INTO `lu_task_step_function` (`function_name`, `function_label`, `category_name`, `sort_order`, `description`, `help`, `icon`, `xml_template`) VALUES ('aws_ec2_ResetInstanceAttribute','ResetInstanceAttribute','aws_ec2','88.00','','<a href=\"http://docs.amazonwebservices.com/AWSEC2/latest/APIReference/ApiReference-query-ResetInstanceAttribute.html\" target=\"_blank\">AWS documentation for ResetInstanceAttribute</a>','icons/aws_16.png','<function command_type=\"aws_ec2_ResetInstanceAttribute\">\n<aws_region input_type=\"text\" label=\"AWS Region\" hr_after=\"true\" />\n    <InstanceId input_type=\"text\"/>\n    <Attribute input_type=\"text\"/>\n    <result_name input_type=\"text\"/>\n</function>\n');
INSERT INTO `lu_task_step_function` (`function_name`, `function_label`, `category_name`, `sort_order`, `description`, `help`, `icon`, `xml_template`) VALUES ('aws_ec2_ResetSnapshotAttribute','ResetSnapshotAttribute','aws_ec2','89.00','','<a href=\"http://docs.amazonwebservices.com/AWSEC2/latest/APIReference/ApiReference-query-ResetSnapshotAttribute.html\" target=\"_blank\">AWS documentation for ResetSnapshotAttribute</a>','icons/aws_16.png','<function command_type=\"aws_ec2_ResetSnapshotAttribute\">\n<aws_region input_type=\"text\" label=\"AWS Region\" hr_after=\"true\" />\n    <SnapshotId input_type=\"text\"/>\n    <Attribute input_type=\"text\"/>\n    <result_name input_type=\"text\"/>\n</function>\n');
INSERT INTO `lu_task_step_function` (`function_name`, `function_label`, `category_name`, `sort_order`, `description`, `help`, `icon`, `xml_template`) VALUES ('aws_ec2_RevokeSecurityGroupIngress','RevokeSecurityGroupIngress','aws_ec2','90.00','','<a href=\"http://docs.amazonwebservices.com/AWSEC2/latest/APIReference/ApiReference-query-RevokeSecurityGroupIngress.html\" target=\"_blank\">AWS documentation for RevokeSecurityGroupIngress</a>','icons/aws_16.png','<function command_type=\"aws_ec2_RevokeSecurityGroupIngress\">\n<aws_region input_type=\"text\" label=\"AWS Region\" hr_after=\"true\" />\n    <UserId input_type=\"text\"/>\n    <GroupId input_type=\"text\"/>\n    <GroupName input_type=\"text\"/>\n    <IpPermissions.n is_array=\"true\">\n        <IpPermissions>\n            <IpProtocol input_type=\"text\"/>\n            <FromPort input_type=\"text\"/>\n            <ToPort input_type=\"text\"/>\n            <Groups.m is_array=\"true\">\n                <Groups>\n                    <UserId input_type=\"text\"/>\n                    <GroupName input_type=\"text\"/>\n                    <GroupId input_type=\"text\"/>\n                </Groups>\n            </Groups.m>\n            <IpRanges.m is_array=\"true\">\n                <IpRanges>\n                    <CidrIp input_type=\"text\"/>\n                </IpRanges>\n            </IpRanges.m>\n        </IpPermissions>\n    </IpPermissions.n>\n    <result_name input_type=\"text\"/>\n</function>\n');
INSERT INTO `lu_task_step_function` (`function_name`, `function_label`, `category_name`, `sort_order`, `description`, `help`, `icon`, `xml_template`) VALUES ('aws_ec2_RunInstances','RunInstances','aws_ec2','91.00','','<a href=\"http://docs.amazonwebservices.com/AWSEC2/latest/APIReference/ApiReference-query-RunInstances.html\" target=\"_blank\">AWS documentation for RunInstances</a>','icons/aws_16.png','<function command_type=\"aws_ec2_RunInstances\">\n<aws_region input_type=\"text\" label=\"AWS Region\" hr_after=\"true\" />    <ImageId input_type=\"text\"/>    <MinCount input_type=\"text\"/>    <MaxCount input_type=\"text\"/>    <KeyName input_type=\"text\"/>    <SecurityGroupId.n is_array=\"true\">        <SecurityGroupId input_type=\"text\"/>    </SecurityGroupId.n>    <SecurityGroup.n is_array=\"true\">        <SecurityGroup input_type=\"text\"/>    </SecurityGroup.n>    <UserData input_type=\"text\"/>    <AddressingType input_type=\"text\"/>    <InstanceType input_type=\"text\"/>    <Placement>        <AvailabilityZone input_type=\"text\"/>       <GroupName input_type=\"text\"/>        <Tenancy input_type=\"text\"/>    </Placement>    <KernelId input_type=\"text\"/>    <RamdiskId input_type=\"text\"/>    <BlockDeviceMapping.n is_array=\"true\">        <BlockDeviceMapping>            <DeviceName input_type=\"text\"/>            <NoDevice input_type=\"text\"/>            <VirtualName input_type=\"text\"/>            <Ebs>                <SnapshotId input_type=\"text\"/>                <VolumeSize input_type=\"text\"/>                <DeleteOnTermination input_type=\"text\"/>            </Ebs>        </BlockDeviceMapping>    </BlockDeviceMapping.n>    <Monitoring>        <Enabled input_type=\"text\"/>    </Monitoring>    <SubnetId input_type=\"text\"/>    <DisableApiTermination input_type=\"text\"/>    <InstanceInitiatedShutdownBehavior input_type=\"text\"/>    <PrivateIpAddress input_type=\"text\"/>    <ClientToken input_type=\"text\"/>    <instance_role input_type=\"text\" label=\"Server Role\"/>    <result_name input_type=\"text\"/></function>');
INSERT INTO `lu_task_step_function` (`function_name`, `function_label`, `category_name`, `sort_order`, `description`, `help`, `icon`, `xml_template`) VALUES ('aws_ec2_StartInstances','StartInstances','aws_ec2','92.00','','<a href=\"http://docs.amazonwebservices.com/AWSEC2/latest/APIReference/ApiReference-query-StartInstances.html\" target=\"_blank\">AWS documentation for StartInstances</a>','icons/aws_16.png','<function command_type=\"aws_ec2_StartInstances\">\n<aws_region input_type=\"text\" label=\"AWS Region\" hr_after=\"true\" />\n    <InstanceId.n is_array=\"true\">\n        <InstanceId input_type=\"text\"/>\n    </InstanceId.n>\n    <result_name input_type=\"text\"/>\n</function>\n');
INSERT INTO `lu_task_step_function` (`function_name`, `function_label`, `category_name`, `sort_order`, `description`, `help`, `icon`, `xml_template`) VALUES ('aws_ec2_StopInstances','StopInstances','aws_ec2','93.00','','<a href=\"http://docs.amazonwebservices.com/AWSEC2/latest/APIReference/ApiReference-query-StopInstances.html\" target=\"_blank\">AWS documentation for StopInstances</a>','icons/aws_16.png','<function command_type=\"aws_ec2_StopInstances\">\n<aws_region input_type=\"text\" label=\"AWS Region\" hr_after=\"true\" />\n    <InstanceId.n is_array=\"true\">\n        <InstanceId input_type=\"text\"/>\n    </InstanceId.n>\n    <Force input_type=\"text\"/>\n    <result_name input_type=\"text\"/>\n</function>\n');
INSERT INTO `lu_task_step_function` (`function_name`, `function_label`, `category_name`, `sort_order`, `description`, `help`, `icon`, `xml_template`) VALUES ('aws_ec2_TerminateInstances','TerminateInstances','aws_ec2','94.00','','<a href=\"http://docs.amazonwebservices.com/AWSEC2/latest/APIReference/ApiReference-query-TerminateInstances.html\" target=\"_blank\">AWS documentation for TerminateInstances</a>','icons/aws_16.png','<function command_type=\"aws_ec2_TerminateInstances\">\n<aws_region input_type=\"text\" label=\"AWS Region\" hr_after=\"true\" />\n    <InstanceId.n is_array=\"true\">\n        <InstanceId input_type=\"text\"/>\n    </InstanceId.n>\n    <result_name input_type=\"text\"/>\n</function>\n');
INSERT INTO `lu_task_step_function` (`function_name`, `function_label`, `category_name`, `sort_order`, `description`, `help`, `icon`, `xml_template`) VALUES ('aws_ec2_UnmonitorInstances','UnmonitorInstances','aws_ec2','95.00','','<a href=\"http://docs.amazonwebservices.com/AWSEC2/latest/APIReference/ApiReference-query-UnmonitorInstances.html\" target=\"_blank\">AWS documentation for UnmonitorInstances</a>','icons/aws_16.png','<function command_type=\"aws_ec2_UnmonitorInstances\">\n<aws_region input_type=\"text\" label=\"AWS Region\" hr_after=\"true\" />\n    <InstanceId.n is_array=\"true\">\n        <InstanceId input_type=\"text\"/>\n    </InstanceId.n>\n    <result_name input_type=\"text\"/>\n</function>\n');
INSERT INTO `lu_task_step_function` (`function_name`, `function_label`, `category_name`, `sort_order`, `description`, `help`, `icon`, `xml_template`) VALUES ('aws_elb_ConfigureHealthCheck','ConfigureHealthCheck','aws_elb','288.00','','<a href=\"http://docs.amazonwebservices.com/ElasticLoadBalancing/latest/APIReference/API_ConfigureHealthCheck.html\" target=\"_blank\">AWS documentation for ConfigureHealthCheck</a>','icons/aws_16.png','<function command_type=\"aws_elb_ConfigureHealthCheck\">\n<aws_region input_type=\"text\" label=\"AWS Region\" hr_after=\"true\" />\r    <HealthCheck>\r        <HealthyThreshold input_type=\"text\"/>\r        <Interval input_type=\"text\"/>\r        <Target input_type=\"text\"/>\r        <Timeout input_type=\"text\"/>\r        <UnhealthyThreshold input_type=\"text\"/>\r    </HealthCheck>\r    <LoadBalancerName input_type=\"text\"/>\r    <result_name input_type=\"text\"/>\r</function>\r');
INSERT INTO `lu_task_step_function` (`function_name`, `function_label`, `category_name`, `sort_order`, `description`, `help`, `icon`, `xml_template`) VALUES ('aws_elb_CreateAppCookieStickinessPolicy','CreateAppCookieStickinessPolicy','aws_elb','289.00','','<a href=\"http://docs.amazonwebservices.com/ElasticLoadBalancing/latest/APIReference/API_CreateAppCookieStickinessPolicy.html\" target=\"_blank\">AWS documentation for CreateAppCookieStickinessPolicy</a>','icons/aws_16.png','<function command_type=\"aws_elb_CreateAppCookieStickinessPolicy\">\n<aws_region input_type=\"text\" label=\"AWS Region\" hr_after=\"true\" />\r    <CookieName input_type=\"text\"/>\r    <LoadBalancerName input_type=\"text\"/>\r    <PolicyName input_type=\"text\"/>\r    <result_name input_type=\"text\"/>\r</function>\r');
INSERT INTO `lu_task_step_function` (`function_name`, `function_label`, `category_name`, `sort_order`, `description`, `help`, `icon`, `xml_template`) VALUES ('aws_elb_CreateLBCookieStickinessPolicy','CreateLBCookieStickinessPolicy','aws_elb','290.00','','<a href=\"http://docs.amazonwebservices.com/ElasticLoadBalancing/latest/APIReference/API_CreateLBCookieStickinessPolicy.html\" target=\"_blank\">AWS documentation for CreateLBCookieStickinessPolicy</a>','icons/aws_16.png','<function command_type=\"aws_elb_CreateLBCookieStickinessPolicy\">\n<aws_region input_type=\"text\" label=\"AWS Region\" hr_after=\"true\" />\r    <CookieExpirationPeriod input_type=\"text\"/>\r    <LoadBalancerName input_type=\"text\"/>\r    <PolicyName input_type=\"text\"/>\r    <result_name input_type=\"text\"/>\r</function>\r');
INSERT INTO `lu_task_step_function` (`function_name`, `function_label`, `category_name`, `sort_order`, `description`, `help`, `icon`, `xml_template`) VALUES ('aws_elb_CreateLoadBalancer','CreateLoadBalancer','aws_elb','291.00','','<a href=\"http://docs.amazonwebservices.com/ElasticLoadBalancing/latest/APIReference/API_CreateLoadBalancer.html\" target=\"_blank\">AWS documentation for CreateLoadBalancer</a>','icons/aws_16.png','<function command_type=\"aws_elb_CreateLoadBalancer\">\n<aws_region input_type=\"text\" label=\"AWS Region\" hr_after=\"true\" />\r    <AvailabilityZones>\r        <member.N is_array=\"true\">\r            <member input_type=\"text\"/>\r        </member.N>\r    </AvailabilityZones>\r    <Listeners>\r        <member.N is_array=\"true\">\r            <member>\r                <InstancePort input_type=\"text\"/>\r                <LoadBalancerPort input_type=\"text\"/>\r                <Protocol input_type=\"text\"/>\r                <SSLCertificateId input_type=\"text\"/>\r            </member>\r        </member.N>\r    </Listeners>\r    <LoadBalancerName input_type=\"text\"/>\r    <result_name input_type=\"text\"/>\r</function>\r');
INSERT INTO `lu_task_step_function` (`function_name`, `function_label`, `category_name`, `sort_order`, `description`, `help`, `icon`, `xml_template`) VALUES ('aws_elb_CreateLoadBalancerListeners','CreateLoadBalancerListeners','aws_elb','292.00','','<a href=\"http://docs.amazonwebservices.com/ElasticLoadBalancing/latest/APIReference/API_CreateLoadBalancerListeners.html\" target=\"_blank\">AWS documentation for CreateLoadBalancerListeners</a>','icons/aws_16.png','<function command_type=\"aws_elb_CreateLoadBalancerListeners\">\n<aws_region input_type=\"text\" label=\"AWS Region\" hr_after=\"true\" />\r    <Listeners>\r        <member.N is_array=\"true\">\r            <member>\r                <InstancePort input_type=\"text\"/>\r                <SSLCertificateId input_type=\"text\"/>\r                <Protocol input_type=\"text\"/>\r            </member>\r        </member.N>\r    </Listeners>\r    <LoadBalancerName input_type=\"text\"/>\r    <result_name input_type=\"text\"/>\r</function>\r');
INSERT INTO `lu_task_step_function` (`function_name`, `function_label`, `category_name`, `sort_order`, `description`, `help`, `icon`, `xml_template`) VALUES ('aws_elb_DeleteLoadBalancer','DeleteLoadBalancer','aws_elb','293.00','','<a href=\"http://docs.amazonwebservices.com/ElasticLoadBalancing/latest/APIReference/API_DeleteLoadBalancer.html\" target=\"_blank\">AWS documentation for DeleteLoadBalancer</a>','icons/aws_16.png','<function command_type=\"aws_elb_DeleteLoadBalancer\">\n<aws_region input_type=\"text\" label=\"AWS Region\" hr_after=\"true\" />\r    <LoadBalancerName input_type=\"text\"/>\r    <result_name input_type=\"text\"/>\r</function>\r');
INSERT INTO `lu_task_step_function` (`function_name`, `function_label`, `category_name`, `sort_order`, `description`, `help`, `icon`, `xml_template`) VALUES ('aws_elb_DeleteLoadBalancerListeners','DeleteLoadBalancerListeners','aws_elb','294.00','','<a href=\"http://docs.amazonwebservices.com/ElasticLoadBalancing/latest/APIReference/API_DeleteLoadBalancerListeners.html\" target=\"_blank\">AWS documentation for DeleteLoadBalancerListeners</a>','icons/aws_16.png','<function command_type=\"aws_elb_DeleteLoadBalancerListeners\">\n<aws_region input_type=\"text\" label=\"AWS Region\" hr_after=\"true\" />\r    <LoadBalancerName input_type=\"text\"/>\r    <LoadBalancerPorts>\r        <member.N is_array=\"true\">\r            <member input_type=\"text\"/>\r        </member.N>\r    </LoadBalancerPorts>\r    <result_name input_type=\"text\"/>\r</function>\r');
INSERT INTO `lu_task_step_function` (`function_name`, `function_label`, `category_name`, `sort_order`, `description`, `help`, `icon`, `xml_template`) VALUES ('aws_elb_DeleteLoadBalancerPolicy','DeleteLoadBalancerPolicy','aws_elb','295.00','','<a href=\"http://docs.amazonwebservices.com/ElasticLoadBalancing/latest/APIReference/API_DeleteLoadBalancerPolicy.html\" target=\"_blank\">AWS documentation for DeleteLoadBalancerPolicy</a>','icons/aws_16.png','<function command_type=\"aws_elb_DeleteLoadBalancerPolicy\">\n<aws_region input_type=\"text\" label=\"AWS Region\" hr_after=\"true\" />\r    <LoadBalancerName input_type=\"text\"/>\r    <PolicyName input_type=\"text\"/>\r    <result_name input_type=\"text\"/>\r</function>\r');
INSERT INTO `lu_task_step_function` (`function_name`, `function_label`, `category_name`, `sort_order`, `description`, `help`, `icon`, `xml_template`) VALUES ('aws_elb_DeregisterInstancesFromLoadBalancer','DeregisterInstancesFromLoadBalancer','aws_elb','296.00','','<a href=\"http://docs.amazonwebservices.com/ElasticLoadBalancing/latest/APIReference/API_DeregisterInstancesFromLoadBalancer.html\" target=\"_blank\">AWS documentation for DeregisterInstancesFromLoadBalancer</a>','icons/aws_16.png','<function command_type=\"aws_elb_DeregisterInstancesFromLoadBalancer\">\n<aws_region input_type=\"text\" label=\"AWS Region\" hr_after=\"true\" />\r    <Instances>\r        <member.N is_array=\"true\">\r            <member>\r                <InstanceId input_type=\"text\"/>\r            </member>\r        </member.N>\r    </Instances>\r    <LoadBalancerName input_type=\"text\"/>\r    <result_name input_type=\"text\"/>\r</function>\r');
INSERT INTO `lu_task_step_function` (`function_name`, `function_label`, `category_name`, `sort_order`, `description`, `help`, `icon`, `xml_template`) VALUES ('aws_elb_DescribeInstanceHealth','DescribeInstanceHealth','aws_elb','297.00','','<a href=\"http://docs.amazonwebservices.com/ElasticLoadBalancing/latest/APIReference/API_DescribeInstanceHealth.html\" target=\"_blank\">AWS documentation for DescribeInstanceHealth</a>','icons/aws_16.png','<function command_type=\"aws_elb_DescribeInstanceHealth\">\n<aws_region input_type=\"text\" label=\"AWS Region\" hr_after=\"true\" />\r    <Instances>\r        <member.N is_array=\"true\">\r            <member>\r                <InstanceId input_type=\"text\"/>\r            </member>\r        </member.N>\r    </Instances>\r    <LoadBalancerName input_type=\"text\"/>\r    <result_name input_type=\"text\"/>\r</function>\r');
INSERT INTO `lu_task_step_function` (`function_name`, `function_label`, `category_name`, `sort_order`, `description`, `help`, `icon`, `xml_template`) VALUES ('aws_elb_DescribeLoadBalancers','DescribeLoadBalancers','aws_elb','298.00','','<a href=\"http://docs.amazonwebservices.com/ElasticLoadBalancing/latest/APIReference/API_DescribeLoadBalancers.html\" target=\"_blank\">AWS documentation for DescribeLoadBalancers</a>','icons/aws_16.png','<function command_type=\"aws_elb_DescribeLoadBalancers\">\n<aws_region input_type=\"text\" label=\"AWS Region\" hr_after=\"true\" />\r    <LoadBalancerNames>\r        <member.N is_array=\"true\">\r            <member input_type=\"text\"/>\r        </member.N>\r    </LoadBalancerNames>\r    <result_name input_type=\"text\"/>\r</function>\r');
INSERT INTO `lu_task_step_function` (`function_name`, `function_label`, `category_name`, `sort_order`, `description`, `help`, `icon`, `xml_template`) VALUES ('aws_elb_DisableAvailabilityZonesForLoadBalancer','DisableAvailabilityZonesForLoadBalancer','aws_elb','299.00','','<a href=\"http://docs.amazonwebservices.com/ElasticLoadBalancing/latest/APIReference/API_DisableAvailabilityZonesForLoadBalancer.html\" target=\"_blank\">AWS documentation for DisableAvailabilityZonesForLoadBalancer</a>','icons/aws_16.png','<function command_type=\"aws_elb_DisableAvailabilityZonesForLoadBalancer\">\n<aws_region input_type=\"text\" label=\"AWS Region\" hr_after=\"true\" />\r    <AvailabilityZones>\r        <member.N is_array=\"true\">\r            <member input_type=\"text\"/>\r        </member.N>\r    </AvailabilityZones>\r    <LoadBalancerName input_type=\"text\"/>\r    <result_name input_type=\"text\"/>\r</function>\r');
INSERT INTO `lu_task_step_function` (`function_name`, `function_label`, `category_name`, `sort_order`, `description`, `help`, `icon`, `xml_template`) VALUES ('aws_elb_EnableAvailabilityZonesForLoadBalancer','EnableAvailabilityZonesForLoadBalancer','aws_elb','300.00','','<a href=\"http://docs.amazonwebservices.com/ElasticLoadBalancing/latest/APIReference/API_EnableAvailabilityZonesForLoadBalancer.html\" target=\"_blank\">AWS documentation for EnableAvailabilityZonesForLoadBalancer</a>','icons/aws_16.png','<function command_type=\"aws_elb_EnableAvailabilityZonesForLoadBalancer\">\n<aws_region input_type=\"text\" label=\"AWS Region\" hr_after=\"true\" />\r    <AvailabilityZones>\r        <member.N is_array=\"true\">\r            <member input_type=\"text\"/>\r        </member.N>\r    </AvailabilityZones>\r    <LoadBalancerName input_type=\"text\"/>\r    <result_name input_type=\"text\"/>\r</function>\r');
INSERT INTO `lu_task_step_function` (`function_name`, `function_label`, `category_name`, `sort_order`, `description`, `help`, `icon`, `xml_template`) VALUES ('aws_elb_RegisterInstancesWithLoadBalancer','RegisterInstancesWithLoadBalancer','aws_elb','301.00','','<a href=\"http://docs.amazonwebservices.com/ElasticLoadBalancing/latest/APIReference/API_RegisterInstancesWithLoadBalancer.html\" target=\"_blank\">AWS documentation for RegisterInstancesWithLoadBalancer</a>','icons/aws_16.png','<function command_type=\"aws_elb_RegisterInstancesWithLoadBalancer\">\n<aws_region input_type=\"text\" label=\"AWS Region\" hr_after=\"true\" />\r    <Instances>\r        <member.N is_array=\"true\">\r            <member>\r                <InstanceId input_type=\"text\"/>\r            </member>\r        </member.N>\r    </Instances>\r    <LoadBalancerName input_type=\"text\"/>\r    <result_name input_type=\"text\"/>\r</function>\r');
INSERT INTO `lu_task_step_function` (`function_name`, `function_label`, `category_name`, `sort_order`, `description`, `help`, `icon`, `xml_template`) VALUES ('aws_elb_SetLoadBalancerListenerSSLCertificate','SetLoadBalancerListenerSSLCertificate','aws_elb','302.00','','<a href=\"http://docs.amazonwebservices.com/ElasticLoadBalancing/latest/APIReference/API_SetLoadBalancerListenerSSLCertificate.html\" target=\"_blank\">AWS documentation for SetLoadBalancerListenerSSLCertificate</a>','icons/aws_16.png','<function command_type=\"aws_elb_SetLoadBalancerListenerSSLCertificate\">\n<aws_region input_type=\"text\" label=\"AWS Region\" hr_after=\"true\" />\r    <LoadBalancerName input_type=\"text\"/>\r    <LoadBalancerPort input_type=\"text\"/>\r    <SSLCertificateId input_type=\"text\"/>\r    <result_name input_type=\"text\"/>\r</function>\r');
INSERT INTO `lu_task_step_function` (`function_name`, `function_label`, `category_name`, `sort_order`, `description`, `help`, `icon`, `xml_template`) VALUES ('aws_elb_SetLoadBalancerPoliciesOfListener','SetLoadBalancerPoliciesOfListener','aws_elb','303.00','','<a href=\"http://docs.amazonwebservices.com/ElasticLoadBalancing/latest/APIReference/API_SetLoadBalancerPoliciesOfListener.html\" target=\"_blank\">AWS documentation for SetLoadBalancerPoliciesOfListener</a>','icons/aws_16.png','<function command_type=\"aws_elb_SetLoadBalancerPoliciesOfListener\">\n<aws_region input_type=\"text\" label=\"AWS Region\" hr_after=\"true\" />\r    <LoadBalancerName input_type=\"text\"/>\r    <LoadBalancerPort input_type=\"text\"/>\r    <PolicyNames>\r        <member.N is_array=\"true\">\r            <member input_type=\"text\"/>\r        </member.N>\r    </PolicyNames>\r    <result_name input_type=\"text\"/>\r</function>\r');
INSERT INTO `lu_task_step_function` (`function_name`, `function_label`, `category_name`, `sort_order`, `description`, `help`, `icon`, `xml_template`) VALUES ('aws_emr_AddInstanceGroups','AddInstanceGroups','aws_emr','96.00','','<a href=\"http://docs.amazonwebservices.com/ElasticMapReduce/latest/API/API_AddInstanceGroups.html\" target=\"_blank\">AWS documentation for AddInstanceGroups</a>','icons/aws_16.png','<function command_type=\"aws_emr_AddInstanceGroups\">\n<aws_region input_type=\"text\" label=\"AWS Region\" hr_after=\"true\" />\n    <Instances>\n        <InstanceGroups>\n            <member.n is_array=\"true\">\n                <member>\n                    <InstanceCount input_type=\"text\"/>\n                    <InstanceRole input_type=\"text\"/>\n                    <InstanceType input_type=\"text\"/>\n                    <Name input_type=\"text\"/>\n                </member>\n            </member.n>\n        </InstanceGroups>\n    </Instances>\n    <JobFlowId input_type=\"text\"/>\n    <result_name input_type=\"text\"/>\n</function>\n');
INSERT INTO `lu_task_step_function` (`function_name`, `function_label`, `category_name`, `sort_order`, `description`, `help`, `icon`, `xml_template`) VALUES ('aws_emr_AddJobFlowSteps','AddJobFlowSteps','aws_emr','97.00','','<a href=\"http://docs.amazonwebservices.com/ElasticMapReduce/latest/API/API_AddJobFlowSteps.html\" target=\"_blank\">AWS documentation for AddJobFlowSteps</a>','icons/aws_16.png','<function command_type=\"aws_emr_AddJobFlowSteps\">\n<aws_region input_type=\"text\" label=\"AWS Region\" hr_after=\"true\" />\n    <JobFlowId input_type=\"text\"/>\n    <Steps>\n        <member.N is_array=\"true\">\n            <member>\n                <ActionOnFailure input_type=\"text\"/>\n                <HadoopJarStep>\n                    <Args>\n                        <member.N is_array=\"true\">\n                            <member input_type=\"text\"/>\n                        </member.N>\n                    </Args>\n                    <Jar input_type=\"text\"/>\n                    <MainClass input_type=\"text\"/>\n                    <Properties>\n                        <member.n is_array=\"true\">\n                            <member>\n                                <Key input_type=\"text\"/>\n                                <Value input_type=\"text\"/>\n                            </member>\n                        </member.n>\n                    </Properties>\n                </HadoopJarStep>\n            </member>\n        </member.N>\n    </Steps>\n    <result_name input_type=\"text\"/>\n</function>\n');
INSERT INTO `lu_task_step_function` (`function_name`, `function_label`, `category_name`, `sort_order`, `description`, `help`, `icon`, `xml_template`) VALUES ('aws_emr_DescribeJobFlows','DescribeJobFlows','aws_emr','98.00','','<a href=\"http://docs.amazonwebservices.com/ElasticMapReduce/latest/API/API_DescribeJobFlows.html\" target=\"_blank\">AWS documentation for DescribeJobFlows</a>','icons/aws_16.png','<function command_type=\"aws_emr_DescribeJobFlows\">\n<aws_region input_type=\"text\" label=\"AWS Region\" hr_after=\"true\" />\n    <CreatedAfter input_type=\"text\"/>\n    <CreatedBefore input_type=\"text\"/>\n    <JobFlowIds>\n        <member.N is_array=\"true\">\n            <member input_type=\"text\"/>\n        </member.N>\n    </JobFlowIds>\n    <JobFlowStates>\n        <member.N is_array=\"true\">\n            <member input_type=\"text\"/>\n        </member.N>\n    </JobFlowStates>\n    <result_name input_type=\"text\"/>\n</function>\n');
INSERT INTO `lu_task_step_function` (`function_name`, `function_label`, `category_name`, `sort_order`, `description`, `help`, `icon`, `xml_template`) VALUES ('aws_emr_ModifyInstanceGroups','ModifyInstanceGroups','aws_emr','99.00','','<a href=\"http://docs.amazonwebservices.com/ElasticMapReduce/latest/API/API_ModifyInstanceGroups.html\" target=\"_blank\">AWS documentation for ModifyInstanceGroups</a>','icons/aws_16.png','<function command_type=\"aws_emr_ModifyInstanceGroups\">\n<aws_region input_type=\"text\" label=\"AWS Region\" hr_after=\"true\" />\n    <InstanceGroups>\n        <member.N is_array=\"true\">\n            <member input_type=\"text\"/>\n        </member.N>\n    </InstanceGroups>\n    <result_name input_type=\"text\"/>\n</function>\n');
INSERT INTO `lu_task_step_function` (`function_name`, `function_label`, `category_name`, `sort_order`, `description`, `help`, `icon`, `xml_template`) VALUES ('aws_emr_RunJobFlow','RunJobFlow','aws_emr','100.00','','<a href=\"http://docs.amazonwebservices.com/ElasticMapReduce/latest/API/API_RunJobFlow.html\" target=\"_blank\">AWS documentation for RunJobFlow</a>','icons/aws_16.png','<function command_type=\"aws_emr_RunJobFlow\">\n<aws_region input_type=\"text\" label=\"AWS Region\" hr_after=\"true\" />\n    <Name input_type=\"text\"/>\n    <AdditionalInfo input_type=\"text\"/>\n    <BootstrapActions>\n        <member.N is_array=\"true\">\n            <member>\n                <Name input_type=\"text\"/>\n                <ScriptBootstrapAction>\n                    <Args input_type=\"text\"/>\n                    <Path input_type=\"text\"/>\n                </ScriptBootstrapAction>\n            </member>\n        </member.N>\n    </BootstrapActions>\n    <Instances>\n        <Ec2KeyName input_type=\"text\"/>\n        <HadoopVersion input_type=\"text\"/>\n        <InstanceCount input_type=\"text\"/>\n        <InstanceGroups>\n            <member.n is_array=\"true\">\n                <member>\n                    <InstanceCount input_type=\"text\"/>\n                    <InstanceRole input_type=\"text\"/>\n                    <InstanceType input_type=\"text\"/>\n                    <Name input_type=\"text\"/>\n                </member>\n            </member.n>\n        </InstanceGroups>\n        <KeepJobFlowAliveWhenNoSteps input_type=\"text\"/>\n        <MasterInstanceType input_type=\"text\"/>\n        <Placement>\n            <AvailabilityZone input_type=\"text\"/>\n        </Placement>\n        <SlaveInstanceType input_type=\"text\"/>\n        <TerminationProtected input_type=\"text\"/>\n    </Instances>\n    <LogUri input_type=\"text\"/>\n    <Steps>\n        <member.N is_array=\"true\">\n            <member>\n                <ActionOnFailure input_type=\"text\"/>\n                <HadoopJarStep>\n                    <Args>\n                        <member.N is_array=\"true\">\n                            <member input_type=\"text\"/>\n                        </member.N>\n                    </Args>\n                    <Jar input_type=\"text\"/>\n                    <MainClass input_type=\"text\"/>\n                    <Properties>\n                        <member.n is_array=\"true\">\n                            <member>\n                                <Key input_type=\"text\"/>\n                                <Value input_type=\"text\"/>\n                            </member>\n                        </member.n>\n                    </Properties>\n                </HadoopJarStep>\n            </member>\n        </member.N>\n    </Steps>\n    <result_name input_type=\"text\"/>\n</function>\n');
INSERT INTO `lu_task_step_function` (`function_name`, `function_label`, `category_name`, `sort_order`, `description`, `help`, `icon`, `xml_template`) VALUES ('aws_emr_RunJobFlow2','RunJobFlow2','aws_emr','-1.00','',NULL,'icons/aws_16.png','  <function command_type=\"aws_emr_RunJobFlow2\">\n<aws_region input_type=\"text\" label=\"AWS Region\" hr_after=\"true\" />\n    <Name input_type=\"text\" />\n    <LogUri input_type=\"text\" />\n    <Instances>\n      <MasterInstanceType input_type=\"text\" />\n      <SlaveInstanceType input_type=\"text\" />\n      <InstanceCount input_type=\"text\" />\n      <Ec2KeyName input_type=\"text\" />\n      <Placement>\n        <AvailabilityZone input_type=\"text\" />\n      </Placement>\n      <KeepJobFlowAliveWhenNoSteps input_type=\"text\" />\n      <TerminationProtected input_type=\"text\" />\n    </Instances>\n    <Steps>\n      <member.n is_array=\"true\">\n        <member>\n          <Name input_type=\"text\" />\n          <ActionOnFailure input_type=\"text\" />\n          <HadoopJarStep>\n            <Jar input_type=\"text\" />\n            <MainClass input_type=\"text\" />\n            <Args>\n              <member.n is_array=\"true\">\n                <member input_type=\"text\" />\n              </member.n>\n            </Args>\n          </HadoopJarStep>\n        </member>\n      </member.n>\n    </Steps>\n  </function>\n');
INSERT INTO `lu_task_step_function` (`function_name`, `function_label`, `category_name`, `sort_order`, `description`, `help`, `icon`, `xml_template`) VALUES ('aws_emr_SetTerminationProtection','SetTerminationProtection','aws_emr','101.00','','<a href=\"http://docs.amazonwebservices.com/ElasticMapReduce/latest/API/API_SetTerminationProtection.html\" target=\"_blank\">AWS documentation for SetTerminationProtection</a>','icons/aws_16.png','<function command_type=\"aws_emr_SetTerminationProtection\">\n<aws_region input_type=\"text\" label=\"AWS Region\" hr_after=\"true\" />\n    <JobFlowIds>\n        <member.N is_array=\"true\">\n            <member input_type=\"text\"/>\n        </member.N>\n    </JobFlowIds>\n    <TerminationProtected input_type=\"text\"/>\n    <result_name input_type=\"text\"/>\n</function>\n');
INSERT INTO `lu_task_step_function` (`function_name`, `function_label`, `category_name`, `sort_order`, `description`, `help`, `icon`, `xml_template`) VALUES ('aws_emr_TerminateJobFlows','TerminateJobFlows','aws_emr','102.00','','<a href=\"http://docs.amazonwebservices.com/ElasticMapReduce/latest/API/API_TerminateJobFlows.html\" target=\"_blank\">AWS documentation for TerminateJobFlows</a>','icons/aws_16.png','<function command_type=\"aws_emr_TerminateJobFlows\">\n<aws_region input_type=\"text\" label=\"AWS Region\" hr_after=\"true\" />\n    <JobFlowIds>\n        <member.N is_array=\"true\">\n            <member input_type=\"text\"/>\n        </member.N>\n    </JobFlowIds>\n    <result_name input_type=\"text\"/>\n</function>\n');
INSERT INTO `lu_task_step_function` (`function_name`, `function_label`, `category_name`, `sort_order`, `description`, `help`, `icon`, `xml_template`) VALUES ('aws_iam_AddUserToGroup','AddUserToGroup','aws_iam','176.00','','<a href=\"http://docs.amazonwebservices.com/IAM/latest/APIReference/API_AddUserToGroup.html\" target=\"_blank\">AWS documentation for AddUserToGroup</a>','icons/aws_16.png','<function command_type=\"aws_iam_AddUserToGroup\">\n<aws_region input_type=\"text\" label=\"AWS Region\" hr_after=\"true\" />\n    <GroupName input_type=\"text\"/>\n    <UserName input_type=\"text\"/>\n    <result_name input_type=\"text\"/>\n</function>\n');
INSERT INTO `lu_task_step_function` (`function_name`, `function_label`, `category_name`, `sort_order`, `description`, `help`, `icon`, `xml_template`) VALUES ('aws_iam_CreateAccessKey','CreateAccessKey','aws_iam','177.00','','<a href=\"http://docs.amazonwebservices.com/IAM/latest/APIReference/API_CreateAccessKey.html\" target=\"_blank\">AWS documentation for CreateAccessKey</a>','icons/aws_16.png','<function command_type=\"aws_iam_CreateAccessKey\">\n<aws_region input_type=\"text\" label=\"AWS Region\" hr_after=\"true\" />\n    <UserName input_type=\"text\"/>\n    <result_name input_type=\"text\"/>\n</function>\n');
INSERT INTO `lu_task_step_function` (`function_name`, `function_label`, `category_name`, `sort_order`, `description`, `help`, `icon`, `xml_template`) VALUES ('aws_iam_CreateAccountAlias','CreateAccountAlias','aws_iam','178.00','','<a href=\"http://docs.amazonwebservices.com/IAM/latest/APIReference/API_CreateAccountAlias.html\" target=\"_blank\">AWS documentation for CreateAccountAlias</a>','icons/aws_16.png','<function command_type=\"aws_iam_CreateAccountAlias\">\n<aws_region input_type=\"text\" label=\"AWS Region\" hr_after=\"true\" />\n    <AccountAlias input_type=\"text\"/>\n    <result_name input_type=\"text\"/>\n</function>\n');
INSERT INTO `lu_task_step_function` (`function_name`, `function_label`, `category_name`, `sort_order`, `description`, `help`, `icon`, `xml_template`) VALUES ('aws_iam_CreateGroup','CreateGroup','aws_iam','179.00','','<a href=\"http://docs.amazonwebservices.com/IAM/latest/APIReference/API_CreateGroup.html\" target=\"_blank\">AWS documentation for CreateGroup</a>','icons/aws_16.png','<function command_type=\"aws_iam_CreateGroup\">\n<aws_region input_type=\"text\" label=\"AWS Region\" hr_after=\"true\" />\n    <GroupName input_type=\"text\"/>\n    <Path input_type=\"text\"/>\n    <result_name input_type=\"text\"/>\n</function>\n');
INSERT INTO `lu_task_step_function` (`function_name`, `function_label`, `category_name`, `sort_order`, `description`, `help`, `icon`, `xml_template`) VALUES ('aws_iam_CreateLoginProfile','CreateLoginProfile','aws_iam','180.00','','<a href=\"http://docs.amazonwebservices.com/IAM/latest/APIReference/API_CreateLoginProfile.html\" target=\"_blank\">AWS documentation for CreateLoginProfile</a>','icons/aws_16.png','<function command_type=\"aws_iam_CreateLoginProfile\">\n<aws_region input_type=\"text\" label=\"AWS Region\" hr_after=\"true\" />\n    <Password input_type=\"text\"/>\n    <UserName input_type=\"text\"/>\n    <result_name input_type=\"text\"/>\n</function>\n');
INSERT INTO `lu_task_step_function` (`function_name`, `function_label`, `category_name`, `sort_order`, `description`, `help`, `icon`, `xml_template`) VALUES ('aws_iam_CreateUser','CreateUser','aws_iam','181.00','','<a href=\"http://docs.amazonwebservices.com/IAM/latest/APIReference/API_CreateUser.html\" target=\"_blank\">AWS documentation for CreateUser</a>','icons/aws_16.png','<function command_type=\"aws_iam_CreateUser\">\n<aws_region input_type=\"text\" label=\"AWS Region\" hr_after=\"true\" />\n    <Path input_type=\"text\"/>\n    <UserName input_type=\"text\"/>\n    <result_name input_type=\"text\"/>\n</function>\n');
INSERT INTO `lu_task_step_function` (`function_name`, `function_label`, `category_name`, `sort_order`, `description`, `help`, `icon`, `xml_template`) VALUES ('aws_iam_DeactivateMFADevice','DeactivateMFADevice','aws_iam','182.00','','<a href=\"http://docs.amazonwebservices.com/IAM/latest/APIReference/API_DeactivateMFADevice.html\" target=\"_blank\">AWS documentation for DeactivateMFADevice</a>','icons/aws_16.png','<function command_type=\"aws_iam_DeactivateMFADevice\">\n<aws_region input_type=\"text\" label=\"AWS Region\" hr_after=\"true\" />\n    <SerialNumber input_type=\"text\"/>\n    <UserName input_type=\"text\"/>\n    <result_name input_type=\"text\"/>\n</function>\n');
INSERT INTO `lu_task_step_function` (`function_name`, `function_label`, `category_name`, `sort_order`, `description`, `help`, `icon`, `xml_template`) VALUES ('aws_iam_DeleteAccessKey','DeleteAccessKey','aws_iam','183.00','','<a href=\"http://docs.amazonwebservices.com/IAM/latest/APIReference/API_DeleteAccessKey.html\" target=\"_blank\">AWS documentation for DeleteAccessKey</a>','icons/aws_16.png','<function command_type=\"aws_iam_DeleteAccessKey\">\n<aws_region input_type=\"text\" label=\"AWS Region\" hr_after=\"true\" />\n    <AccessKeyId input_type=\"text\"/>\n    <UserName input_type=\"text\"/>\n    <result_name input_type=\"text\"/>\n</function>\n');
INSERT INTO `lu_task_step_function` (`function_name`, `function_label`, `category_name`, `sort_order`, `description`, `help`, `icon`, `xml_template`) VALUES ('aws_iam_DeleteAccountAlias','DeleteAccountAlias','aws_iam','184.00','','<a href=\"http://docs.amazonwebservices.com/IAM/latest/APIReference/API_DeleteAccountAlias.html\" target=\"_blank\">AWS documentation for DeleteAccountAlias</a>','icons/aws_16.png','<function command_type=\"aws_iam_DeleteAccountAlias\">\n<aws_region input_type=\"text\" label=\"AWS Region\" hr_after=\"true\" />\n    <AccountAlias input_type=\"text\"/>\n    <result_name input_type=\"text\"/>\n</function>\n');
INSERT INTO `lu_task_step_function` (`function_name`, `function_label`, `category_name`, `sort_order`, `description`, `help`, `icon`, `xml_template`) VALUES ('aws_iam_DeleteGroup','DeleteGroup','aws_iam','185.00','','<a href=\"http://docs.amazonwebservices.com/IAM/latest/APIReference/API_DeleteGroup.html\" target=\"_blank\">AWS documentation for DeleteGroup</a>','icons/aws_16.png','<function command_type=\"aws_iam_DeleteGroup\">\n<aws_region input_type=\"text\" label=\"AWS Region\" hr_after=\"true\" />\n    <GroupName input_type=\"text\"/>\n    <result_name input_type=\"text\"/>\n</function>\n');
INSERT INTO `lu_task_step_function` (`function_name`, `function_label`, `category_name`, `sort_order`, `description`, `help`, `icon`, `xml_template`) VALUES ('aws_iam_DeleteGroupPolicy','DeleteGroupPolicy','aws_iam','186.00','','<a href=\"http://docs.amazonwebservices.com/IAM/latest/APIReference/API_DeleteGroupPolicy.html\" target=\"_blank\">AWS documentation for DeleteGroupPolicy</a>','icons/aws_16.png','<function command_type=\"aws_iam_DeleteGroupPolicy\">\n<aws_region input_type=\"text\" label=\"AWS Region\" hr_after=\"true\" />\n    <GroupName input_type=\"text\"/>\n    <PolicyName input_type=\"text\"/>\n    <result_name input_type=\"text\"/>\n</function>\n');
INSERT INTO `lu_task_step_function` (`function_name`, `function_label`, `category_name`, `sort_order`, `description`, `help`, `icon`, `xml_template`) VALUES ('aws_iam_DeleteLoginProfile','DeleteLoginProfile','aws_iam','187.00','','<a href=\"http://docs.amazonwebservices.com/IAM/latest/APIReference/API_DeleteLoginProfile.html\" target=\"_blank\">AWS documentation for DeleteLoginProfile</a>','icons/aws_16.png','<function command_type=\"aws_iam_DeleteLoginProfile\">\n<aws_region input_type=\"text\" label=\"AWS Region\" hr_after=\"true\" />\n    <UserName input_type=\"text\"/>\n    <result_name input_type=\"text\"/>\n</function>\n');
INSERT INTO `lu_task_step_function` (`function_name`, `function_label`, `category_name`, `sort_order`, `description`, `help`, `icon`, `xml_template`) VALUES ('aws_iam_DeleteServerCertificate','DeleteServerCertificate','aws_iam','188.00','','<a href=\"http://docs.amazonwebservices.com/IAM/latest/APIReference/API_DeleteServerCertificate.html\" target=\"_blank\">AWS documentation for DeleteServerCertificate</a>','icons/aws_16.png','<function command_type=\"aws_iam_DeleteServerCertificate\">\n<aws_region input_type=\"text\" label=\"AWS Region\" hr_after=\"true\" />\n    <ServerCertificateName input_type=\"text\"/>\n    <result_name input_type=\"text\"/>\n</function>\n');
INSERT INTO `lu_task_step_function` (`function_name`, `function_label`, `category_name`, `sort_order`, `description`, `help`, `icon`, `xml_template`) VALUES ('aws_iam_DeleteSigningCertificate','DeleteSigningCertificate','aws_iam','189.00','','<a href=\"http://docs.amazonwebservices.com/IAM/latest/APIReference/API_DeleteSigningCertificate.html\" target=\"_blank\">AWS documentation for DeleteSigningCertificate</a>','icons/aws_16.png','<function command_type=\"aws_iam_DeleteSigningCertificate\">\n<aws_region input_type=\"text\" label=\"AWS Region\" hr_after=\"true\" />\n    <CertificateId input_type=\"text\"/>\n    <UserName input_type=\"text\"/>\n    <result_name input_type=\"text\"/>\n</function>\n');
INSERT INTO `lu_task_step_function` (`function_name`, `function_label`, `category_name`, `sort_order`, `description`, `help`, `icon`, `xml_template`) VALUES ('aws_iam_DeleteUser','DeleteUser','aws_iam','190.00','','<a href=\"http://docs.amazonwebservices.com/IAM/latest/APIReference/API_DeleteUser.html\" target=\"_blank\">AWS documentation for DeleteUser</a>','icons/aws_16.png','<function command_type=\"aws_iam_DeleteUser\">\n<aws_region input_type=\"text\" label=\"AWS Region\" hr_after=\"true\" />\n    <UserName input_type=\"text\"/>\n    <result_name input_type=\"text\"/>\n</function>\n');
INSERT INTO `lu_task_step_function` (`function_name`, `function_label`, `category_name`, `sort_order`, `description`, `help`, `icon`, `xml_template`) VALUES ('aws_iam_DeleteUserPolicy','DeleteUserPolicy','aws_iam','191.00','','<a href=\"http://docs.amazonwebservices.com/IAM/latest/APIReference/API_DeleteUserPolicy.html\" target=\"_blank\">AWS documentation for DeleteUserPolicy</a>','icons/aws_16.png','<function command_type=\"aws_iam_DeleteUserPolicy\">\n<aws_region input_type=\"text\" label=\"AWS Region\" hr_after=\"true\" />\n    <PolicyName input_type=\"text\"/>\n    <UserName input_type=\"text\"/>\n    <result_name input_type=\"text\"/>\n</function>\n');
INSERT INTO `lu_task_step_function` (`function_name`, `function_label`, `category_name`, `sort_order`, `description`, `help`, `icon`, `xml_template`) VALUES ('aws_iam_EnableMFADevice','EnableMFADevice','aws_iam','192.00','','<a href=\"http://docs.amazonwebservices.com/IAM/latest/APIReference/API_EnableMFADevice.html\" target=\"_blank\">AWS documentation for EnableMFADevice</a>','icons/aws_16.png','<function command_type=\"aws_iam_EnableMFADevice\">\n<aws_region input_type=\"text\" label=\"AWS Region\" hr_after=\"true\" />\n    <AuthenticationCode1 input_type=\"text\"/>\n    <AuthenticationCode2 input_type=\"text\"/>\n    <SerialNumber input_type=\"text\"/>\n    <UserName input_type=\"text\"/>\n    <result_name input_type=\"text\"/>\n</function>\n');
INSERT INTO `lu_task_step_function` (`function_name`, `function_label`, `category_name`, `sort_order`, `description`, `help`, `icon`, `xml_template`) VALUES ('aws_iam_GetAccountSummary','GetAccountSummary','aws_iam','193.00','','<a href=\"http://docs.amazonwebservices.com/IAM/latest/APIReference/API_GetAccountSummary.html\" target=\"_blank\">AWS documentation for GetAccountSummary</a>','icons/aws_16.png','<function command_type=\"aws_iam_GetAccountSummary\">\n<aws_region input_type=\"text\" label=\"AWS Region\" hr_after=\"true\" />\n    <result_name input_type=\"text\"/>\n</function>\n');
INSERT INTO `lu_task_step_function` (`function_name`, `function_label`, `category_name`, `sort_order`, `description`, `help`, `icon`, `xml_template`) VALUES ('aws_iam_GetGroup','GetGroup','aws_iam','194.00','','<a href=\"http://docs.amazonwebservices.com/IAM/latest/APIReference/API_GetGroup.html\" target=\"_blank\">AWS documentation for GetGroup</a>','icons/aws_16.png','<function command_type=\"aws_iam_GetGroup\">\n<aws_region input_type=\"text\" label=\"AWS Region\" hr_after=\"true\" />\n    <GroupName input_type=\"text\"/>\n    <Marker input_type=\"text\"/>\n    <MaxItems input_type=\"text\"/>\n    <result_name input_type=\"text\"/>\n</function>\n');
INSERT INTO `lu_task_step_function` (`function_name`, `function_label`, `category_name`, `sort_order`, `description`, `help`, `icon`, `xml_template`) VALUES ('aws_iam_GetGroupPolicy','GetGroupPolicy','aws_iam','195.00','','<a href=\"http://docs.amazonwebservices.com/IAM/latest/APIReference/API_GetGroupPolicy.html\" target=\"_blank\">AWS documentation for GetGroupPolicy</a>','icons/aws_16.png','<function command_type=\"aws_iam_GetGroupPolicy\">\n<aws_region input_type=\"text\" label=\"AWS Region\" hr_after=\"true\" />\n    <GroupName input_type=\"text\"/>\n    <PolicyName input_type=\"text\"/>\n    <result_name input_type=\"text\"/>\n</function>\n');
INSERT INTO `lu_task_step_function` (`function_name`, `function_label`, `category_name`, `sort_order`, `description`, `help`, `icon`, `xml_template`) VALUES ('aws_iam_GetLoginProfile','GetLoginProfile','aws_iam','196.00','','<a href=\"http://docs.amazonwebservices.com/IAM/latest/APIReference/API_GetLoginProfile.html\" target=\"_blank\">AWS documentation for GetLoginProfile</a>','icons/aws_16.png','<function command_type=\"aws_iam_GetLoginProfile\">\n<aws_region input_type=\"text\" label=\"AWS Region\" hr_after=\"true\" />\n    <UserName input_type=\"text\"/>\n    <result_name input_type=\"text\"/>\n</function>\n');
INSERT INTO `lu_task_step_function` (`function_name`, `function_label`, `category_name`, `sort_order`, `description`, `help`, `icon`, `xml_template`) VALUES ('aws_iam_GetServerCertificate','GetServerCertificate','aws_iam','197.00','','<a href=\"http://docs.amazonwebservices.com/IAM/latest/APIReference/API_GetServerCertificate.html\" target=\"_blank\">AWS documentation for GetServerCertificate</a>','icons/aws_16.png','<function command_type=\"aws_iam_GetServerCertificate\">\n<aws_region input_type=\"text\" label=\"AWS Region\" hr_after=\"true\" />\n    <ServerCertificateName input_type=\"text\"/>\n    <result_name input_type=\"text\"/>\n</function>\n');
INSERT INTO `lu_task_step_function` (`function_name`, `function_label`, `category_name`, `sort_order`, `description`, `help`, `icon`, `xml_template`) VALUES ('aws_iam_GetUser','GetUser','aws_iam','198.00','','<a href=\"http://docs.amazonwebservices.com/IAM/latest/APIReference/API_GetUser.html\" target=\"_blank\">AWS documentation for GetUser</a>','icons/aws_16.png','<function command_type=\"aws_iam_GetUser\">\n<aws_region input_type=\"text\" label=\"AWS Region\" hr_after=\"true\" />\n    <UserName input_type=\"text\"/>\n    <result_name input_type=\"text\"/>\n</function>\n');
INSERT INTO `lu_task_step_function` (`function_name`, `function_label`, `category_name`, `sort_order`, `description`, `help`, `icon`, `xml_template`) VALUES ('aws_iam_GetUserPolicy','GetUserPolicy','aws_iam','199.00','','<a href=\"http://docs.amazonwebservices.com/IAM/latest/APIReference/API_GetUserPolicy.html\" target=\"_blank\">AWS documentation for GetUserPolicy</a>','icons/aws_16.png','<function command_type=\"aws_iam_GetUserPolicy\">\n<aws_region input_type=\"text\" label=\"AWS Region\" hr_after=\"true\" />\n    <PolicyName input_type=\"text\"/>\n    <UserName input_type=\"text\"/>\n    <result_name input_type=\"text\"/>\n</function>\n');
INSERT INTO `lu_task_step_function` (`function_name`, `function_label`, `category_name`, `sort_order`, `description`, `help`, `icon`, `xml_template`) VALUES ('aws_iam_ListAccessKeys','ListAccessKeys','aws_iam','200.00','','<a href=\"http://docs.amazonwebservices.com/IAM/latest/APIReference/API_ListAccessKeys.html\" target=\"_blank\">AWS documentation for ListAccessKeys</a>','icons/aws_16.png','<function command_type=\"aws_iam_ListAccessKeys\">\n<aws_region input_type=\"text\" label=\"AWS Region\" hr_after=\"true\" />\n    <Marker input_type=\"text\"/>\n    <MaxItems input_type=\"text\"/>\n    <UserName input_type=\"text\"/>\n    <result_name input_type=\"text\"/>\n</function>\n');
INSERT INTO `lu_task_step_function` (`function_name`, `function_label`, `category_name`, `sort_order`, `description`, `help`, `icon`, `xml_template`) VALUES ('aws_iam_ListAccountAliases','ListAccountAliases','aws_iam','201.00','','<a href=\"http://docs.amazonwebservices.com/IAM/latest/APIReference/API_ListAccountAliases.html\" target=\"_blank\">AWS documentation for ListAccountAliases</a>','icons/aws_16.png','<function command_type=\"aws_iam_ListAccountAliases\">\n<aws_region input_type=\"text\" label=\"AWS Region\" hr_after=\"true\" />\n    <Marker input_type=\"text\"/>\n    <MaxItems input_type=\"text\"/>\n    <result_name input_type=\"text\"/>\n</function>\n');
INSERT INTO `lu_task_step_function` (`function_name`, `function_label`, `category_name`, `sort_order`, `description`, `help`, `icon`, `xml_template`) VALUES ('aws_iam_ListGroupPolicies','ListGroupPolicies','aws_iam','202.00','','<a href=\"http://docs.amazonwebservices.com/IAM/latest/APIReference/API_ListGroupPolicies.html\" target=\"_blank\">AWS documentation for ListGroupPolicies</a>','icons/aws_16.png','<function command_type=\"aws_iam_ListGroupPolicies\">\n<aws_region input_type=\"text\" label=\"AWS Region\" hr_after=\"true\" />\n    <GroupName input_type=\"text\"/>\n    <Marker input_type=\"text\"/>\n    <MaxItems input_type=\"text\"/>\n    <result_name input_type=\"text\"/>\n</function>\n');
INSERT INTO `lu_task_step_function` (`function_name`, `function_label`, `category_name`, `sort_order`, `description`, `help`, `icon`, `xml_template`) VALUES ('aws_iam_ListGroups','ListGroups','aws_iam','203.00','','<a href=\"http://docs.amazonwebservices.com/IAM/latest/APIReference/API_ListGroups.html\" target=\"_blank\">AWS documentation for ListGroups</a>','icons/aws_16.png','<function command_type=\"aws_iam_ListGroups\">\n<aws_region input_type=\"text\" label=\"AWS Region\" hr_after=\"true\" />\n    <Marker input_type=\"text\"/>\n    <MaxItems input_type=\"text\"/>\n    <PathPrefix input_type=\"text\"/>\n    <result_name input_type=\"text\"/>\n</function>\n');
INSERT INTO `lu_task_step_function` (`function_name`, `function_label`, `category_name`, `sort_order`, `description`, `help`, `icon`, `xml_template`) VALUES ('aws_iam_ListGroupsForUser','ListGroupsForUser','aws_iam','204.00','','<a href=\"http://docs.amazonwebservices.com/IAM/latest/APIReference/API_ListGroupsForUser.html\" target=\"_blank\">AWS documentation for ListGroupsForUser</a>','icons/aws_16.png','<function command_type=\"aws_iam_ListGroupsForUser\">\n<aws_region input_type=\"text\" label=\"AWS Region\" hr_after=\"true\" />\n    <Marker input_type=\"text\"/>\n    <MaxItems input_type=\"text\"/>\n    <UserName input_type=\"text\"/>\n    <result_name input_type=\"text\"/>\n</function>\n');
INSERT INTO `lu_task_step_function` (`function_name`, `function_label`, `category_name`, `sort_order`, `description`, `help`, `icon`, `xml_template`) VALUES ('aws_iam_ListMFADevices','ListMFADevices','aws_iam','205.00','','<a href=\"http://docs.amazonwebservices.com/IAM/latest/APIReference/API_ListMFADevices.html\" target=\"_blank\">AWS documentation for ListMFADevices</a>','icons/aws_16.png','<function command_type=\"aws_iam_ListMFADevices\">\n<aws_region input_type=\"text\" label=\"AWS Region\" hr_after=\"true\" />\n    <Marker input_type=\"text\"/>\n    <MaxItems input_type=\"text\"/>\n    <UserName input_type=\"text\"/>\n    <result_name input_type=\"text\"/>\n</function>\n');
INSERT INTO `lu_task_step_function` (`function_name`, `function_label`, `category_name`, `sort_order`, `description`, `help`, `icon`, `xml_template`) VALUES ('aws_iam_ListServerCertificates','ListServerCertificates','aws_iam','206.00','','<a href=\"http://docs.amazonwebservices.com/IAM/latest/APIReference/API_ListServerCertificates.html\" target=\"_blank\">AWS documentation for ListServerCertificates</a>','icons/aws_16.png','<function command_type=\"aws_iam_ListServerCertificates\">\n<aws_region input_type=\"text\" label=\"AWS Region\" hr_after=\"true\" />\n    <Marker input_type=\"text\"/>\n    <MaxItems input_type=\"text\"/>\n    <PathPrefix input_type=\"text\"/>\n    <result_name input_type=\"text\"/>\n</function>\n');
INSERT INTO `lu_task_step_function` (`function_name`, `function_label`, `category_name`, `sort_order`, `description`, `help`, `icon`, `xml_template`) VALUES ('aws_iam_ListSigningCertificates','ListSigningCertificates','aws_iam','207.00','','<a href=\"http://docs.amazonwebservices.com/IAM/latest/APIReference/API_ListSigningCertificates.html\" target=\"_blank\">AWS documentation for ListSigningCertificates</a>','icons/aws_16.png','<function command_type=\"aws_iam_ListSigningCertificates\">\n<aws_region input_type=\"text\" label=\"AWS Region\" hr_after=\"true\" />\n    <Marker input_type=\"text\"/>\n    <MaxItems input_type=\"text\"/>\n    <UserName input_type=\"text\"/>\n    <result_name input_type=\"text\"/>\n</function>\n');
INSERT INTO `lu_task_step_function` (`function_name`, `function_label`, `category_name`, `sort_order`, `description`, `help`, `icon`, `xml_template`) VALUES ('aws_iam_ListUserPolicies','ListUserPolicies','aws_iam','208.00','','<a href=\"http://docs.amazonwebservices.com/IAM/latest/APIReference/API_ListUserPolicies.html\" target=\"_blank\">AWS documentation for ListUserPolicies</a>','icons/aws_16.png','<function command_type=\"aws_iam_ListUserPolicies\">\n<aws_region input_type=\"text\" label=\"AWS Region\" hr_after=\"true\" />\n    <Marker input_type=\"text\"/>\n    <MaxItems input_type=\"text\"/>\n    <UserName input_type=\"text\"/>\n    <result_name input_type=\"text\"/>\n</function>\n');
INSERT INTO `lu_task_step_function` (`function_name`, `function_label`, `category_name`, `sort_order`, `description`, `help`, `icon`, `xml_template`) VALUES ('aws_iam_ListUsers','ListUsers','aws_iam','209.00','','<a href=\"http://docs.amazonwebservices.com/IAM/latest/APIReference/API_ListUsers.html\" target=\"_blank\">AWS documentation for ListUsers</a>','icons/aws_16.png','<function command_type=\"aws_iam_ListUsers\">\n<aws_region input_type=\"text\" label=\"AWS Region\" hr_after=\"true\" />\n    <Marker input_type=\"text\"/>\n    <MaxItems input_type=\"text\"/>\n    <PathPrefix input_type=\"text\"/>\n    <result_name input_type=\"text\"/>\n</function>\n');
INSERT INTO `lu_task_step_function` (`function_name`, `function_label`, `category_name`, `sort_order`, `description`, `help`, `icon`, `xml_template`) VALUES ('aws_iam_PutGroupPolicy','PutGroupPolicy','aws_iam','210.00','','<a href=\"http://docs.amazonwebservices.com/IAM/latest/APIReference/API_PutGroupPolicy.html\" target=\"_blank\">AWS documentation for PutGroupPolicy</a>','icons/aws_16.png','<function command_type=\"aws_iam_PutGroupPolicy\">\n<aws_region input_type=\"text\" label=\"AWS Region\" hr_after=\"true\" />\n    <GroupName input_type=\"text\"/>\n    <PolicyDocument input_type=\"text\"/>\n    <PolicyName input_type=\"text\"/>\n    <result_name input_type=\"text\"/>\n</function>\n');
INSERT INTO `lu_task_step_function` (`function_name`, `function_label`, `category_name`, `sort_order`, `description`, `help`, `icon`, `xml_template`) VALUES ('aws_iam_PutUserPolicy','PutUserPolicy','aws_iam','211.00','','<a href=\"http://docs.amazonwebservices.com/IAM/latest/APIReference/API_PutUserPolicy.html\" target=\"_blank\">AWS documentation for PutUserPolicy</a>','icons/aws_16.png','<function command_type=\"aws_iam_PutUserPolicy\">\n<aws_region input_type=\"text\" label=\"AWS Region\" hr_after=\"true\" />\n    <PolicyDocument input_type=\"text\"/>\n    <PolicyName input_type=\"text\"/>\n    <UserName input_type=\"text\"/>\n    <result_name input_type=\"text\"/>\n</function>\n');
INSERT INTO `lu_task_step_function` (`function_name`, `function_label`, `category_name`, `sort_order`, `description`, `help`, `icon`, `xml_template`) VALUES ('aws_iam_RemoveUserFromGroup','RemoveUserFromGroup','aws_iam','212.00','','<a href=\"http://docs.amazonwebservices.com/IAM/latest/APIReference/API_RemoveUserFromGroup.html\" target=\"_blank\">AWS documentation for RemoveUserFromGroup</a>','icons/aws_16.png','<function command_type=\"aws_iam_RemoveUserFromGroup\">\n<aws_region input_type=\"text\" label=\"AWS Region\" hr_after=\"true\" />\n    <GroupName input_type=\"text\"/>\n    <UserName input_type=\"text\"/>\n    <result_name input_type=\"text\"/>\n</function>\n');
INSERT INTO `lu_task_step_function` (`function_name`, `function_label`, `category_name`, `sort_order`, `description`, `help`, `icon`, `xml_template`) VALUES ('aws_iam_ResyncMFADevice','ResyncMFADevice','aws_iam','213.00','','<a href=\"http://docs.amazonwebservices.com/IAM/latest/APIReference/API_ResyncMFADevice.html\" target=\"_blank\">AWS documentation for ResyncMFADevice</a>','icons/aws_16.png','<function command_type=\"aws_iam_ResyncMFADevice\">\n<aws_region input_type=\"text\" label=\"AWS Region\" hr_after=\"true\" />\n    <AuthenticationCode1 input_type=\"text\"/>\n    <AuthenticationCode2 input_type=\"text\"/>\n    <SerialNumber input_type=\"text\"/>\n    <UserName input_type=\"text\"/>\n    <result_name input_type=\"text\"/>\n</function>\n');
INSERT INTO `lu_task_step_function` (`function_name`, `function_label`, `category_name`, `sort_order`, `description`, `help`, `icon`, `xml_template`) VALUES ('aws_iam_UpdateAccessKey','UpdateAccessKey','aws_iam','214.00','','<a href=\"http://docs.amazonwebservices.com/IAM/latest/APIReference/API_UpdateAccessKey.html\" target=\"_blank\">AWS documentation for UpdateAccessKey</a>','icons/aws_16.png','<function command_type=\"aws_iam_UpdateAccessKey\">\n<aws_region input_type=\"text\" label=\"AWS Region\" hr_after=\"true\" />\n    <AccessKeyId input_type=\"text\"/>\n    <Status input_type=\"text\"/>\n    <UserName input_type=\"text\"/>\n    <result_name input_type=\"text\"/>\n</function>\n');
INSERT INTO `lu_task_step_function` (`function_name`, `function_label`, `category_name`, `sort_order`, `description`, `help`, `icon`, `xml_template`) VALUES ('aws_iam_UpdateGroup','UpdateGroup','aws_iam','215.00','','<a href=\"http://docs.amazonwebservices.com/IAM/latest/APIReference/API_UpdateGroup.html\" target=\"_blank\">AWS documentation for UpdateGroup</a>','icons/aws_16.png','<function command_type=\"aws_iam_UpdateGroup\">\n<aws_region input_type=\"text\" label=\"AWS Region\" hr_after=\"true\" />\n    <GroupName input_type=\"text\"/>\n    <NewGroupName input_type=\"text\"/>\n    <NewPath input_type=\"text\"/>\n    <result_name input_type=\"text\"/>\n</function>\n');
INSERT INTO `lu_task_step_function` (`function_name`, `function_label`, `category_name`, `sort_order`, `description`, `help`, `icon`, `xml_template`) VALUES ('aws_iam_UpdateLoginProfile','UpdateLoginProfile','aws_iam','216.00','','<a href=\"http://docs.amazonwebservices.com/IAM/latest/APIReference/API_UpdateLoginProfile.html\" target=\"_blank\">AWS documentation for UpdateLoginProfile</a>','icons/aws_16.png','<function command_type=\"aws_iam_UpdateLoginProfile\">\n<aws_region input_type=\"text\" label=\"AWS Region\" hr_after=\"true\" />\n    <Password input_type=\"text\"/>\n    <UserName input_type=\"text\"/>\n    <result_name input_type=\"text\"/>\n</function>\n');
INSERT INTO `lu_task_step_function` (`function_name`, `function_label`, `category_name`, `sort_order`, `description`, `help`, `icon`, `xml_template`) VALUES ('aws_iam_UpdateServerCertificate','UpdateServerCertificate','aws_iam','217.00','','<a href=\"http://docs.amazonwebservices.com/IAM/latest/APIReference/API_UpdateServerCertificate.html\" target=\"_blank\">AWS documentation for UpdateServerCertificate</a>','icons/aws_16.png','<function command_type=\"aws_iam_UpdateServerCertificate\">\n<aws_region input_type=\"text\" label=\"AWS Region\" hr_after=\"true\" />\n    <NewPath input_type=\"text\"/>\n    <NewServerCertificateName input_type=\"text\"/>\n    <ServerCertificateName input_type=\"text\"/>\n    <result_name input_type=\"text\"/>\n</function>\n');
INSERT INTO `lu_task_step_function` (`function_name`, `function_label`, `category_name`, `sort_order`, `description`, `help`, `icon`, `xml_template`) VALUES ('aws_iam_UpdateSigningCertificate','UpdateSigningCertificate','aws_iam','218.00','','<a href=\"http://docs.amazonwebservices.com/IAM/latest/APIReference/API_UpdateSigningCertificate.html\" target=\"_blank\">AWS documentation for UpdateSigningCertificate</a>','icons/aws_16.png','<function command_type=\"aws_iam_UpdateSigningCertificate\">\n<aws_region input_type=\"text\" label=\"AWS Region\" hr_after=\"true\" />\n    <CertificateId input_type=\"text\"/>\n    <Status input_type=\"text\"/>\n    <UserName input_type=\"text\"/>\n    <result_name input_type=\"text\"/>\n</function>\n');
INSERT INTO `lu_task_step_function` (`function_name`, `function_label`, `category_name`, `sort_order`, `description`, `help`, `icon`, `xml_template`) VALUES ('aws_iam_UpdateUser','UpdateUser','aws_iam','219.00','','<a href=\"http://docs.amazonwebservices.com/IAM/latest/APIReference/API_UpdateUser.html\" target=\"_blank\">AWS documentation for UpdateUser</a>','icons/aws_16.png','<function command_type=\"aws_iam_UpdateUser\">\n<aws_region input_type=\"text\" label=\"AWS Region\" hr_after=\"true\" />\n    <NewPath input_type=\"text\"/>\n    <NewUserName input_type=\"text\"/>\n    <UserName input_type=\"text\"/>\n    <result_name input_type=\"text\"/>\n</function>\n');
INSERT INTO `lu_task_step_function` (`function_name`, `function_label`, `category_name`, `sort_order`, `description`, `help`, `icon`, `xml_template`) VALUES ('aws_iam_UploadServerCertificate','UploadServerCertificate','aws_iam','220.00','','<a href=\"http://docs.amazonwebservices.com/IAM/latest/APIReference/API_UploadServerCertificate.html\" target=\"_blank\">AWS documentation for UploadServerCertificate</a>','icons/aws_16.png','<function command_type=\"aws_iam_UploadServerCertificate\">\n<aws_region input_type=\"text\" label=\"AWS Region\" hr_after=\"true\" />\n    <CertificateBody input_type=\"text\"/>\n    <CertificateChain input_type=\"text\"/>\n    <Path input_type=\"text\"/>\n    <PrivateKey input_type=\"text\"/>\n    <ServerCertificateName input_type=\"text\"/>\n    <result_name input_type=\"text\"/>\n</function>\n');
INSERT INTO `lu_task_step_function` (`function_name`, `function_label`, `category_name`, `sort_order`, `description`, `help`, `icon`, `xml_template`) VALUES ('aws_iam_UploadSigningCertificate','UploadSigningCertificate','aws_iam','221.00','','<a href=\"http://docs.amazonwebservices.com/IAM/latest/APIReference/API_UploadSigningCertificate.html\" target=\"_blank\">AWS documentation for UploadSigningCertificate</a>','icons/aws_16.png','<function command_type=\"aws_iam_UploadSigningCertificate\">\n<aws_region input_type=\"text\" label=\"AWS Region\" hr_after=\"true\" />\n    <CertificateBody input_type=\"text\"/>\n    <UserName input_type=\"text\"/>\n    <result_name input_type=\"text\"/>\n</function>\n');
INSERT INTO `lu_task_step_function` (`function_name`, `function_label`, `category_name`, `sort_order`, `description`, `help`, `icon`, `xml_template`) VALUES ('aws_rds_AuthorizeDBSecurityGroupIngress','AuthorizeDBSecurityGroupIngress','aws_rds','113.00','','<a href=\"http://docs.amazonwebservices.com/AmazonRDS/latest/APIReference/API_AuthorizeDBSecurityGroupIngress.html\" target=\"_blank\">AWS documentation for AuthorizeDBSecurityGroupIngress</a>','icons/aws_16.png','<function command_type=\"aws_rds_AuthorizeDBSecurityGroupIngress\">\n<aws_region input_type=\"text\" label=\"AWS Region\" hr_after=\"true\" />\n    <CIDRIP input_type=\"text\"/>\n    <DBSecurityGroupName input_type=\"text\"/>\n    <EC2SecurityGroupName input_type=\"text\"/>\n    <EC2SecurityGroupOwnerId input_type=\"text\"/>\n    <result_name input_type=\"text\"/>\n</function>\n');
INSERT INTO `lu_task_step_function` (`function_name`, `function_label`, `category_name`, `sort_order`, `description`, `help`, `icon`, `xml_template`) VALUES ('aws_rds_CreateDBInstance','CreateDBInstance','aws_rds','114.00','','<a href=\"http://docs.amazonwebservices.com/AmazonRDS/latest/APIReference/API_CreateDBInstance.html\" target=\"_blank\">AWS documentation for CreateDBInstance</a>','icons/aws_16.png','<function command_type=\"aws_rds_CreateDBInstance\">\n<aws_region input_type=\"text\" label=\"AWS Region\" hr_after=\"true\" />\n    <AllocatedStorage input_type=\"text\"/>\n    <AutoMinorVersionUpgrade input_type=\"text\"/>\n    <AvailabilityZone input_type=\"text\"/>\n    <BackupRetentionPeriod input_type=\"text\"/>\n    <DBInstanceClass input_type=\"text\"/>\n    <DBInstanceIdentifier input_type=\"text\"/>\n    <DBName input_type=\"text\"/>\n    <DBParameterGroupName input_type=\"text\"/>\n    <DBSecurityGroups>\n        <member.N is_array=\"true\">\n            <member input_type=\"text\"/>\n        </member.N>\n    </DBSecurityGroups>\n    <Engine input_type=\"text\"/>\n    <EngineVersion input_type=\"text\"/>\n    <LicenseModel input_type=\"text\"/>\n    <MasterUserPassword input_type=\"text\"/>\n    <MasterUsername input_type=\"text\"/>\n    <MultiAZ input_type=\"text\"/>\n    <Port input_type=\"text\"/>\n    <PreferredBackupWindow input_type=\"text\"/>\n    <PreferredMaintenanceWindow input_type=\"text\"/>\n    <result_name input_type=\"text\"/>\n</function>\n');
INSERT INTO `lu_task_step_function` (`function_name`, `function_label`, `category_name`, `sort_order`, `description`, `help`, `icon`, `xml_template`) VALUES ('aws_rds_CreateDBInstanceReadReplica','CreateDBInstanceReadReplica','aws_rds','115.00','','<a href=\"http://docs.amazonwebservices.com/AmazonRDS/latest/APIReference/API_CreateDBInstanceReadReplica.html\" target=\"_blank\">AWS documentation for CreateDBInstanceReadReplica</a>','icons/aws_16.png','<function command_type=\"aws_rds_CreateDBInstanceReadReplica\">\n<aws_region input_type=\"text\" label=\"AWS Region\" hr_after=\"true\" />\n    <AutoMinorVersionUpgrade input_type=\"text\"/>\n    <AvailabilityZone input_type=\"text\"/>\n    <DBInstanceClass input_type=\"text\"/>\n    <DBInstanceIdentifier input_type=\"text\"/>\n    <Port input_type=\"text\"/>\n    <SourceDBInstanceIdentifier input_type=\"text\"/>\n    <result_name input_type=\"text\"/>\n</function>\n');
INSERT INTO `lu_task_step_function` (`function_name`, `function_label`, `category_name`, `sort_order`, `description`, `help`, `icon`, `xml_template`) VALUES ('aws_rds_CreateDBParameterGroup','CreateDBParameterGroup','aws_rds','116.00','','<a href=\"http://docs.amazonwebservices.com/AmazonRDS/latest/APIReference/API_CreateDBParameterGroup.html\" target=\"_blank\">AWS documentation for CreateDBParameterGroup</a>','icons/aws_16.png','<function command_type=\"aws_rds_CreateDBParameterGroup\">\n<aws_region input_type=\"text\" label=\"AWS Region\" hr_after=\"true\" />\n    <DBParameterGroupFamily input_type=\"text\"/>\n    <DBParameterGroupName input_type=\"text\"/>\n    <Description input_type=\"text\"/>\n    <result_name input_type=\"text\"/>\n</function>\n');
INSERT INTO `lu_task_step_function` (`function_name`, `function_label`, `category_name`, `sort_order`, `description`, `help`, `icon`, `xml_template`) VALUES ('aws_rds_CreateDBSecurityGroup','CreateDBSecurityGroup','aws_rds','117.00','','<a href=\"http://docs.amazonwebservices.com/AmazonRDS/latest/APIReference/API_CreateDBSecurityGroup.html\" target=\"_blank\">AWS documentation for CreateDBSecurityGroup</a>','icons/aws_16.png','<function command_type=\"aws_rds_CreateDBSecurityGroup\">\n<aws_region input_type=\"text\" label=\"AWS Region\" hr_after=\"true\" />\n    <DBSecurityGroupDescription input_type=\"text\"/>\n    <DBSecurityGroupName input_type=\"text\"/>\n    <result_name input_type=\"text\"/>\n</function>\n');
INSERT INTO `lu_task_step_function` (`function_name`, `function_label`, `category_name`, `sort_order`, `description`, `help`, `icon`, `xml_template`) VALUES ('aws_rds_CreateDBSnapshot','CreateDBSnapshot','aws_rds','118.00','','<a href=\"http://docs.amazonwebservices.com/AmazonRDS/latest/APIReference/API_CreateDBSnapshot.html\" target=\"_blank\">AWS documentation for CreateDBSnapshot</a>','icons/aws_16.png','<function command_type=\"aws_rds_CreateDBSnapshot\">\n<aws_region input_type=\"text\" label=\"AWS Region\" hr_after=\"true\" />\n    <DBInstanceIdentifier input_type=\"text\"/>\n    <DBSnapshotIdentifier input_type=\"text\"/>\n    <result_name input_type=\"text\"/>\n</function>\n');
INSERT INTO `lu_task_step_function` (`function_name`, `function_label`, `category_name`, `sort_order`, `description`, `help`, `icon`, `xml_template`) VALUES ('aws_rds_DeleteDBInstance','DeleteDBInstance','aws_rds','119.00','','<a href=\"http://docs.amazonwebservices.com/AmazonRDS/latest/APIReference/API_DeleteDBInstance.html\" target=\"_blank\">AWS documentation for DeleteDBInstance</a>','icons/aws_16.png','<function command_type=\"aws_rds_DeleteDBInstance\">\n<aws_region input_type=\"text\" label=\"AWS Region\" hr_after=\"true\" />\n    <DBInstanceIdentifier input_type=\"text\"/>\n    <FinalDBSnapshotIdentifier input_type=\"text\"/>\n    <SkipFinalSnapshot input_type=\"text\"/>\n    <result_name input_type=\"text\"/>\n</function>\n');
INSERT INTO `lu_task_step_function` (`function_name`, `function_label`, `category_name`, `sort_order`, `description`, `help`, `icon`, `xml_template`) VALUES ('aws_rds_DeleteDBParameterGroup','DeleteDBParameterGroup','aws_rds','120.00','','<a href=\"http://docs.amazonwebservices.com/AmazonRDS/latest/APIReference/API_DeleteDBParameterGroup.html\" target=\"_blank\">AWS documentation for DeleteDBParameterGroup</a>','icons/aws_16.png','<function command_type=\"aws_rds_DeleteDBParameterGroup\">\n<aws_region input_type=\"text\" label=\"AWS Region\" hr_after=\"true\" />\n    <DBParameterGroupName input_type=\"text\"/>\n    <result_name input_type=\"text\"/>\n</function>\n');
INSERT INTO `lu_task_step_function` (`function_name`, `function_label`, `category_name`, `sort_order`, `description`, `help`, `icon`, `xml_template`) VALUES ('aws_rds_DeleteDBSecurityGroup','DeleteDBSecurityGroup','aws_rds','121.00','','<a href=\"http://docs.amazonwebservices.com/AmazonRDS/latest/APIReference/API_DeleteDBSecurityGroup.html\" target=\"_blank\">AWS documentation for DeleteDBSecurityGroup</a>','icons/aws_16.png','<function command_type=\"aws_rds_DeleteDBSecurityGroup\">\n<aws_region input_type=\"text\" label=\"AWS Region\" hr_after=\"true\" />\n    <DBSecurityGroupName input_type=\"text\"/>\n    <result_name input_type=\"text\"/>\n</function>\n');
INSERT INTO `lu_task_step_function` (`function_name`, `function_label`, `category_name`, `sort_order`, `description`, `help`, `icon`, `xml_template`) VALUES ('aws_rds_DeleteDBSnapshot','DeleteDBSnapshot','aws_rds','122.00','','<a href=\"http://docs.amazonwebservices.com/AmazonRDS/latest/APIReference/API_DeleteDBSnapshot.html\" target=\"_blank\">AWS documentation for DeleteDBSnapshot</a>','icons/aws_16.png','<function command_type=\"aws_rds_DeleteDBSnapshot\">\n<aws_region input_type=\"text\" label=\"AWS Region\" hr_after=\"true\" />\n    <DBSnapshotIdentifier input_type=\"text\"/>\n    <result_name input_type=\"text\"/>\n</function>\n');
INSERT INTO `lu_task_step_function` (`function_name`, `function_label`, `category_name`, `sort_order`, `description`, `help`, `icon`, `xml_template`) VALUES ('aws_rds_DescribeDBEngineVersions','DescribeDBEngineVersions','aws_rds','123.00','','<a href=\"http://docs.amazonwebservices.com/AmazonRDS/latest/APIReference/API_DescribeDBEngineVersions.html\" target=\"_blank\">AWS documentation for DescribeDBEngineVersions</a>','icons/aws_16.png','<function command_type=\"aws_rds_DescribeDBEngineVersions\">\n<aws_region input_type=\"text\" label=\"AWS Region\" hr_after=\"true\" />\n    <DBParameterGroupFamily input_type=\"text\"/>\n    <DefaultOnly input_type=\"text\"/>\n    <Engine input_type=\"text\"/>\n    <EngineVersion input_type=\"text\"/>\n    <Marker input_type=\"text\"/>\n    <MaxRecords input_type=\"text\"/>\n    <result_name input_type=\"text\"/>\n</function>\n');
INSERT INTO `lu_task_step_function` (`function_name`, `function_label`, `category_name`, `sort_order`, `description`, `help`, `icon`, `xml_template`) VALUES ('aws_rds_DescribeDBInstances','DescribeDBInstances','aws_rds','124.00','','<a href=\"http://docs.amazonwebservices.com/AmazonRDS/latest/APIReference/API_DescribeDBInstances.html\" target=\"_blank\">AWS documentation for DescribeDBInstances</a>','icons/aws_16.png','<function command_type=\"aws_rds_DescribeDBInstances\">\n<aws_region input_type=\"text\" label=\"AWS Region\" hr_after=\"true\" />\n    <DBInstanceIdentifier input_type=\"text\"/>\n    <Marker input_type=\"text\"/>\n    <MaxRecords input_type=\"text\"/>\n    <result_name input_type=\"text\"/>\n</function>\n');
INSERT INTO `lu_task_step_function` (`function_name`, `function_label`, `category_name`, `sort_order`, `description`, `help`, `icon`, `xml_template`) VALUES ('aws_rds_DescribeDBParameterGroups','DescribeDBParameterGroups','aws_rds','125.00','','<a href=\"http://docs.amazonwebservices.com/AmazonRDS/latest/APIReference/API_DescribeDBParameterGroups.html\" target=\"_blank\">AWS documentation for DescribeDBParameterGroups</a>','icons/aws_16.png','<function command_type=\"aws_rds_DescribeDBParameterGroups\">\n<aws_region input_type=\"text\" label=\"AWS Region\" hr_after=\"true\" />\n    <DBParameterGroupName input_type=\"text\"/>\n    <Marker input_type=\"text\"/>\n    <MaxRecords input_type=\"text\"/>\n    <result_name input_type=\"text\"/>\n</function>\n');
INSERT INTO `lu_task_step_function` (`function_name`, `function_label`, `category_name`, `sort_order`, `description`, `help`, `icon`, `xml_template`) VALUES ('aws_rds_DescribeDBParameters','DescribeDBParameters','aws_rds','126.00','','<a href=\"http://docs.amazonwebservices.com/AmazonRDS/latest/APIReference/API_DescribeDBParameters.html\" target=\"_blank\">AWS documentation for DescribeDBParameters</a>','icons/aws_16.png','<function command_type=\"aws_rds_DescribeDBParameters\">\n<aws_region input_type=\"text\" label=\"AWS Region\" hr_after=\"true\" />\n    <DBParameterGroupName input_type=\"text\"/>\n    <Marker input_type=\"text\"/>\n    <MaxRecords input_type=\"text\"/>\n    <Source input_type=\"text\"/>\n    <result_name input_type=\"text\"/>\n</function>\n');
INSERT INTO `lu_task_step_function` (`function_name`, `function_label`, `category_name`, `sort_order`, `description`, `help`, `icon`, `xml_template`) VALUES ('aws_rds_DescribeDBSecurityGroups','DescribeDBSecurityGroups','aws_rds','127.00','','<a href=\"http://docs.amazonwebservices.com/AmazonRDS/latest/APIReference/API_DescribeDBSecurityGroups.html\" target=\"_blank\">AWS documentation for DescribeDBSecurityGroups</a>','icons/aws_16.png','<function command_type=\"aws_rds_DescribeDBSecurityGroups\">\n<aws_region input_type=\"text\" label=\"AWS Region\" hr_after=\"true\" />\n    <DBSecurityGroupName input_type=\"text\"/>\n    <Marker input_type=\"text\"/>\n    <MaxRecords input_type=\"text\"/>\n    <result_name input_type=\"text\"/>\n</function>\n');
INSERT INTO `lu_task_step_function` (`function_name`, `function_label`, `category_name`, `sort_order`, `description`, `help`, `icon`, `xml_template`) VALUES ('aws_rds_DescribeDBSnapshots','DescribeDBSnapshots','aws_rds','128.00','','<a href=\"http://docs.amazonwebservices.com/AmazonRDS/latest/APIReference/API_DescribeDBSnapshots.html\" target=\"_blank\">AWS documentation for DescribeDBSnapshots</a>','icons/aws_16.png','<function command_type=\"aws_rds_DescribeDBSnapshots\">\n<aws_region input_type=\"text\" label=\"AWS Region\" hr_after=\"true\" />\n    <DBInstanceIdentifier input_type=\"text\"/>\n    <DBSnapshotIdentifier input_type=\"text\"/>\n    <Marker input_type=\"text\"/>\n    <MaxRecords input_type=\"text\"/>\n    <result_name input_type=\"text\"/>\n</function>\n');
INSERT INTO `lu_task_step_function` (`function_name`, `function_label`, `category_name`, `sort_order`, `description`, `help`, `icon`, `xml_template`) VALUES ('aws_rds_DescribeEngineDefaultParameters','DescribeEngineDefaultParameters','aws_rds','129.00','','<a href=\"http://docs.amazonwebservices.com/AmazonRDS/latest/APIReference/API_DescribeEngineDefaultParameters.html\" target=\"_blank\">AWS documentation for DescribeEngineDefaultParameters</a>','icons/aws_16.png','<function command_type=\"aws_rds_DescribeEngineDefaultParameters\">\n<aws_region input_type=\"text\" label=\"AWS Region\" hr_after=\"true\" />\n    <DBParameterGroupFamily input_type=\"text\"/>\n    <Marker input_type=\"text\"/>\n    <MaxRecords input_type=\"text\"/>\n    <result_name input_type=\"text\"/>\n</function>\n');
INSERT INTO `lu_task_step_function` (`function_name`, `function_label`, `category_name`, `sort_order`, `description`, `help`, `icon`, `xml_template`) VALUES ('aws_rds_DescribeEvents','DescribeEvents','aws_rds','130.00','','<a href=\"http://docs.amazonwebservices.com/AmazonRDS/latest/APIReference/API_DescribeEvents.html\" target=\"_blank\">AWS documentation for DescribeEvents</a>','icons/aws_16.png','<function command_type=\"aws_rds_DescribeEvents\">\n<aws_region input_type=\"text\" label=\"AWS Region\" hr_after=\"true\" />\n    <Duration input_type=\"text\"/>\n    <EndTime input_type=\"text\"/>\n    <Marker input_type=\"text\"/>\n    <MaxRecords input_type=\"text\"/>\n    <SourceIdentifier input_type=\"text\"/>\n    <SourceType input_type=\"text\"/>\n    <StartTime input_type=\"text\"/>\n    <result_name input_type=\"text\"/>\n</function>\n');
INSERT INTO `lu_task_step_function` (`function_name`, `function_label`, `category_name`, `sort_order`, `description`, `help`, `icon`, `xml_template`) VALUES ('aws_rds_DescribeReservedDBInstances','DescribeReservedDBInstances','aws_rds','131.00','','<a href=\"http://docs.amazonwebservices.com/AmazonRDS/latest/APIReference/API_DescribeReservedDBInstances.html\" target=\"_blank\">AWS documentation for DescribeReservedDBInstances</a>','icons/aws_16.png','<function command_type=\"aws_rds_DescribeReservedDBInstances\">\n<aws_region input_type=\"text\" label=\"AWS Region\" hr_after=\"true\" />\n    <DBInstanceClass input_type=\"text\"/>\n    <Duration input_type=\"text\"/>\n    <Marker input_type=\"text\"/>\n    <MaxRecords input_type=\"text\"/>\n    <MultiAZ input_type=\"text\"/>\n    <ProductDescription input_type=\"text\"/>\n    <ReservedDBInstanceId input_type=\"text\"/>\n    <ReservedDBInstancesOfferingId input_type=\"text\"/>\n    <result_name input_type=\"text\"/>\n</function>\n');
INSERT INTO `lu_task_step_function` (`function_name`, `function_label`, `category_name`, `sort_order`, `description`, `help`, `icon`, `xml_template`) VALUES ('aws_rds_DescribeReservedDBInstancesOfferings','DescribeReservedDBInstancesOfferings','aws_rds','132.00','','<a href=\"http://docs.amazonwebservices.com/AmazonRDS/latest/APIReference/API_DescribeReservedDBInstancesOfferings.html\" target=\"_blank\">AWS documentation for DescribeReservedDBInstancesOfferings</a>','icons/aws_16.png','<function command_type=\"aws_rds_DescribeReservedDBInstancesOfferings\">\n<aws_region input_type=\"text\" label=\"AWS Region\" hr_after=\"true\" />\n    <DBInstanceClass input_type=\"text\"/>\n    <Duration input_type=\"text\"/>\n    <Marker input_type=\"text\"/>\n    <MaxRecords input_type=\"text\"/>\n    <MultiAZ input_type=\"text\"/>\n    <ProductDescription input_type=\"text\"/>\n    <ReservedDBInstancesOfferingId input_type=\"text\"/>\n    <result_name input_type=\"text\"/>\n</function>\n');
INSERT INTO `lu_task_step_function` (`function_name`, `function_label`, `category_name`, `sort_order`, `description`, `help`, `icon`, `xml_template`) VALUES ('aws_rds_ModifyDBInstance','ModifyDBInstance','aws_rds','133.00','','<a href=\"http://docs.amazonwebservices.com/AmazonRDS/latest/APIReference/API_ModifyDBInstance.html\" target=\"_blank\">AWS documentation for ModifyDBInstance</a>','icons/aws_16.png','<function command_type=\"aws_rds_ModifyDBInstance\">\n<aws_region input_type=\"text\" label=\"AWS Region\" hr_after=\"true\" />\n    <AllocatedStorage input_type=\"text\"/>\n    <AllowMajorVersionUpgrade input_type=\"text\"/>\n    <ApplyImmediately input_type=\"text\"/>\n    <AutoMinorVersionUpgrade input_type=\"text\"/>\n    <BackupRetentionPeriod input_type=\"text\"/>\n    <DBInstanceClass input_type=\"text\"/>\n    <DBInstanceIdentifier input_type=\"text\"/>\n    <DBParameterGroupName input_type=\"text\"/>\n    <DBSecurityGroups>\n        <member.N is_array=\"true\">\n            <member input_type=\"text\"/>\n        </member.N>\n    </DBSecurityGroups>\n    <EngineVersion input_type=\"text\"/>\n    <MasterUserPassword input_type=\"text\"/>\n    <MultiAZ input_type=\"text\"/>\n    <PreferredBackupWindow input_type=\"text\"/>\n    <PreferredMaintenanceWindow input_type=\"text\"/>\n    <result_name input_type=\"text\"/>\n</function>\n');
INSERT INTO `lu_task_step_function` (`function_name`, `function_label`, `category_name`, `sort_order`, `description`, `help`, `icon`, `xml_template`) VALUES ('aws_rds_ModifyDBParameterGroup','ModifyDBParameterGroup','aws_rds','134.00','','<a href=\"http://docs.amazonwebservices.com/AmazonRDS/latest/APIReference/API_ModifyDBParameterGroup.html\" target=\"_blank\">AWS documentation for ModifyDBParameterGroup</a>','icons/aws_16.png','<function command_type=\"aws_rds_ModifyDBParameterGroup\">\n<aws_region input_type=\"text\" label=\"AWS Region\" hr_after=\"true\" />\n    <DBParameterGroupName input_type=\"text\"/>\n    <Parameters>\n        <member.N is_array=\"true\">\n            <member input_type=\"text\"/>\n        </member.N>\n    </Parameters>\n    <result_name input_type=\"text\"/>\n</function>\n');
INSERT INTO `lu_task_step_function` (`function_name`, `function_label`, `category_name`, `sort_order`, `description`, `help`, `icon`, `xml_template`) VALUES ('aws_rds_PurchaseReservedDBInstancesOffering','PurchaseReservedDBInstancesOffering','aws_rds','135.00','','<a href=\"http://docs.amazonwebservices.com/AmazonRDS/latest/APIReference/API_PurchaseReservedDBInstancesOffering.html\" target=\"_blank\">AWS documentation for PurchaseReservedDBInstancesOffering</a>','icons/aws_16.png','<function command_type=\"aws_rds_PurchaseReservedDBInstancesOffering\">\n<aws_region input_type=\"text\" label=\"AWS Region\" hr_after=\"true\" />\n    <DBInstanceCount input_type=\"text\"/>\n    <ReservedDBInstanceId input_type=\"text\"/>\n    <ReservedDBInstancesOfferingId input_type=\"text\"/>\n    <result_name input_type=\"text\"/>\n</function>\n');
INSERT INTO `lu_task_step_function` (`function_name`, `function_label`, `category_name`, `sort_order`, `description`, `help`, `icon`, `xml_template`) VALUES ('aws_rds_RebootDBInstance','RebootDBInstance','aws_rds','136.00','','<a href=\"http://docs.amazonwebservices.com/AmazonRDS/latest/APIReference/API_RebootDBInstance.html\" target=\"_blank\">AWS documentation for RebootDBInstance</a>','icons/aws_16.png','<function command_type=\"aws_rds_RebootDBInstance\">\n<aws_region input_type=\"text\" label=\"AWS Region\" hr_after=\"true\" />\n    <DBInstanceIdentifier input_type=\"text\"/>\n    <result_name input_type=\"text\"/>\n</function>\n');
INSERT INTO `lu_task_step_function` (`function_name`, `function_label`, `category_name`, `sort_order`, `description`, `help`, `icon`, `xml_template`) VALUES ('aws_rds_ResetDBParameterGroup','ResetDBParameterGroup','aws_rds','137.00','','<a href=\"http://docs.amazonwebservices.com/AmazonRDS/latest/APIReference/API_ResetDBParameterGroup.html\" target=\"_blank\">AWS documentation for ResetDBParameterGroup</a>','icons/aws_16.png','<function command_type=\"aws_rds_ResetDBParameterGroup\">\n<aws_region input_type=\"text\" label=\"AWS Region\" hr_after=\"true\" />\n    <DBParameterGroupName input_type=\"text\"/>\n    <Parameters>\n        <member.N is_array=\"true\">\n            <member input_type=\"text\"/>\n        </member.N>\n    </Parameters>\n    <ResetAllParameters input_type=\"text\"/>\n    <result_name input_type=\"text\"/>\n</function>\n');
INSERT INTO `lu_task_step_function` (`function_name`, `function_label`, `category_name`, `sort_order`, `description`, `help`, `icon`, `xml_template`) VALUES ('aws_rds_RestoreDBInstanceFromDBSnapshot','RestoreDBInstanceFromDBSnapshot','aws_rds','138.00','','<a href=\"http://docs.amazonwebservices.com/AmazonRDS/latest/APIReference/API_RestoreDBInstanceFromDBSnapshot.html\" target=\"_blank\">AWS documentation for RestoreDBInstanceFromDBSnapshot</a>','icons/aws_16.png','<function command_type=\"aws_rds_RestoreDBInstanceFromDBSnapshot\">\n<aws_region input_type=\"text\" label=\"AWS Region\" hr_after=\"true\" />\n    <AutoMinorVersionUpgrade input_type=\"text\"/>\n    <AvailabilityZone input_type=\"text\"/>\n    <DBInstanceClass input_type=\"text\"/>\n    <DBInstanceIdentifier input_type=\"text\"/>\n    <DBName input_type=\"text\"/>\n    <DBSnapshotIdentifier input_type=\"text\"/>\n    <Engine input_type=\"text\"/>\n    <LicenseModel input_type=\"text\"/>\n    <MultiAZ input_type=\"text\"/>\n    <Port input_type=\"text\"/>\n    <result_name input_type=\"text\"/>\n</function>\n');
INSERT INTO `lu_task_step_function` (`function_name`, `function_label`, `category_name`, `sort_order`, `description`, `help`, `icon`, `xml_template`) VALUES ('aws_rds_RestoreDBInstanceToPointInTime','RestoreDBInstanceToPointInTime','aws_rds','139.00','','<a href=\"http://docs.amazonwebservices.com/AmazonRDS/latest/APIReference/API_RestoreDBInstanceToPointInTime.html\" target=\"_blank\">AWS documentation for RestoreDBInstanceToPointInTime</a>','icons/aws_16.png','<function command_type=\"aws_rds_RestoreDBInstanceToPointInTime\">\n<aws_region input_type=\"text\" label=\"AWS Region\" hr_after=\"true\" />\n    <AutoMinorVersionUpgrade input_type=\"text\"/>\n    <AvailabilityZone input_type=\"text\"/>\n    <DBInstanceClass input_type=\"text\"/>\n    <DBName input_type=\"text\"/>\n    <Engine input_type=\"text\"/>\n    <LicenseModel input_type=\"text\"/>\n    <MultiAZ input_type=\"text\"/>\n    <Port input_type=\"text\"/>\n    <RestoreTime input_type=\"text\"/>\n    <SourceDBInstanceIdentifier input_type=\"text\"/>\n    <TargetDBInstanceIdentifier input_type=\"text\"/>\n    <UseLatestRestorableTime input_type=\"text\"/>\n    <result_name input_type=\"text\"/>\n</function>\n');
INSERT INTO `lu_task_step_function` (`function_name`, `function_label`, `category_name`, `sort_order`, `description`, `help`, `icon`, `xml_template`) VALUES ('aws_rds_RevokeDBSecurityGroupIngress','RevokeDBSecurityGroupIngress','aws_rds','140.00','','<a href=\"http://docs.amazonwebservices.com/AmazonRDS/latest/APIReference/API_RevokeDBSecurityGroupIngress.html\" target=\"_blank\">AWS documentation for RevokeDBSecurityGroupIngress</a>','icons/aws_16.png','<function command_type=\"aws_rds_RevokeDBSecurityGroupIngress\">\n<aws_region input_type=\"text\" label=\"AWS Region\" hr_after=\"true\" />\n    <CIDRIP input_type=\"text\"/>\n    <DBSecurityGroupName input_type=\"text\"/>\n    <EC2SecurityGroupName input_type=\"text\"/>\n    <EC2SecurityGroupOwnerId input_type=\"text\"/>\n    <result_name input_type=\"text\"/>\n</function>\n');
INSERT INTO `lu_task_step_function` (`function_name`, `function_label`, `category_name`, `sort_order`, `description`, `help`, `icon`, `xml_template`) VALUES ('aws_sdb_BatchDeleteAttributes','BatchDeleteAttributes','aws_sdb','103.00','','<a href=\"http://docs.amazonwebservices.com/AmazonSimpleDB/latest/DeveloperGuide/SDB_API_BatchDeleteAttributes.html\" target=\"_blank\">AWS documentation for BatchDeleteAttributes</a>','icons/aws_16.png','<function command_type=\"aws_sdb_BatchDeleteAttributes\"> <aws_region input_type=\"text\" label=\"AWS Region\" hr_after=\"true\" />\n<DomainName input_type=\"text\"/>\n<Item.Y is_array=\"true\">\n<Item>\n<ItemName input_type=\"text\"/>\n<Attribute.X is_array=\"true\">\n<Attribute>\n<Name input_type=\"text\"/>\n<Value input_type=\"text\"/>\n</Attribute>\n</Attribute.X>\n</Item>\n</Item.Y>\n<result_name input_type=\"text\"/>\n</function>\n');
INSERT INTO `lu_task_step_function` (`function_name`, `function_label`, `category_name`, `sort_order`, `description`, `help`, `icon`, `xml_template`) VALUES ('aws_sdb_BatchPutAttributes','BatchPutAttributes','aws_sdb','104.00','','<a href=\"http://docs.amazonwebservices.com/AmazonSimpleDB/latest/DeveloperGuide/SDB_API_BatchPutAttributes.html\" target=\"_blank\">AWS documentation for BatchPutAttributes</a>','icons/aws_16.png','<function command_type=\"aws_sdb_BatchPutAttributes\"> <aws_region input_type=\"text\" label=\"AWS Region\" hr_after=\"true\" />\n<DomainName input_type=\"text\"/>\n<Item.Y is_array=\"true\">\n<Item>\n<ItemName input_type=\"text\"/>\n<Attribute.X is_array=\"true\">\n<Attribute>\n<Name input_type=\"text\"/>\n<Value input_type=\"text\"/>\n<Replace input_type=\"text\"/>\n</Attribute>\n</Attribute.X>\n</Item>\n</Item.Y>\n<result_name input_type=\"text\"/>\n</function>\n');
INSERT INTO `lu_task_step_function` (`function_name`, `function_label`, `category_name`, `sort_order`, `description`, `help`, `icon`, `xml_template`) VALUES ('aws_sdb_CreateDomain','CreateDomain','aws_sdb','105.00','','<a href=\"http://docs.amazonwebservices.com/AmazonSimpleDB/latest/DeveloperGuide/SDB_API_CreateDomain.html\" target=\"_blank\">AWS documentation for CreateDomain</a>','icons/aws_16.png','<function command_type=\"aws_sdb_CreateDomain\">\n<aws_region input_type=\"text\" label=\"AWS Region\" hr_after=\"true\" />\r    <DomainName input_type=\"text\"/>\r    <result_name input_type=\"text\"/>\r</function>\r');
INSERT INTO `lu_task_step_function` (`function_name`, `function_label`, `category_name`, `sort_order`, `description`, `help`, `icon`, `xml_template`) VALUES ('aws_sdb_DeleteAttributes','DeleteAttributes','aws_sdb','106.00','','<a href=\"http://docs.amazonwebservices.com/AmazonSimpleDB/latest/DeveloperGuide/SDB_API_DeleteAttributes.html\" target=\"_blank\">AWS documentation for DeleteAttributes</a>','icons/aws_16.png','<function command_type=\"aws_sdb_DeleteAttributes\">\n<aws_region input_type=\"text\" label=\"AWS Region\" hr_after=\"true\" />\r    <DomainName input_type=\"text\"/>\r    <ItemName input_type=\"text\"/>\r    <Attribute.X is_array=\"true\">\r        <Attribute>\r            <Name input_type=\"text\"/>\r            <Value input_type=\"text\"/>\r        </Attribute>\r    </Attribute.X>\r    <Expected.X is_array=\"true\">\r        <Expected>\r            <Name input_type=\"text\"/>\r            <Value input_type=\"text\"/>\r            <Exists input_type=\"text\"/>\r        </Expected>\r    </Expected.X>\r    <result_name input_type=\"text\"/>\r</function>\r');
INSERT INTO `lu_task_step_function` (`function_name`, `function_label`, `category_name`, `sort_order`, `description`, `help`, `icon`, `xml_template`) VALUES ('aws_sdb_DeleteDomain','DeleteDomain','aws_sdb','107.00','','<a href=\"http://docs.amazonwebservices.com/AmazonSimpleDB/latest/DeveloperGuide/SDB_API_DeleteDomain.html\" target=\"_blank\">AWS documentation for DeleteDomain</a>','icons/aws_16.png','<function command_type=\"aws_sdb_DeleteDomain\">\n<aws_region input_type=\"text\" label=\"AWS Region\" hr_after=\"true\" />\r    <DomainName input_type=\"text\"/>\r    <result_name input_type=\"text\"/>\r</function>\r');
INSERT INTO `lu_task_step_function` (`function_name`, `function_label`, `category_name`, `sort_order`, `description`, `help`, `icon`, `xml_template`) VALUES ('aws_sdb_DomainMetadata','DomainMetadata','aws_sdb','108.00','','<a href=\"http://docs.amazonwebservices.com/AmazonSimpleDB/latest/DeveloperGuide/SDB_API_DomainMetadata.html\" target=\"_blank\">AWS documentation for DomainMetadata</a>','icons/aws_16.png','<function command_type=\"aws_sdb_DomainMetadata\">\n<aws_region input_type=\"text\" label=\"AWS Region\" hr_after=\"true\" />\r    <DomainName input_type=\"text\"/>\r    <result_name input_type=\"text\"/>\r</function>\r');
INSERT INTO `lu_task_step_function` (`function_name`, `function_label`, `category_name`, `sort_order`, `description`, `help`, `icon`, `xml_template`) VALUES ('aws_sdb_GetAttributes','GetAttributes','aws_sdb','109.00','','<a href=\"http://docs.amazonwebservices.com/AmazonSimpleDB/latest/DeveloperGuide/SDB_API_GetAttributes.html\" target=\"_blank\">AWS documentation for GetAttributes</a>','icons/aws_16.png','<function command_type=\"aws_sdb_GetAttributes\">\n<aws_region input_type=\"text\" label=\"AWS Region\" hr_after=\"true\" />\r    <DomainName input_type=\"text\"/>\r    <ItemName input_type=\"text\"/>\r    <AttributeName input_type=\"text\"/>\r    <ConsistentRead input_type=\"text\"/>\r    <result_name input_type=\"text\"/>\r</function>\r');
INSERT INTO `lu_task_step_function` (`function_name`, `function_label`, `category_name`, `sort_order`, `description`, `help`, `icon`, `xml_template`) VALUES ('aws_sdb_ListDomains','ListDomains','aws_sdb','110.00','','<a href=\"http://docs.amazonwebservices.com/AmazonSimpleDB/latest/DeveloperGuide/SDB_API_ListDomains.html\" target=\"_blank\">AWS documentation for ListDomains</a>','icons/aws_16.png','<function command_type=\"aws_sdb_ListDomains\">\n<aws_region input_type=\"text\" label=\"AWS Region\" hr_after=\"true\" />\r    <MaxNumberOfDomains input_type=\"text\"/>\r    <NextToken input_type=\"text\"/>\r    <result_name input_type=\"text\"/>\r</function>\r');
INSERT INTO `lu_task_step_function` (`function_name`, `function_label`, `category_name`, `sort_order`, `description`, `help`, `icon`, `xml_template`) VALUES ('aws_sdb_PutAttributes','PutAttributes','aws_sdb','111.00','','<a href=\"http://docs.amazonwebservices.com/AmazonSimpleDB/latest/DeveloperGuide/SDB_API_PutAttributes.html\" target=\"_blank\">AWS documentation for PutAttributes</a>','icons/aws_16.png','<function command_type=\"aws_sdb_PutAttributes\">\n<aws_region input_type=\"text\" label=\"AWS Region\" hr_after=\"true\" />\r    <DomainName input_type=\"text\"/>\r    <ItemName input_type=\"text\"/>\r    <Attribute.X is_array=\"true\">\r        <Attribute>\r            <Name input_type=\"text\"/>\r            <Value input_type=\"text\"/>\r            <Replace input_type=\"text\"/>\r        </Attribute>\r    </Attribute.X>\r    <Expected.X is_array=\"true\">\r        <Expected>\r            <Name input_type=\"text\"/>\r            <Value input_type=\"text\"/>\r            <Exists input_type=\"text\"/>\r        </Expected>\r    </Expected.X>\r    <result_name input_type=\"text\"/>\r</function>\r');
INSERT INTO `lu_task_step_function` (`function_name`, `function_label`, `category_name`, `sort_order`, `description`, `help`, `icon`, `xml_template`) VALUES ('aws_sdb_Select','Select','aws_sdb','112.00','','<a href=\"http://docs.amazonwebservices.com/AmazonSimpleDB/latest/DeveloperGuide/SDB_API_Select.html\" target=\"_blank\">AWS documentation for Select</a>','icons/aws_16.png','<function command_type=\"aws_sdb_Select\">\n<aws_region input_type=\"text\" label=\"AWS Region\" hr_after=\"true\" />\r    <SelectExpression input_type=\"text\"/>\r    <ConsistentRead input_type=\"text\"/>\r    <NextToken input_type=\"text\"/>\r    <result_name input_type=\"text\"/>\r</function>\r');
INSERT INTO `lu_task_step_function` (`function_name`, `function_label`, `category_name`, `sort_order`, `description`, `help`, `icon`, `xml_template`) VALUES ('aws_ses_DeleteVerifiedEmailAddress','DeleteVerifiedEmailAddress','aws_ses','237.00','','<a href=\"http://docs.amazonwebservices.com/ses/latest/APIReference/API_DeleteVerifiedEmailAddress.html\" target=\"_blank\">AWS documentation for DeleteVerifiedEmailAddress</a>','icons/aws_16.png','<function command_type=\"aws_ses_DeleteVerifiedEmailAddress\">\n<aws_region input_type=\"text\" label=\"AWS Region\" hr_after=\"true\" />\n    <EmailAddress input_type=\"text\"/>\n    <result_name input_type=\"text\"/>\n</function>\n');
INSERT INTO `lu_task_step_function` (`function_name`, `function_label`, `category_name`, `sort_order`, `description`, `help`, `icon`, `xml_template`) VALUES ('aws_ses_GetSendQuota','GetSendQuota','aws_ses','238.00','','<a href=\"http://docs.amazonwebservices.com/ses/latest/APIReference/API_GetSendQuota.html\" target=\"_blank\">AWS documentation for GetSendQuota</a>','icons/aws_16.png','<function command_type=\"aws_ses_GetSendQuota\">\n<aws_region input_type=\"text\" label=\"AWS Region\" hr_after=\"true\" />\n    <result_name input_type=\"text\"/>\n</function>\n');
INSERT INTO `lu_task_step_function` (`function_name`, `function_label`, `category_name`, `sort_order`, `description`, `help`, `icon`, `xml_template`) VALUES ('aws_ses_GetSendStatistics','GetSendStatistics','aws_ses','239.00','','<a href=\"http://docs.amazonwebservices.com/ses/latest/APIReference/API_GetSendStatistics.html\" target=\"_blank\">AWS documentation for GetSendStatistics</a>','icons/aws_16.png','<function command_type=\"aws_ses_GetSendStatistics\">\n<aws_region input_type=\"text\" label=\"AWS Region\" hr_after=\"true\" />\n    <result_name input_type=\"text\"/>\n</function>\n');
INSERT INTO `lu_task_step_function` (`function_name`, `function_label`, `category_name`, `sort_order`, `description`, `help`, `icon`, `xml_template`) VALUES ('aws_ses_ListVerifiedEmailAddresses','ListVerifiedEmailAddresses','aws_ses','240.00','','<a href=\"http://docs.amazonwebservices.com/ses/latest/APIReference/API_ListVerifiedEmailAddresses.html\" target=\"_blank\">AWS documentation for ListVerifiedEmailAddresses</a>','icons/aws_16.png','<function command_type=\"aws_ses_ListVerifiedEmailAddresses\">\n<aws_region input_type=\"text\" label=\"AWS Region\" hr_after=\"true\" />\n    <result_name input_type=\"text\"/>\n</function>\n');
INSERT INTO `lu_task_step_function` (`function_name`, `function_label`, `category_name`, `sort_order`, `description`, `help`, `icon`, `xml_template`) VALUES ('aws_ses_SendEmail','SendEmail','aws_ses','241.00','','<a href=\"http://docs.amazonwebservices.com/ses/latest/APIReference/API_SendEmail.html\" target=\"_blank\">AWS documentation for SendEmail</a>','icons/aws_16.png','<function command_type=\"aws_ses_SendEmail\">\n<aws_region input_type=\"text\" label=\"AWS Region\" hr_after=\"true\" />\n    <Destination input_type=\"text\"/>\n    <Message input_type=\"text\"/>\n    <ReplyToAddresses>\n        <member.N is_array=\"true\">\n            <member input_type=\"text\"/>\n        </member.N>\n    </ReplyToAddresses>\n    <ReturnPath input_type=\"text\"/>\n    <Source input_type=\"text\"/>\n    <result_name input_type=\"text\"/>\n</function>\n');
INSERT INTO `lu_task_step_function` (`function_name`, `function_label`, `category_name`, `sort_order`, `description`, `help`, `icon`, `xml_template`) VALUES ('aws_ses_SendRawEmail','SendRawEmail','aws_ses','242.00','','<a href=\"http://docs.amazonwebservices.com/ses/latest/APIReference/API_SendRawEmail.html\" target=\"_blank\">AWS documentation for SendRawEmail</a>','icons/aws_16.png','<function command_type=\"aws_ses_SendRawEmail\">\n<aws_region input_type=\"text\" label=\"AWS Region\" hr_after=\"true\" />\n    <Destinations>\n        <member.N is_array=\"true\">\n            <member input_type=\"text\"/>\n        </member.N>\n    </Destinations>\n    <RawMessage input_type=\"text\"/>\n    <Source input_type=\"text\"/>\n    <result_name input_type=\"text\"/>\n</function>\n');
INSERT INTO `lu_task_step_function` (`function_name`, `function_label`, `category_name`, `sort_order`, `description`, `help`, `icon`, `xml_template`) VALUES ('aws_ses_VerifyEmailAddress','VerifyEmailAddress','aws_ses','243.00','','<a href=\"http://docs.amazonwebservices.com/ses/latest/APIReference/API_VerifyEmailAddress.html\" target=\"_blank\">AWS documentation for VerifyEmailAddress</a>','icons/aws_16.png','<function command_type=\"aws_ses_VerifyEmailAddress\">\n<aws_region input_type=\"text\" label=\"AWS Region\" hr_after=\"true\" />\n    <EmailAddress input_type=\"text\"/>\n    <result_name input_type=\"text\"/>\n</function>\n');
INSERT INTO `lu_task_step_function` (`function_name`, `function_label`, `category_name`, `sort_order`, `description`, `help`, `icon`, `xml_template`) VALUES ('aws_sns_AddPermission','AddPermission','aws_sns','224.00','','<a href=\"http://docs.amazonwebservices.com/sns/latest/api/API_AddPermission.html\" target=\"_blank\">AWS documentation for AddPermission</a>','icons/aws_16.png','<function command_type=\"aws_sns_AddPermission\">\n<aws_region input_type=\"text\" label=\"AWS Region\" hr_after=\"true\" />\n    <AWSAccountId>\n        <member.N is_array=\"true\">\n            <member input_type=\"text\"/>\n        </member.N>\n    </AWSAccountId>\n    <ActionName>\n        <member.N is_array=\"true\">\n            <member input_type=\"text\"/>\n        </member.N>\n    </ActionName>\n    <Label input_type=\"text\"/>\n    <TopicArn input_type=\"text\"/>\n    <result_name input_type=\"text\"/>\n</function>\n');
INSERT INTO `lu_task_step_function` (`function_name`, `function_label`, `category_name`, `sort_order`, `description`, `help`, `icon`, `xml_template`) VALUES ('aws_sns_ConfirmSubscription','ConfirmSubscription','aws_sns','225.00','','<a href=\"http://docs.amazonwebservices.com/sns/latest/api/API_ConfirmSubscription.html\" target=\"_blank\">AWS documentation for ConfirmSubscription</a>','icons/aws_16.png','<function command_type=\"aws_sns_ConfirmSubscription\">\n<aws_region input_type=\"text\" label=\"AWS Region\" hr_after=\"true\" />\n    <AuthenticateOnUnsubscribe input_type=\"text\"/>\n    <Token input_type=\"text\"/>\n    <TopicArn input_type=\"text\"/>\n    <result_name input_type=\"text\"/>\n</function>\n');
INSERT INTO `lu_task_step_function` (`function_name`, `function_label`, `category_name`, `sort_order`, `description`, `help`, `icon`, `xml_template`) VALUES ('aws_sns_CreateTopic','CreateTopic','aws_sns','226.00','','<a href=\"http://docs.amazonwebservices.com/sns/latest/api/API_CreateTopic.html\" target=\"_blank\">AWS documentation for CreateTopic</a>','icons/aws_16.png','<function command_type=\"aws_sns_CreateTopic\">\n<aws_region input_type=\"text\" label=\"AWS Region\" hr_after=\"true\" />\n    <Name input_type=\"text\"/>\n    <result_name input_type=\"text\"/>\n</function>\n');
INSERT INTO `lu_task_step_function` (`function_name`, `function_label`, `category_name`, `sort_order`, `description`, `help`, `icon`, `xml_template`) VALUES ('aws_sns_DeleteTopic','DeleteTopic','aws_sns','227.00','','<a href=\"http://docs.amazonwebservices.com/sns/latest/api/API_DeleteTopic.html\" target=\"_blank\">AWS documentation for DeleteTopic</a>','icons/aws_16.png','<function command_type=\"aws_sns_DeleteTopic\">\n<aws_region input_type=\"text\" label=\"AWS Region\" hr_after=\"true\" />\n    <TopicArn input_type=\"text\"/>\n    <result_name input_type=\"text\"/>\n</function>\n');
INSERT INTO `lu_task_step_function` (`function_name`, `function_label`, `category_name`, `sort_order`, `description`, `help`, `icon`, `xml_template`) VALUES ('aws_sns_GetTopicAttributes','GetTopicAttributes','aws_sns','228.00','','<a href=\"http://docs.amazonwebservices.com/sns/latest/api/API_GetTopicAttributes.html\" target=\"_blank\">AWS documentation for GetTopicAttributes</a>','icons/aws_16.png','<function command_type=\"aws_sns_GetTopicAttributes\">\n<aws_region input_type=\"text\" label=\"AWS Region\" hr_after=\"true\" />\n    <TopicArn input_type=\"text\"/>\n    <result_name input_type=\"text\"/>\n</function>\n');
INSERT INTO `lu_task_step_function` (`function_name`, `function_label`, `category_name`, `sort_order`, `description`, `help`, `icon`, `xml_template`) VALUES ('aws_sns_ListSubscriptions','ListSubscriptions','aws_sns','229.00','','<a href=\"http://docs.amazonwebservices.com/sns/latest/api/API_ListSubscriptions.html\" target=\"_blank\">AWS documentation for ListSubscriptions</a>','icons/aws_16.png','<function command_type=\"aws_sns_ListSubscriptions\">\n<aws_region input_type=\"text\" label=\"AWS Region\" hr_after=\"true\" />\n    <NextToken input_type=\"text\"/>\n    <result_name input_type=\"text\"/>\n</function>\n');
INSERT INTO `lu_task_step_function` (`function_name`, `function_label`, `category_name`, `sort_order`, `description`, `help`, `icon`, `xml_template`) VALUES ('aws_sns_ListSubscriptionsByTopic','ListSubscriptionsByTopic','aws_sns','230.00','','<a href=\"http://docs.amazonwebservices.com/sns/latest/api/API_ListSubscriptionsByTopic.html\" target=\"_blank\">AWS documentation for ListSubscriptionsByTopic</a>','icons/aws_16.png','<function command_type=\"aws_sns_ListSubscriptionsByTopic\">\n<aws_region input_type=\"text\" label=\"AWS Region\" hr_after=\"true\" />\n    <NextToken input_type=\"text\"/>\n    <TopicArn input_type=\"text\"/>\n    <result_name input_type=\"text\"/>\n</function>\n');
INSERT INTO `lu_task_step_function` (`function_name`, `function_label`, `category_name`, `sort_order`, `description`, `help`, `icon`, `xml_template`) VALUES ('aws_sns_ListTopics','ListTopics','aws_sns','231.00','','<a href=\"http://docs.amazonwebservices.com/sns/latest/api/API_ListTopics.html\" target=\"_blank\">AWS documentation for ListTopics</a>','icons/aws_16.png','<function command_type=\"aws_sns_ListTopics\">\n<aws_region input_type=\"text\" label=\"AWS Region\" hr_after=\"true\" />\n    <NextToken input_type=\"text\"/>\n    <result_name input_type=\"text\"/>\n</function>\n');
INSERT INTO `lu_task_step_function` (`function_name`, `function_label`, `category_name`, `sort_order`, `description`, `help`, `icon`, `xml_template`) VALUES ('aws_sns_Publish','Publish','aws_sns','232.00','','<a href=\"http://docs.amazonwebservices.com/sns/latest/api/API_Publish.html\" target=\"_blank\">AWS documentation for Publish</a>','icons/aws_16.png','<function command_type=\"aws_sns_Publish\">\n<aws_region input_type=\"text\" label=\"AWS Region\" hr_after=\"true\" />\n    <Message input_type=\"text\"/>\n    <MessageStructure input_type=\"text\"/>\n    <Subject input_type=\"text\"/>\n    <TopicArn input_type=\"text\"/>\n    <result_name input_type=\"text\"/>\n</function>\n');
INSERT INTO `lu_task_step_function` (`function_name`, `function_label`, `category_name`, `sort_order`, `description`, `help`, `icon`, `xml_template`) VALUES ('aws_sns_RemovePermission','RemovePermission','aws_sns','233.00','','<a href=\"http://docs.amazonwebservices.com/sns/latest/api/API_RemovePermission.html\" target=\"_blank\">AWS documentation for RemovePermission</a>','icons/aws_16.png','<function command_type=\"aws_sns_RemovePermission\">\n<aws_region input_type=\"text\" label=\"AWS Region\" hr_after=\"true\" />\n    <Label input_type=\"text\"/>\n    <TopicArn input_type=\"text\"/>\n    <result_name input_type=\"text\"/>\n</function>\n');
INSERT INTO `lu_task_step_function` (`function_name`, `function_label`, `category_name`, `sort_order`, `description`, `help`, `icon`, `xml_template`) VALUES ('aws_sns_SetTopicAttributes','SetTopicAttributes','aws_sns','234.00','','<a href=\"http://docs.amazonwebservices.com/sns/latest/api/API_SetTopicAttributes.html\" target=\"_blank\">AWS documentation for SetTopicAttributes</a>','icons/aws_16.png','<function command_type=\"aws_sns_SetTopicAttributes\">\n<aws_region input_type=\"text\" label=\"AWS Region\" hr_after=\"true\" />\n    <AttributeName input_type=\"text\"/>\n    <AttributeValue input_type=\"text\"/>\n    <TopicArn input_type=\"text\"/>\n    <result_name input_type=\"text\"/>\n</function>\n');
INSERT INTO `lu_task_step_function` (`function_name`, `function_label`, `category_name`, `sort_order`, `description`, `help`, `icon`, `xml_template`) VALUES ('aws_sns_Subscribe','Subscribe','aws_sns','235.00','','<a href=\"http://docs.amazonwebservices.com/sns/latest/api/API_Subscribe.html\" target=\"_blank\">AWS documentation for Subscribe</a>','icons/aws_16.png','<function command_type=\"aws_sns_Subscribe\">\n<aws_region input_type=\"text\" label=\"AWS Region\" hr_after=\"true\" />\n    <Endpoint input_type=\"text\"/>\n    <Protocol input_type=\"text\"/>\n    <TopicArn input_type=\"text\"/>\n    <result_name input_type=\"text\"/>\n</function>\n');
INSERT INTO `lu_task_step_function` (`function_name`, `function_label`, `category_name`, `sort_order`, `description`, `help`, `icon`, `xml_template`) VALUES ('aws_sns_Unsubscribe','Unsubscribe','aws_sns','236.00','','<a href=\"http://docs.amazonwebservices.com/sns/latest/api/API_Unsubscribe.html\" target=\"_blank\">AWS documentation for Unsubscribe</a>','icons/aws_16.png','<function command_type=\"aws_sns_Unsubscribe\">\n<aws_region input_type=\"text\" label=\"AWS Region\" hr_after=\"true\" />\n    <SubscriptionArn input_type=\"text\"/>\n    <result_name input_type=\"text\"/>\n</function>\n');
INSERT INTO `lu_task_step_function` (`function_name`, `function_label`, `category_name`, `sort_order`, `description`, `help`, `icon`, `xml_template`) VALUES ('aws_sqs_CreateQueue','CreateQueue','aws_sqs','222.00','','<a href=\"http://docs.amazonwebservices.com/AWSSimpleQueueService/latest/APIReference/Query_QueryCreateQueue.html\" target=\"_blank\">AWS documentation for CreateQueue</a>','icons/aws_16.png','<function command_type=\"aws_sqs_CreateQueue\">\n<aws_region input_type=\"text\" label=\"AWS Region\" hr_after=\"true\" />\n    <QueueName input_type=\"text\"/>\n    <DefaultVisibilityTimeout input_type=\"text\"/>\n    <result_name input_type=\"text\"/>\n</function>\n');
INSERT INTO `lu_task_step_function` (`function_name`, `function_label`, `category_name`, `sort_order`, `description`, `help`, `icon`, `xml_template`) VALUES ('aws_sqs_ListQueues','ListQueues','aws_sqs','223.00','','<a href=\"http://docs.amazonwebservices.com/AWSSimpleQueueService/latest/APIReference/Query_QueryListQueues.html\" target=\"_blank\">AWS documentation for ListQueues</a>','icons/aws_16.png','<function command_type=\"aws_sqs_ListQueues\">\n<aws_region input_type=\"text\" label=\"AWS Region\" hr_after=\"true\" />\n    <QueueNamePrefix input_type=\"text\"/>\n    <result_name input_type=\"text\"/>\n</function>\n');
INSERT INTO `lu_task_step_function` (`function_name`, `function_label`, `category_name`, `sort_order`, `description`, `help`, `icon`, `xml_template`) VALUES ('aws_vpc_AssociateDhcpOptions','AssociateDhcpOptions','aws_vpc','244.00','','<a href=\"http://docs.amazonwebservices.com/AWSEC2/latest/APIReference/ApiReference-query-AssociateDhcpOptions.html\" target=\"_blank\">AWS documentation for AssociateDhcpOptions</a>','icons/aws_16.png','<function command_type=\"aws_vpc_AssociateDhcpOptions\">\n<aws_region input_type=\"text\" label=\"AWS Region\" hr_after=\"true\" />\n    <DhcpOptionsId input_type=\"text\"/>\n    <VpcId input_type=\"text\"/>\n    <result_name input_type=\"text\"/>\n</function>\n');
INSERT INTO `lu_task_step_function` (`function_name`, `function_label`, `category_name`, `sort_order`, `description`, `help`, `icon`, `xml_template`) VALUES ('aws_vpc_AssociateRouteTable','AssociateRouteTable','aws_vpc','245.00','','<a href=\"http://docs.amazonwebservices.com/AWSEC2/latest/APIReference/ApiReference-query-AssociateRouteTable.html\" target=\"_blank\">AWS documentation for AssociateRouteTable</a>','icons/aws_16.png','<function command_type=\"aws_vpc_AssociateRouteTable\">\n<aws_region input_type=\"text\" label=\"AWS Region\" hr_after=\"true\" />\n    <RouteTableId input_type=\"text\"/>\n    <SubnetId input_type=\"text\"/>\n    <result_name input_type=\"text\"/>\n</function>\n');
INSERT INTO `lu_task_step_function` (`function_name`, `function_label`, `category_name`, `sort_order`, `description`, `help`, `icon`, `xml_template`) VALUES ('aws_vpc_AttachInternetGateway','AttachInternetGateway','aws_vpc','246.00','','<a href=\"http://docs.amazonwebservices.com/AWSEC2/latest/APIReference/ApiReference-query-AttachInternetGateway.html\" target=\"_blank\">AWS documentation for AttachInternetGateway</a>','icons/aws_16.png','<function command_type=\"aws_vpc_AttachInternetGateway\">\n<aws_region input_type=\"text\" label=\"AWS Region\" hr_after=\"true\" />\n    <InternetGatewayId input_type=\"text\"/>\n    <VpcId input_type=\"text\"/>\n    <result_name input_type=\"text\"/>\n</function>\n');
INSERT INTO `lu_task_step_function` (`function_name`, `function_label`, `category_name`, `sort_order`, `description`, `help`, `icon`, `xml_template`) VALUES ('aws_vpc_AttachVpnGateway','AttachVpnGateway','aws_vpc','247.00','','<a href=\"http://docs.amazonwebservices.com/AWSEC2/latest/APIReference/ApiReference-query-AttachVpnGateway.html\" target=\"_blank\">AWS documentation for AttachVpnGateway</a>','icons/aws_16.png','<function command_type=\"aws_vpc_AttachVpnGateway\">\n<aws_region input_type=\"text\" label=\"AWS Region\" hr_after=\"true\" />\n    <VpnGatewayId input_type=\"text\"/>\n    <VpcId input_type=\"text\"/>\n    <result_name input_type=\"text\"/>\n</function>\n');
INSERT INTO `lu_task_step_function` (`function_name`, `function_label`, `category_name`, `sort_order`, `description`, `help`, `icon`, `xml_template`) VALUES ('aws_vpc_AuthorizeSecurityGroupEgress','AuthorizeSecurityGroupEgress','aws_vpc','248.00','','<a href=\"http://docs.amazonwebservices.com/AWSEC2/latest/APIReference/ApiReference-query-AuthorizeSecurityGroupEgress.html\" target=\"_blank\">AWS documentation for AuthorizeSecurityGroupEgress</a>','icons/aws_16.png','<function command_type=\"aws_vpc_AuthorizeSecurityGroupEgress\">\n<aws_region input_type=\"text\" label=\"AWS Region\" hr_after=\"true\" />\n    <GroupId input_type=\"text\"/>\n    <IpPermissions.n is_array=\"true\">\n        <IpPermissions>\n            <IpProtocol input_type=\"text\"/>\n            <FromPort input_type=\"text\"/>\n            <ToPort input_type=\"text\"/>\n            <Groups.m is_array=\"true\">\n                <Groups>\n                    <GroupId input_type=\"text\"/>\n                </Groups>\n            </Groups.m>\n            <IpRanges.m is_array=\"true\">\n                <IpRanges>\n                    <CidrIp input_type=\"text\"/>\n                </IpRanges>\n            </IpRanges.m>\n        </IpPermissions>\n    </IpPermissions.n>\n    <result_name input_type=\"text\"/>\n</function>\n');
INSERT INTO `lu_task_step_function` (`function_name`, `function_label`, `category_name`, `sort_order`, `description`, `help`, `icon`, `xml_template`) VALUES ('aws_vpc_CreateCustomerGateway','CreateCustomerGateway','aws_vpc','249.00','','<a href=\"http://docs.amazonwebservices.com/AWSEC2/latest/APIReference/ApiReference-query-CreateCustomerGateway.html\" target=\"_blank\">AWS documentation for CreateCustomerGateway</a>','icons/aws_16.png','<function command_type=\"aws_vpc_CreateCustomerGateway\">\n<aws_region input_type=\"text\" label=\"AWS Region\" hr_after=\"true\" />\n    <Type input_type=\"text\"/>\n    <IpAddress input_type=\"text\"/>\n    <BgpAsn input_type=\"text\"/>\n    <result_name input_type=\"text\"/>\n</function>\n');
INSERT INTO `lu_task_step_function` (`function_name`, `function_label`, `category_name`, `sort_order`, `description`, `help`, `icon`, `xml_template`) VALUES ('aws_vpc_CreateDhcpOptions','CreateDhcpOptions','aws_vpc','250.00','','<a href=\"http://docs.amazonwebservices.com/AWSEC2/latest/APIReference/ApiReference-query-CreateDhcpOptions.html\" target=\"_blank\">AWS documentation for CreateDhcpOptions</a>','icons/aws_16.png','<function command_type=\"aws_vpc_CreateDhcpOptions\">\n<aws_region input_type=\"text\" label=\"AWS Region\" hr_after=\"true\" />\n    <DhcpConfiguration.n is_array=\"true\">\n        <DhcpConfiguration>\n            <Key input_type=\"text\"/>\n            <Value.m is_array=\"true\">\n                <Value input_type=\"text\"/>\n            </Value.m>\n        </DhcpConfiguration>\n    </DhcpConfiguration.n>\n    <result_name input_type=\"text\"/>\n</function>\n');
INSERT INTO `lu_task_step_function` (`function_name`, `function_label`, `category_name`, `sort_order`, `description`, `help`, `icon`, `xml_template`) VALUES ('aws_vpc_CreateInternetGateway','CreateInternetGateway','aws_vpc','251.00','','<a href=\"http://docs.amazonwebservices.com/AWSEC2/latest/APIReference/ApiReference-query-CreateInternetGateway.html\" target=\"_blank\">AWS documentation for CreateInternetGateway</a>','icons/aws_16.png','<function command_type=\"aws_vpc_CreateInternetGateway\">\n<aws_region input_type=\"text\" label=\"AWS Region\" hr_after=\"true\" />\n    <result_name input_type=\"text\"/>\n</function>\n');
INSERT INTO `lu_task_step_function` (`function_name`, `function_label`, `category_name`, `sort_order`, `description`, `help`, `icon`, `xml_template`) VALUES ('aws_vpc_CreateNetworkAcl','CreateNetworkAcl','aws_vpc','252.00','','<a href=\"http://docs.amazonwebservices.com/AWSEC2/latest/APIReference/ApiReference-query-CreateNetworkAcl.html\" target=\"_blank\">AWS documentation for CreateNetworkAcl</a>','icons/aws_16.png','<function command_type=\"aws_vpc_CreateNetworkAcl\">\n<aws_region input_type=\"text\" label=\"AWS Region\" hr_after=\"true\" />\n    <VpcId input_type=\"text\"/>\n    <result_name input_type=\"text\"/>\n</function>\n');
INSERT INTO `lu_task_step_function` (`function_name`, `function_label`, `category_name`, `sort_order`, `description`, `help`, `icon`, `xml_template`) VALUES ('aws_vpc_CreateNetworkAclEntry','CreateNetworkAclEntry','aws_vpc','253.00','','<a href=\"http://docs.amazonwebservices.com/AWSEC2/latest/APIReference/ApiReference-query-CreateNetworkAclEntry.html\" target=\"_blank\">AWS documentation for CreateNetworkAclEntry</a>','icons/aws_16.png','<function command_type=\"aws_vpc_CreateNetworkAclEntry\">\n<aws_region input_type=\"text\" label=\"AWS Region\" hr_after=\"true\" />\n    <NetworkAclId input_type=\"text\"/>\n    <RuleNumber input_type=\"text\"/>\n    <Protocol input_type=\"text\"/>\n    <RuleAction input_type=\"text\"/>\n    <Egress input_type=\"text\"/>\n    <CidrBlock input_type=\"text\"/>\n    <Icmp>\n        <Code input_type=\"text\"/>\n        <Type input_type=\"text\"/>\n    </Icmp>\n    <PortRange>\n        <From input_type=\"text\"/>\n        <To input_type=\"text\"/>\n    </PortRange>\n    <result_name input_type=\"text\"/>\n</function>\n');
INSERT INTO `lu_task_step_function` (`function_name`, `function_label`, `category_name`, `sort_order`, `description`, `help`, `icon`, `xml_template`) VALUES ('aws_vpc_CreateRoute','CreateRoute','aws_vpc','254.00','','<a href=\"http://docs.amazonwebservices.com/AWSEC2/latest/APIReference/ApiReference-query-CreateRoute.html\" target=\"_blank\">AWS documentation for CreateRoute</a>','icons/aws_16.png','<function command_type=\"aws_vpc_CreateRoute\">\n<aws_region input_type=\"text\" label=\"AWS Region\" hr_after=\"true\" />\n    <RouteTableId input_type=\"text\"/>\n    <DestinationCidrBlock input_type=\"text\"/>\n    <GatewayId input_type=\"text\"/>\n    <InstanceId input_type=\"text\"/>\n    <result_name input_type=\"text\"/>\n</function>\n');
INSERT INTO `lu_task_step_function` (`function_name`, `function_label`, `category_name`, `sort_order`, `description`, `help`, `icon`, `xml_template`) VALUES ('aws_vpc_CreateRouteTable','CreateRouteTable','aws_vpc','255.00','','<a href=\"http://docs.amazonwebservices.com/AWSEC2/latest/APIReference/ApiReference-query-CreateRouteTable.html\" target=\"_blank\">AWS documentation for CreateRouteTable</a>','icons/aws_16.png','<function command_type=\"aws_vpc_CreateRouteTable\">\n<aws_region input_type=\"text\" label=\"AWS Region\" hr_after=\"true\" />\n    <VpcId input_type=\"text\"/>\n    <result_name input_type=\"text\"/>\n</function>\n');
INSERT INTO `lu_task_step_function` (`function_name`, `function_label`, `category_name`, `sort_order`, `description`, `help`, `icon`, `xml_template`) VALUES ('aws_vpc_CreateSubnet','CreateSubnet','aws_vpc','256.00','','<a href=\"http://docs.amazonwebservices.com/AWSEC2/latest/APIReference/ApiReference-query-CreateSubnet.html\" target=\"_blank\">AWS documentation for CreateSubnet</a>','icons/aws_16.png','<function command_type=\"aws_vpc_CreateSubnet\">\n<aws_region input_type=\"text\" label=\"AWS Region\" hr_after=\"true\" />\n    <VpcId input_type=\"text\"/>\n    <CidrBlock input_type=\"text\"/>\n    <AvailabilityZone input_type=\"text\"/>\n    <result_name input_type=\"text\"/>\n</function>\n');
INSERT INTO `lu_task_step_function` (`function_name`, `function_label`, `category_name`, `sort_order`, `description`, `help`, `icon`, `xml_template`) VALUES ('aws_vpc_CreateVpc','CreateVpc','aws_vpc','257.00','','<a href=\"http://docs.amazonwebservices.com/AWSEC2/latest/APIReference/ApiReference-query-CreateVpc.html\" target=\"_blank\">AWS documentation for CreateVpc</a>','icons/aws_16.png','<function command_type=\"aws_vpc_CreateVpc\">\n<aws_region input_type=\"text\" label=\"AWS Region\" hr_after=\"true\" />\n    <CidrBlock input_type=\"text\"/>\n    <instanceTenancy input_type=\"text\"/>\n    <result_name input_type=\"text\"/>\n</function>\n');
INSERT INTO `lu_task_step_function` (`function_name`, `function_label`, `category_name`, `sort_order`, `description`, `help`, `icon`, `xml_template`) VALUES ('aws_vpc_CreateVpnConnection','CreateVpnConnection','aws_vpc','258.00','','<a href=\"http://docs.amazonwebservices.com/AWSEC2/latest/APIReference/ApiReference-query-CreateVpnConnection.html\" target=\"_blank\">AWS documentation for CreateVpnConnection</a>','icons/aws_16.png','<function command_type=\"aws_vpc_CreateVpnConnection\">\n<aws_region input_type=\"text\" label=\"AWS Region\" hr_after=\"true\" />\n    <Type input_type=\"text\"/>\n    <CustomerGatewayId input_type=\"text\"/>\n    <VpnGatewayId input_type=\"text\"/>\n    <result_name input_type=\"text\"/>\n</function>\n');
INSERT INTO `lu_task_step_function` (`function_name`, `function_label`, `category_name`, `sort_order`, `description`, `help`, `icon`, `xml_template`) VALUES ('aws_vpc_CreateVpnGateway','CreateVpnGateway','aws_vpc','259.00','','<a href=\"http://docs.amazonwebservices.com/AWSEC2/latest/APIReference/ApiReference-query-CreateVpnGateway.html\" target=\"_blank\">AWS documentation for CreateVpnGateway</a>','icons/aws_16.png','<function command_type=\"aws_vpc_CreateVpnGateway\">\n<aws_region input_type=\"text\" label=\"AWS Region\" hr_after=\"true\" />\n    <Type input_type=\"text\"/>\n    <AvailabilityZone input_type=\"text\"/>\n    <result_name input_type=\"text\"/>\n</function>\n');
INSERT INTO `lu_task_step_function` (`function_name`, `function_label`, `category_name`, `sort_order`, `description`, `help`, `icon`, `xml_template`) VALUES ('aws_vpc_DeleteCustomerGateway','DeleteCustomerGateway','aws_vpc','260.00','','<a href=\"http://docs.amazonwebservices.com/AWSEC2/latest/APIReference/ApiReference-query-DeleteCustomerGateway.html\" target=\"_blank\">AWS documentation for DeleteCustomerGateway</a>','icons/aws_16.png','<function command_type=\"aws_vpc_DeleteCustomerGateway\">\n<aws_region input_type=\"text\" label=\"AWS Region\" hr_after=\"true\" />\n    <CustomerGatewayId input_type=\"text\"/>\n    <result_name input_type=\"text\"/>\n</function>\n');
INSERT INTO `lu_task_step_function` (`function_name`, `function_label`, `category_name`, `sort_order`, `description`, `help`, `icon`, `xml_template`) VALUES ('aws_vpc_DeleteDhcpOptions','DeleteDhcpOptions','aws_vpc','261.00','','<a href=\"http://docs.amazonwebservices.com/AWSEC2/latest/APIReference/ApiReference-query-DeleteDhcpOptions.html\" target=\"_blank\">AWS documentation for DeleteDhcpOptions</a>','icons/aws_16.png','<function command_type=\"aws_vpc_DeleteDhcpOptions\">\n<aws_region input_type=\"text\" label=\"AWS Region\" hr_after=\"true\" />\n    <DhcpOptionsId input_type=\"text\"/>\n    <result_name input_type=\"text\"/>\n</function>\n');
INSERT INTO `lu_task_step_function` (`function_name`, `function_label`, `category_name`, `sort_order`, `description`, `help`, `icon`, `xml_template`) VALUES ('aws_vpc_DeleteInternetGateway','DeleteInternetGateway','aws_vpc','262.00','','<a href=\"http://docs.amazonwebservices.com/AWSEC2/latest/APIReference/ApiReference-query-DeleteInternetGateway.html\" target=\"_blank\">AWS documentation for DeleteInternetGateway</a>','icons/aws_16.png','<function command_type=\"aws_vpc_DeleteInternetGateway\">\n<aws_region input_type=\"text\" label=\"AWS Region\" hr_after=\"true\" />\n    <InternetGatewayId input_type=\"text\"/>\n    <result_name input_type=\"text\"/>\n</function>\n');
INSERT INTO `lu_task_step_function` (`function_name`, `function_label`, `category_name`, `sort_order`, `description`, `help`, `icon`, `xml_template`) VALUES ('aws_vpc_DeleteNetworkAcl','DeleteNetworkAcl','aws_vpc','263.00','','<a href=\"http://docs.amazonwebservices.com/AWSEC2/latest/APIReference/ApiReference-query-DeleteNetworkAcl.html\" target=\"_blank\">AWS documentation for DeleteNetworkAcl</a>','icons/aws_16.png','<function command_type=\"aws_vpc_DeleteNetworkAcl\">\n<aws_region input_type=\"text\" label=\"AWS Region\" hr_after=\"true\" />\n    <NetworkAclId input_type=\"text\"/>\n    <result_name input_type=\"text\"/>\n</function>\n');
INSERT INTO `lu_task_step_function` (`function_name`, `function_label`, `category_name`, `sort_order`, `description`, `help`, `icon`, `xml_template`) VALUES ('aws_vpc_DeleteNetworkAclEntry','DeleteNetworkAclEntry','aws_vpc','264.00','','<a href=\"http://docs.amazonwebservices.com/AWSEC2/latest/APIReference/ApiReference-query-DeleteNetworkAclEntry.html\" target=\"_blank\">AWS documentation for DeleteNetworkAclEntry</a>','icons/aws_16.png','<function command_type=\"aws_vpc_DeleteNetworkAclEntry\">\n<aws_region input_type=\"text\" label=\"AWS Region\" hr_after=\"true\" />\n    <NetworkAclId input_type=\"text\"/>\n    <RuleNumber input_type=\"text\"/>\n    <Egress input_type=\"text\"/>\n    <result_name input_type=\"text\"/>\n</function>\n');
INSERT INTO `lu_task_step_function` (`function_name`, `function_label`, `category_name`, `sort_order`, `description`, `help`, `icon`, `xml_template`) VALUES ('aws_vpc_DeleteRoute','DeleteRoute','aws_vpc','265.00','','<a href=\"http://docs.amazonwebservices.com/AWSEC2/latest/APIReference/ApiReference-query-DeleteRoute.html\" target=\"_blank\">AWS documentation for DeleteRoute</a>','icons/aws_16.png','<function command_type=\"aws_vpc_DeleteRoute\">\n<aws_region input_type=\"text\" label=\"AWS Region\" hr_after=\"true\" />\n    <RouteTableId input_type=\"text\"/>\n    <DestinationCidrBlock input_type=\"text\"/>\n    <result_name input_type=\"text\"/>\n</function>\n');
INSERT INTO `lu_task_step_function` (`function_name`, `function_label`, `category_name`, `sort_order`, `description`, `help`, `icon`, `xml_template`) VALUES ('aws_vpc_DeleteRouteTable','DeleteRouteTable','aws_vpc','266.00','','<a href=\"http://docs.amazonwebservices.com/AWSEC2/latest/APIReference/ApiReference-query-DeleteRouteTable.html\" target=\"_blank\">AWS documentation for DeleteRouteTable</a>','icons/aws_16.png','<function command_type=\"aws_vpc_DeleteRouteTable\">\n<aws_region input_type=\"text\" label=\"AWS Region\" hr_after=\"true\" />\n    <RouteTableId input_type=\"text\"/>\n    <result_name input_type=\"text\"/>\n</function>\n');
INSERT INTO `lu_task_step_function` (`function_name`, `function_label`, `category_name`, `sort_order`, `description`, `help`, `icon`, `xml_template`) VALUES ('aws_vpc_DeleteSubnet','DeleteSubnet','aws_vpc','267.00','','<a href=\"http://docs.amazonwebservices.com/AWSEC2/latest/APIReference/ApiReference-query-DeleteSubnet.html\" target=\"_blank\">AWS documentation for DeleteSubnet</a>','icons/aws_16.png','<function command_type=\"aws_vpc_DeleteSubnet\">\n<aws_region input_type=\"text\" label=\"AWS Region\" hr_after=\"true\" />\n    <SubnetId input_type=\"text\"/>\n    <result_name input_type=\"text\"/>\n</function>\n');
INSERT INTO `lu_task_step_function` (`function_name`, `function_label`, `category_name`, `sort_order`, `description`, `help`, `icon`, `xml_template`) VALUES ('aws_vpc_DeleteVpc','DeleteVpc','aws_vpc','268.00','','<a href=\"http://docs.amazonwebservices.com/AWSEC2/latest/APIReference/ApiReference-query-DeleteVpc.html\" target=\"_blank\">AWS documentation for DeleteVpc</a>','icons/aws_16.png','<function command_type=\"aws_vpc_DeleteVpc\">\n<aws_region input_type=\"text\" label=\"AWS Region\" hr_after=\"true\" />\n    <VpcId input_type=\"text\"/>\n    <result_name input_type=\"text\"/>\n</function>\n');
INSERT INTO `lu_task_step_function` (`function_name`, `function_label`, `category_name`, `sort_order`, `description`, `help`, `icon`, `xml_template`) VALUES ('aws_vpc_DeleteVpnConnection','DeleteVpnConnection','aws_vpc','269.00','','<a href=\"http://docs.amazonwebservices.com/AWSEC2/latest/APIReference/ApiReference-query-DeleteVpnConnection.html\" target=\"_blank\">AWS documentation for DeleteVpnConnection</a>','icons/aws_16.png','<function command_type=\"aws_vpc_DeleteVpnConnection\">\n<aws_region input_type=\"text\" label=\"AWS Region\" hr_after=\"true\" />\n    <VpnConnectionId input_type=\"text\"/>\n    <result_name input_type=\"text\"/>\n</function>\n');
INSERT INTO `lu_task_step_function` (`function_name`, `function_label`, `category_name`, `sort_order`, `description`, `help`, `icon`, `xml_template`) VALUES ('aws_vpc_DeleteVpnGateway','DeleteVpnGateway','aws_vpc','270.00','','<a href=\"http://docs.amazonwebservices.com/AWSEC2/latest/APIReference/ApiReference-query-DeleteVpnGateway.html\" target=\"_blank\">AWS documentation for DeleteVpnGateway</a>','icons/aws_16.png','<function command_type=\"aws_vpc_DeleteVpnGateway\">\n<aws_region input_type=\"text\" label=\"AWS Region\" hr_after=\"true\" />\n    <VpnGatewayId input_type=\"text\"/>\n    <result_name input_type=\"text\"/>\n</function>\n');
INSERT INTO `lu_task_step_function` (`function_name`, `function_label`, `category_name`, `sort_order`, `description`, `help`, `icon`, `xml_template`) VALUES ('aws_vpc_DescribeCustomerGateways','DescribeCustomerGateways','aws_vpc','271.00','','<a href=\"http://docs.amazonwebservices.com/AWSEC2/latest/APIReference/ApiReference-query-DescribeCustomerGateways.html\" target=\"_blank\">AWS documentation for DescribeCustomerGateways</a>','icons/aws_16.png','<function command_type=\"aws_vpc_DescribeCustomerGateways\">\n<aws_region input_type=\"text\" label=\"AWS Region\" hr_after=\"true\" />\n    <CustomerGatewayId.n is_array=\"true\">\n        <CustomerGatewayId input_type=\"text\"/>\n    </CustomerGatewayId.n>\n    <Filter.n is_array=\"true\">\n        <Filter>\n            <Name input_type=\"text\"/>\n            <Value.m is_array=\"true\">\n                <Value input_type=\"text\"/>\n            </Value.m>\n        </Filter>\n    </Filter.n>\n    <result_name input_type=\"text\"/>\n</function>\n');
INSERT INTO `lu_task_step_function` (`function_name`, `function_label`, `category_name`, `sort_order`, `description`, `help`, `icon`, `xml_template`) VALUES ('aws_vpc_DescribeDhcpOptions','DescribeDhcpOptions','aws_vpc','272.00','','<a href=\"http://docs.amazonwebservices.com/AWSEC2/latest/APIReference/ApiReference-query-DescribeDhcpOptions.html\" target=\"_blank\">AWS documentation for DescribeDhcpOptions</a>','icons/aws_16.png','<function command_type=\"aws_vpc_DescribeDhcpOptions\">\n<aws_region input_type=\"text\" label=\"AWS Region\" hr_after=\"true\" />\n    <DhcpOptionsId.n is_array=\"true\">\n        <DhcpOptionsId input_type=\"text\"/>\n    </DhcpOptionsId.n>\n    <Filter.n is_array=\"true\">\n        <Filter>\n            <Name input_type=\"text\"/>\n            <Value.m is_array=\"true\">\n                <Value input_type=\"text\"/>\n            </Value.m>\n        </Filter>\n    </Filter.n>\n    <result_name input_type=\"text\"/>\n</function>\n');
INSERT INTO `lu_task_step_function` (`function_name`, `function_label`, `category_name`, `sort_order`, `description`, `help`, `icon`, `xml_template`) VALUES ('aws_vpc_DescribeInternetGateways','DescribeInternetGateways','aws_vpc','273.00','','<a href=\"http://docs.amazonwebservices.com/AWSEC2/latest/APIReference/ApiReference-query-DescribeInternetGateways.html\" target=\"_blank\">AWS documentation for DescribeInternetGateways</a>','icons/aws_16.png','<function command_type=\"aws_vpc_DescribeInternetGateways\">\n<aws_region input_type=\"text\" label=\"AWS Region\" hr_after=\"true\" />\n    <InternetGatewayId.n is_array=\"true\">\n        <InternetGatewayId input_type=\"text\"/>\n    </InternetGatewayId.n>\n    <Filter.n is_array=\"true\">\n        <Filter>\n            <Name input_type=\"text\"/>\n            <Value.m is_array=\"true\">\n                <Value input_type=\"text\"/>\n            </Value.m>\n        </Filter>\n    </Filter.n>\n    <result_name input_type=\"text\"/>\n</function>\n');
INSERT INTO `lu_task_step_function` (`function_name`, `function_label`, `category_name`, `sort_order`, `description`, `help`, `icon`, `xml_template`) VALUES ('aws_vpc_DescribeNetworkAcls','DescribeNetworkAcls','aws_vpc','274.00','','<a href=\"http://docs.amazonwebservices.com/AWSEC2/latest/APIReference/ApiReference-query-DescribeNetworkAcls.html\" target=\"_blank\">AWS documentation for DescribeNetworkAcls</a>','icons/aws_16.png','<function command_type=\"aws_vpc_DescribeNetworkAcls\">\n<aws_region input_type=\"text\" label=\"AWS Region\" hr_after=\"true\" />\n    <NetworkAclId.n is_array=\"true\">\n        <NetworkAclId input_type=\"text\"/>\n    </NetworkAclId.n>\n    <Filter.n is_array=\"true\">\n        <Filter>\n            <Name input_type=\"text\"/>\n            <Value.m is_array=\"true\">\n                <Value input_type=\"text\"/>\n            </Value.m>\n        </Filter>\n    </Filter.n>\n    <result_name input_type=\"text\"/>\n</function>\n');
INSERT INTO `lu_task_step_function` (`function_name`, `function_label`, `category_name`, `sort_order`, `description`, `help`, `icon`, `xml_template`) VALUES ('aws_vpc_DescribeRouteTables','DescribeRouteTables','aws_vpc','275.00','','<a href=\"http://docs.amazonwebservices.com/AWSEC2/latest/APIReference/ApiReference-query-DescribeRouteTables.html\" target=\"_blank\">AWS documentation for DescribeRouteTables</a>','icons/aws_16.png','<function command_type=\"aws_vpc_DescribeRouteTables\">\n<aws_region input_type=\"text\" label=\"AWS Region\" hr_after=\"true\" />\n    <RouteTableId.n is_array=\"true\">\n        <RouteTableId input_type=\"text\"/>\n    </RouteTableId.n>\n    <Filter.n is_array=\"true\">\n        <Filter>\n            <Name input_type=\"text\"/>\n            <Value.m is_array=\"true\">\n                <Value input_type=\"text\"/>\n            </Value.m>\n        </Filter>\n    </Filter.n>\n    <result_name input_type=\"text\"/>\n</function>\n');
INSERT INTO `lu_task_step_function` (`function_name`, `function_label`, `category_name`, `sort_order`, `description`, `help`, `icon`, `xml_template`) VALUES ('aws_vpc_DescribeSubnets','DescribeSubnets','aws_vpc','276.00','','<a href=\"http://docs.amazonwebservices.com/AWSEC2/latest/APIReference/ApiReference-query-DescribeSubnets.html\" target=\"_blank\">AWS documentation for DescribeSubnets</a>','icons/aws_16.png','<function command_type=\"aws_vpc_DescribeSubnets\">\n<aws_region input_type=\"text\" label=\"AWS Region\" hr_after=\"true\" />\n    <SubnetId.n is_array=\"true\">\n        <SubnetId input_type=\"text\"/>\n    </SubnetId.n>\n    <Filter.n is_array=\"true\">\n        <Filter>\n            <Name input_type=\"text\"/>\n            <Value.m is_array=\"true\">\n                <Value input_type=\"text\"/>\n            </Value.m>\n        </Filter>\n    </Filter.n>\n    <result_name input_type=\"text\"/>\n</function>\n');
INSERT INTO `lu_task_step_function` (`function_name`, `function_label`, `category_name`, `sort_order`, `description`, `help`, `icon`, `xml_template`) VALUES ('aws_vpc_DescribeVpcs','DescribeVpcs','aws_vpc','277.00','','<a href=\"http://docs.amazonwebservices.com/AWSEC2/latest/APIReference/ApiReference-query-DescribeVpcs.html\" target=\"_blank\">AWS documentation for DescribeVpcs</a>','icons/aws_16.png','<function command_type=\"aws_vpc_DescribeVpcs\">\n<aws_region input_type=\"text\" label=\"AWS Region\" hr_after=\"true\" />\n    <VpcId.n is_array=\"true\">\n        <VpcId input_type=\"text\"/>\n    </VpcId.n>\n    <Filter.n is_array=\"true\">\n        <Filter>\n            <Name input_type=\"text\"/>\n            <Value.m is_array=\"true\">\n                <Value input_type=\"text\"/>\n            </Value.m>\n        </Filter>\n    </Filter.n>\n    <result_name input_type=\"text\"/>\n</function>\n');
INSERT INTO `lu_task_step_function` (`function_name`, `function_label`, `category_name`, `sort_order`, `description`, `help`, `icon`, `xml_template`) VALUES ('aws_vpc_DescribeVpnConnections','DescribeVpnConnections','aws_vpc','278.00','','<a href=\"http://docs.amazonwebservices.com/AWSEC2/latest/APIReference/ApiReference-query-DescribeVpnConnections.html\" target=\"_blank\">AWS documentation for DescribeVpnConnections</a>','icons/aws_16.png','<function command_type=\"aws_vpc_DescribeVpnConnections\">\n<aws_region input_type=\"text\" label=\"AWS Region\" hr_after=\"true\" />\n    <VpnConnectionId.n is_array=\"true\">\n        <VpnConnectionId input_type=\"text\"/>\n    </VpnConnectionId.n>\n    <Filter.n is_array=\"true\">\n        <Filter>\n            <Name input_type=\"text\"/>\n            <Value.m is_array=\"true\">\n                <Value input_type=\"text\"/>\n            </Value.m>\n        </Filter>\n    </Filter.n>\n    <result_name input_type=\"text\"/>\n</function>\n');
INSERT INTO `lu_task_step_function` (`function_name`, `function_label`, `category_name`, `sort_order`, `description`, `help`, `icon`, `xml_template`) VALUES ('aws_vpc_DescribeVpnGateways','DescribeVpnGateways','aws_vpc','279.00','','<a href=\"http://docs.amazonwebservices.com/AWSEC2/latest/APIReference/ApiReference-query-DescribeVpnGateways.html\" target=\"_blank\">AWS documentation for DescribeVpnGateways</a>','icons/aws_16.png','<function command_type=\"aws_vpc_DescribeVpnGateways\">\n<aws_region input_type=\"text\" label=\"AWS Region\" hr_after=\"true\" />\n    <VpnGatewayId.n is_array=\"true\">\n        <VpnGatewayId input_type=\"text\"/>\n    </VpnGatewayId.n>\n    <Filter.n is_array=\"true\">\n        <Filter>\n            <Name input_type=\"text\"/>\n            <Value.m is_array=\"true\">\n                <Value input_type=\"text\"/>\n            </Value.m>\n        </Filter>\n    </Filter.n>\n    <result_name input_type=\"text\"/>\n</function>\n');
INSERT INTO `lu_task_step_function` (`function_name`, `function_label`, `category_name`, `sort_order`, `description`, `help`, `icon`, `xml_template`) VALUES ('aws_vpc_DetachInternetGateway','DetachInternetGateway','aws_vpc','280.00','','<a href=\"http://docs.amazonwebservices.com/AWSEC2/latest/APIReference/ApiReference-query-DetachInternetGateway.html\" target=\"_blank\">AWS documentation for DetachInternetGateway</a>','icons/aws_16.png','<function command_type=\"aws_vpc_DetachInternetGateway\">\n<aws_region input_type=\"text\" label=\"AWS Region\" hr_after=\"true\" />\n    <InternetGatewayId input_type=\"text\"/>\n    <VpcId input_type=\"text\"/>\n    <result_name input_type=\"text\"/>\n</function>\n');
INSERT INTO `lu_task_step_function` (`function_name`, `function_label`, `category_name`, `sort_order`, `description`, `help`, `icon`, `xml_template`) VALUES ('aws_vpc_DetachVpnGateway','DetachVpnGateway','aws_vpc','281.00','','<a href=\"http://docs.amazonwebservices.com/AWSEC2/latest/APIReference/ApiReference-query-DetachVpnGateway.html\" target=\"_blank\">AWS documentation for DetachVpnGateway</a>','icons/aws_16.png','<function command_type=\"aws_vpc_DetachVpnGateway\">\n<aws_region input_type=\"text\" label=\"AWS Region\" hr_after=\"true\" />\n    <VpnGatewayId input_type=\"text\"/>\n    <VpcId input_type=\"text\"/>\n    <result_name input_type=\"text\"/>\n</function>\n');
INSERT INTO `lu_task_step_function` (`function_name`, `function_label`, `category_name`, `sort_order`, `description`, `help`, `icon`, `xml_template`) VALUES ('aws_vpc_DisassociateRouteTable','DisassociateRouteTable','aws_vpc','282.00','','<a href=\"http://docs.amazonwebservices.com/AWSEC2/latest/APIReference/ApiReference-query-DisassociateRouteTable.html\" target=\"_blank\">AWS documentation for DisassociateRouteTable</a>','icons/aws_16.png','<function command_type=\"aws_vpc_DisassociateRouteTable\">\n<aws_region input_type=\"text\" label=\"AWS Region\" hr_after=\"true\" />\n    <AssociationId input_type=\"text\"/>\n    <result_name input_type=\"text\"/>\n</function>\n');
INSERT INTO `lu_task_step_function` (`function_name`, `function_label`, `category_name`, `sort_order`, `description`, `help`, `icon`, `xml_template`) VALUES ('aws_vpc_ReplaceNetworkAclAssociation','ReplaceNetworkAclAssociation','aws_vpc','283.00','','<a href=\"http://docs.amazonwebservices.com/AWSEC2/latest/APIReference/ApiReference-query-ReplaceNetworkAclAssociation.html\" target=\"_blank\">AWS documentation for ReplaceNetworkAclAssociation</a>','icons/aws_16.png','<function command_type=\"aws_vpc_ReplaceNetworkAclAssociation\">\n<aws_region input_type=\"text\" label=\"AWS Region\" hr_after=\"true\" />\n    <AssociationId input_type=\"text\"/>\n    <NetworkAclId input_type=\"text\"/>\n    <result_name input_type=\"text\"/>\n</function>\n');
INSERT INTO `lu_task_step_function` (`function_name`, `function_label`, `category_name`, `sort_order`, `description`, `help`, `icon`, `xml_template`) VALUES ('aws_vpc_ReplaceNetworkAclEntry','ReplaceNetworkAclEntry','aws_vpc','284.00','','<a href=\"http://docs.amazonwebservices.com/AWSEC2/latest/APIReference/ApiReference-query-ReplaceNetworkAclEntry.html\" target=\"_blank\">AWS documentation for ReplaceNetworkAclEntry</a>','icons/aws_16.png','<function command_type=\"aws_vpc_ReplaceNetworkAclEntry\">\n<aws_region input_type=\"text\" label=\"AWS Region\" hr_after=\"true\" />\n    <NetworkAclId input_type=\"text\"/>\n    <RuleNumber input_type=\"text\"/>\n    <Protocol input_type=\"text\"/>\n    <RuleAction input_type=\"text\"/>\n    <Egress input_type=\"text\"/>\n    <CidrBlock input_type=\"text\"/>\n    <Icmp>\n        <Code input_type=\"text\"/>\n        <Type input_type=\"text\"/>\n    </Icmp>\n    <PortRange>\n        <From input_type=\"text\"/>\n        <To input_type=\"text\"/>\n    </PortRange>\n    <result_name input_type=\"text\"/>\n</function>\n');
INSERT INTO `lu_task_step_function` (`function_name`, `function_label`, `category_name`, `sort_order`, `description`, `help`, `icon`, `xml_template`) VALUES ('aws_vpc_ReplaceRoute','ReplaceRoute','aws_vpc','285.00','','<a href=\"http://docs.amazonwebservices.com/AWSEC2/latest/APIReference/ApiReference-query-ReplaceRoute.html\" target=\"_blank\">AWS documentation for ReplaceRoute</a>','icons/aws_16.png','<function command_type=\"aws_vpc_ReplaceRoute\">\n<aws_region input_type=\"text\" label=\"AWS Region\" hr_after=\"true\" />\n    <RouteTableId input_type=\"text\"/>\n    <DestinationCidrBlock input_type=\"text\"/>\n    <GatewayId input_type=\"text\"/>\n    <InstanceId input_type=\"text\"/>\n    <result_name input_type=\"text\"/>\n</function>\n');
INSERT INTO `lu_task_step_function` (`function_name`, `function_label`, `category_name`, `sort_order`, `description`, `help`, `icon`, `xml_template`) VALUES ('aws_vpc_ReplaceRouteTableAssociation','ReplaceRouteTableAssociation','aws_vpc','286.00','','<a href=\"http://docs.amazonwebservices.com/AWSEC2/latest/APIReference/ApiReference-query-ReplaceRouteTableAssociation.html\" target=\"_blank\">AWS documentation for ReplaceRouteTableAssociation</a>','icons/aws_16.png','<function command_type=\"aws_vpc_ReplaceRouteTableAssociation\">\n<aws_region input_type=\"text\" label=\"AWS Region\" hr_after=\"true\" />\n    <AssociationId input_type=\"text\"/>\n    <RouteTableId input_type=\"text\"/>\n    <result_name input_type=\"text\"/>\n</function>\n');
INSERT INTO `lu_task_step_function` (`function_name`, `function_label`, `category_name`, `sort_order`, `description`, `help`, `icon`, `xml_template`) VALUES ('aws_vpc_RevokeSecurityGroupEgress','RevokeSecurityGroupEgress','aws_vpc','287.00','','<a href=\"http://docs.amazonwebservices.com/AWSEC2/latest/APIReference/ApiReference-query-RevokeSecurityGroupEgress.html\" target=\"_blank\">AWS documentation for RevokeSecurityGroupEgress</a>','icons/aws_16.png','<function command_type=\"aws_vpc_RevokeSecurityGroupEgress\">\n<aws_region input_type=\"text\" label=\"AWS Region\" hr_after=\"true\" />\n    <GroupId input_type=\"text\"/>\n    <IpPermissions.n is_array=\"true\">\n        <IpPermissions>\n            <IpProtocol input_type=\"text\"/>\n            <FromPort input_type=\"text\"/>\n            <ToPort input_type=\"text\"/>\n            <Groups.m is_array=\"true\">\n                <Groups>\n                    <GroupId input_type=\"text\"/>\n                </Groups>\n            </Groups.m>\n            <IpRanges.m is_array=\"true\">\n                <IpRanges>\n                    <CidrIp input_type=\"text\"/>\n                </IpRanges>\n            </IpRanges.m>\n        </IpPermissions>\n    </IpPermissions.n>\n    <result_name input_type=\"text\"/>\n</function>\n');
INSERT INTO `lu_task_step_function` (`function_name`, `function_label`, `category_name`, `sort_order`, `description`, `help`, `icon`, `xml_template`) VALUES ('break_loop','Break Loop','flow','5.00','Stops looping','<b>Break Loop</b><br />Used to break out of a loop when a certain condition is met, and looping is no longer neccessary.','icons/break_loop.png','<function command_type=\"break_loop\"/>');
INSERT INTO `lu_task_step_function` (`function_name`, `function_label`, `category_name`, `sort_order`, `description`, `help`, `icon`, `xml_template`) VALUES ('cancel_task','Cancel Task','control','4.00','Cancels one or more running Tasks.','<b>Sleep</b><br>Cancel Task is used to force task execution to stop on one or more running Tasks.','icons/stop_32.png','<function command_type=\"cancel_task\"><task_instance input_type=\"text\"/></function>');
INSERT INTO `lu_task_step_function` (`function_name`, `function_label`, `category_name`, `sort_order`, `description`, `help`, `icon`, `xml_template`) VALUES ('clear_variable','Clear Variables','variable','2.00','Removes variables from memory.','<b>Clear Variables</b><br><br>Clear Variables is used to delete a variable from memory. If the variable is an array the whole array will be cleared. Add additional variables to be cleared by clicking the add link. ','icons/bookmark_delete_32.png','<function command_type=\"clear_variable\"><variable><name input_type=\"text\"/></variable></function>');
INSERT INTO `lu_task_step_function` (`function_name`, `function_label`, `category_name`, `sort_order`, `description`, `help`, `icon`, `xml_template`) VALUES ('cmd_line','Command Line','interact','2.00','A command issued to the Asset via a Command Line.','<b>Command Line Interface</b><br>Used to communicate with a remote system over ssh or telnet connection types.<br>First select the connection name that will be used. Next enter the command that should be sent to the remote system. Prior to the command being sent, variable substitution will occur. After the command is sent, the Command Engine will wait for the command line prompt to appear.<br><br>Options: The options button has three options overrides. <br>Timeout value in seconds, this is the number of seconds the command engine will wait for the command line prompt to return until it timeouts out the process. <br>Positive Response overrides the set of characters that the Command Engine waits for to determine that the command is finished running. Accepts regular expressions .<br>Negative Response is a set of characters that the Command Engine looks for and will error out if it sees them respond from the remote system.<br><br>Variables can be populated via the Command Line Interface command. Click the icon next to the word Variables to name the variables and configure how they are set.','icons/konsole_32.png','<function command_type=\"cmd_line\"><conn_name input_type=\"text\"/><command input_type=\"text\"/><timeout input_type=\"text\"/><positive_response input_type=\"text\"/><negative_response input_type=\"text\"/></function>');
INSERT INTO `lu_task_step_function` (`function_name`, `function_label`, `category_name`, `sort_order`, `description`, `help`, `icon`, `xml_template`) VALUES ('codeblock','Codeblock','flow','3.00','Branches to the specified Codeblock.','<b>Codeblock</b><br>Codeblocks are sections of a task that can be created to encapsulate one or more steps into a logical flow of execution. Codeblocks are usually created to run in a loop or conditionally with the if command. They can also be used to simplify viewing of the task by seperating the logic into sections.<br><br>When a codeblock is called during the execution of the task all variables and arrays created before the codeblock is executed are available for reference inside of the codeblock. Also all variables created inside the codeblock are available after the codeblock exits. <br><br>Select a codeblock from the drop down list or type in the name. ','icons/news_subscribe_32.png','<function command_type=\"codeblock\"><codeblock input_type=\"text\"/></function>');
INSERT INTO `lu_task_step_function` (`function_name`, `function_label`, `category_name`, `sort_order`, `description`, `help`, `icon`, `xml_template`) VALUES ('dataset','Set Ecosystem Registry','variable','5.00','Updates a value in an Ecosystem Registry','Set Ecosystem Registry is used to update a value in an Ecosystem Registry.<br /><br />Useful for saving Task specific state or configuration information between Task runs.<br /><br />[[variables]] are permitted.','icons/kexi_32.png','<function command_type=\"dataset\"><pair><key input_type=\"text\"/><value input_type=\"text\"/><mask input_type=\"checkbox\"/></pair></function>');
INSERT INTO `lu_task_step_function` (`function_name`, `function_label`, `category_name`, `sort_order`, `description`, `help`, `icon`, `xml_template`) VALUES ('dos_cmd','Windows Command','interact','4.00','A command issued on the command prompt of the running Windows Command Engine.','<b>Windows Command Line Interface</b><br>Used to interact with the Windows OS on which this Command Engine instance is running. Enter the command that should be executed. Prior to the command being executed, variable substitution will occur. After the command is executed, the Command Engine will wait for the command line prompt to appear.<br><br>Options: The options button has three options overrides. <br>Timeout value in seconds, this is the number of seconds the command engine will wait for the command line prompt to return until it timeouts out the process. <br>Positive Response overrides the set of characters that the Command Engine waits for to determine that the command is finished running. Accepts regular expressions .<br>Negative Response is a set of characters that the Command Engine looks for and will error out if they are seen in the response.<br><br>Variables can be populated via the Windows Command. Click the icon next to the word Variables to name the variables and configure how they are set.','icons/konsole_32.png','<function command_type=\"dos_cmd\"><command input_type=\"text\"/><timeout input_type=\"text\"/><positive_response input_type=\"text\"/><negative_response input_type=\"text\"/></function>');
INSERT INTO `lu_task_step_function` (`function_name`, `function_label`, `category_name`, `sort_order`, `description`, `help`, `icon`, `xml_template`) VALUES ('drop_connection','Drop Connection','connect','2.00','Drops the connection to an Asset.','<b>Drop Connection</b><br>Drop Connection will close the a named connection made earlier in the execution of the task. Select the connection name either by clicking the icon to the right of the Connection Name box or typing the name in.','icons/connect_no_32.png','<function command_type=\"drop_connection\"><conn_name input_type=\"text\"/></function>');
INSERT INTO `lu_task_step_function` (`function_name`, `function_label`, `category_name`, `sort_order`, `description`, `help`, `icon`, `xml_template`) VALUES ('end','End','control','1.00','End Task execution.','<b>End</b><br>The End command halts the execution of the task. Use the \"End with Status\" drop down selector to choose the status that the task should be set to when it exits. The Log Message box can be used to specify a reason for the ending of the task.','icons/player_stop_32.png','<function command_type=\"end\"><status input_type=\"select\">Completed</status><message input_type=\"text\"/></function>');
INSERT INTO `lu_task_step_function` (`function_name`, `function_label`, `category_name`, `sort_order`, `description`, `help`, `icon`, `xml_template`) VALUES ('exists','Exists','variable','7.00','The Exists command will check one or more variables to ensure they have values','<b>Exists</b><br />The Exists command will check one or more variables to ensure they have values<br />','icons/exists.png','<function command_type=\"exists\"><variable><name input_type=\"text\"/><is_true>0</is_true></variable><actions><negative_action input_type=\"text\"/><positive_action input_type=\"text\"/></actions></function>');
INSERT INTO `lu_task_step_function` (`function_name`, `function_label`, `category_name`, `sort_order`, `description`, `help`, `icon`, `xml_template`) VALUES ('get_ecosystem_objects','Get Ecosystem Objects','cloud','1.00','Retrieves all of the objects for a ecosystem of a given object type. ',NULL,'icons/database_32.png','<function command_type=\"get_ecosystem_objects\"><object_type input_type=\"select\" label=\"Object Type\"></object_type><result_name label=\"Result Variable\" input_type=\"text\"/></function>');
INSERT INTO `lu_task_step_function` (`function_name`, `function_label`, `category_name`, `sort_order`, `description`, `help`, `icon`, `xml_template`) VALUES ('get_instance_handle','Get Task Instance','control','6.00','Gets a \"handle\" on a running Task Instance.','<b>Wait For Task</b><p>Get a handle on a running Task Instance.  Enter a Task Instance number, and the command will return variable handle exposing all the properties of the running Task.</p><p>Note: Enter Handle names as text, such as MYHANDLE, not in variable reference syntax [[MYHANDLE]].</p>','icons/get_instance_32.png','<function command_type=\"get_instance_handle\"><instance input_type=\"text\"/><handle input_type=\"text\"/></function>');
INSERT INTO `lu_task_step_function` (`function_name`, `function_label`, `category_name`, `sort_order`, `description`, `help`, `icon`, `xml_template`) VALUES ('http','HTTP','interact','10.00','Http get to retrieve html data.','<b>HTTP</b><br>The HTTP command can either issue an http get remote url. It will retrieve the resulting html or xml and place that data in the output buffer to be processed into variables.<br><br>Select either http get or post from the Request Type drop down. Next type in the url text box that is to be issued. Make sure to include the http:// or https:// prefix to the url. <br><br>Parameters can be added to the Post request type. Click the + icon below the Parameters section to add Key Value pairs that will be sent to the target url. <br><br>Variables can be populated from the resulting html or xml that is returned from the target webserver. Click the Variables icon to popup the variables management page.','icons/internet_32.png','<function command_type=\"http\"><type input_type=\"select\">GET</type><url input_type=\"text\"/></function>');
INSERT INTO `lu_task_step_function` (`function_name`, `function_label`, `category_name`, `sort_order`, `description`, `help`, `icon`, `xml_template`) VALUES ('if','If','flow','1.00','If, Then, Else conditional logic.','<b>If</b><br>If is used to perform conditional logic within a task to change the flow of execution. If supports multiple \"then\" or \"else if\" conditionals and a final else command.<br><br>Each if statement requires at least one test comparison and one action command. First add the if comparison test to the If: input box.<br><br>Syntax rules: all character string comparisions require quotes to surround the values to be compared. Numeric comparisions do not require quotes. For example to compare a two strings to see if they are equal:<br>\"[[A_STRING]]\" == \"YES\"<br>or to compare two numbers:<br>[[A_NUMBER]] < 10<br>Valid operator are as follows: == (equal), != (not equal), < (less than), > (greater than), <= (less than or equal to), >= (greater than or equal to).<br><br>Add a command to the if, else if, or else that will be processed when the if test is tested to be positive or else condition is met. This is done by clicking in the command box and dragging over a command from the toolbox on the left. NOTE: if multiple commands need to be processed it is best to consolidate these commands within a codeblock.<br><br>Multiple else if tests and commands can be added as needed by clicking on the plus sign below the command box. And else command can be added by clicking on the final else section. ','icons/kmenuedit_32.png','<function command_type=\"if\"><tests><test><eval input_type=\"text\"/><action input_type=\"text\"/></test></tests></function>');
INSERT INTO `lu_task_step_function` (`function_name`, `function_label`, `category_name`, `sort_order`, `description`, `help`, `icon`, `xml_template`) VALUES ('log_msg','Log Message','interact','6.00','Places a message in the logging table.','<b>Log Message</b><br>Use Log Message to place a message in the logging table. This can be informational, for debugging purposes, or for saving error messages. Variable substitution occurs prior to the message insertion into the database.','icons/signature_32.png','<function command_type=\"log_msg\"><message input_type=\"text\"/></function>');
INSERT INTO `lu_task_step_function` (`function_name`, `function_label`, `category_name`, `sort_order`, `description`, `help`, `icon`, `xml_template`) VALUES ('loop','Loop','flow','2.00','Loop for a specified number of interations.','<b>Loop</b><br>The Loop command is similar to a for loop in programming languages. The Loop starts with a specified counter variable set to a integer and continues through the loop until the test is no longer true or a predefined number of iterations has occured.<br><br>Enter a variable name in the Counter Variable input field. This counter variable can be used in the command, codeblock or subtask that is called during the loop. Override the number that the counter variable starts at as well as the number that the counter variable increments by if necessary.<br><br>Next define the test condition by optionally changing the test operator (defaults to <=) and the value to compare the counter variable with. This is usually going to be some sort of variable itself. For instance to loop through a variable array one would select <= as the operator and the variable substitution [[MY_VARIABLE,*]] which will substitute for the total number of elements in the MY_VARIABLE array.<br><br>Lastly add a command to the loop that will be processed each iteration. This is done by clicking in the loop command box and dragging over a command from the toolbox on the left. NOTE: if multiple commands need to be processed in the loop it is best to consolidate these commands within a codeblock. ','icons/quick_restart_32.png','<function command_type=\"loop\"><start input_type=\"text\">1</start><counter input_type=\"text\"/><test input_type=\"select\">&lt;=</test><compare_to input_type=\"text\"/><increment input_type=\"text\">1</increment><action input_type=\"text\"/><max input_type=\"text\"/></function>');
INSERT INTO `lu_task_step_function` (`function_name`, `function_label`, `category_name`, `sort_order`, `description`, `help`, `icon`, `xml_template`) VALUES ('new_connection','New Connection','connect','1.00','Creates a new connection to an Asset.','<b>New Connection</b><br>New Connection will create a named connection to an Asset.<br /> Select the connection type, pick the Asset and Name the connection to be used in the task.','icons/connect_creating_32.png','<function command_type=\"new_connection\"><conn_type input_type=\"select\"/><asset input_type=\"text\"/><conn_name input_type=\"text\">CONN1</conn_name></function>');
INSERT INTO `lu_task_step_function` (`function_name`, `function_label`, `category_name`, `sort_order`, `description`, `help`, `icon`, `xml_template`) VALUES ('parse_text','Parse Text','variable','3.00','Variables to be extracted from text data.','<b>Parse Text</b><br>Parse Text is used when there there are data or variables that need to be further processed into variables or arrays of variables. For instance suppose there is a variable populated with text that needs to be parsed using row and column delimiters. Enter the variable (or multiple variables if required) in the Text to Process: input box and click the Variables icon below. Enter set the row and column delmiters and identify the variables to be populated. ','icons/bookmark_toolbar_32.png','<function command_type=\"parse_text\"><text input_type=\"text\"/></function>');
INSERT INTO `lu_task_step_function` (`function_name`, `function_label`, `category_name`, `sort_order`, `description`, `help`, `icon`, `xml_template`) VALUES ('read_file','Read File','interact','7.00','Reads a file into variables for processing.','<b>Read File</b><br>Read File will read the contents of a file and process into variables for use in the task.','icons/readfile_32.png','<function command_type=\"read_file\"><filename input_type=\"text\"/><start input_type=\"text\"/><num_chars input_type=\"text\"/></function>');
INSERT INTO `lu_task_step_function` (`function_name`, `function_label`, `category_name`, `sort_order`, `description`, `help`, `icon`, `xml_template`) VALUES ('run_task','Run Task','control','2.00','Run Task executes launches another task.','<b>Run Task</b><br><br>Run task is used to launch a task in a seperate execution stream. Select the task to be run and optionally select the asset on which is to be executed against. The task will get scheduled for immediate execution and will run independently from the calling task.','icons/player_play_32.png','<function command_type=\"run_task\"><original_task_id input_type=\"text\"/><version input_type=\"text\"/><time_to_wait input_type=\"text\"/><on_success input_type=\"text\"/><on_error input_type=\"text\"/><asset_id input_type=\"text\"/><handle input_type=\"text\"/></function>');
/*INSERT INTO `lu_task_step_function` (`function_name`, `function_label`, `category_name`, `sort_order`, `description`, `help`, `icon`, `xml_template`) VALUES ('scriptlet','Scriptlet','variable','6.00','Use Javascript or TCL for advanced logic in setting variables.','<b>Scriptlet</b> is used for advanced processing when setting a variable.  Cases may exist where multiple levels of \"if\" statements or looping is required to properly calculate the new value for a variable.<br /><br />Valid languages are Javascript or TCL.','icons/script_32.png','<function command_type=\"script\"><language input_type=\"select\">Javascript</language><script input_type=\"text\"/></function>');*/
INSERT INTO `lu_task_step_function` (`function_name`, `function_label`, `category_name`, `sort_order`, `description`, `help`, `icon`, `xml_template`) VALUES ('send_email','Send Email','interact','5.00','Sends an email to the specified list of recipients.','<b>Send Email</b><br>Send Email is used to send email messages. Enter the email addresses in the To: field, comma seperated. The Subject field takes the subject and the Message field accepts the body of the message. Html formatting is allowed in the message field only.','icons/mail_send_32.png','<function command_type=\"send_email\"><to input_type=\"text\"/><subject input_type=\"text\"/><body input_type=\"text\"/></function>');
/*INSERT INTO `lu_task_step_function` (`function_name`, `function_label`, `category_name`, `sort_order`, `description`, `help`, `icon`, `xml_template`) VALUES ('set_asset_registry','Set Asset Registry','variable','8.00','Updates a value in an Asset Registry.','<b>Set Asset Registry</b><br>Set Asset Registry is used to update a value in an Asset Registry.<br /><br />Useful for saving Asset specific state or configuration information between Task runs.<br /><br />[[variables]] are permitted.','icons/set_asset_registry_32.png','<function command_type=\"set_asset_registry\"><asset_id input_type=\"text\" /><xpath input_type=\"text\" /><create_node input_type=\"text\" /><value input_type=\"text\" /></function>');*/
INSERT INTO `lu_task_step_function` (`function_name`, `function_label`, `category_name`, `sort_order`, `description`, `help`, `icon`, `xml_template`) VALUES ('set_debug_level','Set Logging Level','control','7.00','Changes the logging level of the running Task.','<b>Set Logging Level</b><br>Set Logging Level is used to change the output logging level of the Task currently executing.<br /><br />Useful for turning logging off in high transaction Tasks, then enabling the output of just a few key statements needed for debugging.<br /><br />``variables`` are permitted.','icons/debug_level_32.png','<function command_type=\"set_debug_level\"><debug_level input_type=\"text\">2</debug_level></function>');
/*INSERT INTO `lu_task_step_function` (`function_name`, `function_label`, `category_name`, `sort_order`, `description`, `help`, `icon`, `xml_template`) VALUES ('set_task_registry','Set Task Registry','variable','9.00','Updates a value in a Task Registry.','<b>Set Task Registry</b><br>Set Task Registry is used to update a value in a Task Registry.<br /><br />Useful for saving Task specific state or configuration information between Task runs.<br /><br />[[variables]] are permitted.','icons/set_task_registry_32.png','<function command_type=\"set_task_registry\"><xpath input_type=\"text\" /><create_node input_type=\"text\" /><value input_type=\"text\" /></function>');*/
INSERT INTO `lu_task_step_function` (`function_name`, `function_label`, `category_name`, `sort_order`, `description`, `help`, `icon`, `xml_template`) VALUES ('set_variable','Set Variables','variable','1.00','Sets a variable to a value.','<b>Set Variable</b><br>Set Variable is used to populate a variable with alphanumeric data. It can be used to set multiple variables within the same command. <br><br>Add the variable name to the Variable: input field. Allowable characters: A-z, 0-9, underscore and dash. To set a specific element in a variable array, use a comma immediately followed by an integer. For example to set the fifth element in the variable array MY_VAR: MY_VAR,5<br><br>Use the modifier drop down selector to change the data to upper or lower case as the variable is set<br><br>Enter the data to set the variable to in the Value: entry field. This can be any length with any type of data.<br><br>To set multiple variables with the same Set Variable command click the plus sign or click to add another text below the last variable added.','icons/bookmark_add_32.png','<function command_type=\"set_variable\"><variable><name input_type=\"text\"/><value input_type=\"text\"/><modifier input_type=\"select\">DEFAULT</modifier></variable></function>');
INSERT INTO `lu_task_step_function` (`function_name`, `function_label`, `category_name`, `sort_order`, `description`, `help`, `icon`, `xml_template`) VALUES ('sleep','Sleep','control','3.00','Sleeps for a selected number of seconds.','<b>Sleep</b><br>Sleep is used to pause task execution for the number of seconds entered.','icons/player_pause_32.png','<function command_type=\"sleep\"><seconds input_type=\"text\"/></function>');
INSERT INTO `lu_task_step_function` (`function_name`, `function_label`, `category_name`, `sort_order`, `description`, `help`, `icon`, `xml_template`) VALUES ('sql_exec','Execute SQL','interact','1.00','Executes SQL on a remote database.','<b>Execute SQL</b><br /><p>Execute SQL is used to run a sql command against a remote database. A valid connection to the target database must first be established with the New Connection command and the name of the connection be used in the Connection: entry field.</p><br /><p>Certain database engines such as Oracle regcognize different types of SQL commands (PL/SQL or prepared statements for example.)</p><br /><p>Select an execution mode using the Mode: dropdown.  (The SQL mode is the most commonly used mode.)</p><br /><p>Enter the SQL command to be executed in the text entry field. This should be the native SQL to be used against the target database, besides variable substitution no translation will occur.</p><br /><p>If performing a select operation set variables by clicking on the Variables icon below.','icons/database_32.png','<function command_type=\"sql_exec\"><conn_name input_type=\"text\"/><mode input_type=\"select\">SQL</mode><sql input_type=\"text\"/><handle input_type=\"text\" /></function>');
INSERT INTO `lu_task_step_function` (`function_name`, `function_label`, `category_name`, `sort_order`, `description`, `help`, `icon`, `xml_template`) VALUES ('store_private_key','Store Private Key','cloud','2.00','Stores the private portion of a keypair for later use.',NULL,'icons/set_asset_registry_32.png','<function command_type=\"store_private_key\"><name label=\"Keypair Name\" input_type=\"text\" /><private_key label=\"Private Key\" input_type=\"textarea\" rows=\"1\" class=\"w50pct\" style=\"height:18px;vertical-aligh:bottom;\" /></function>');
INSERT INTO `lu_task_step_function` (`function_name`, `function_label`, `category_name`, `sort_order`, `description`, `help`, `icon`, `xml_template`) VALUES ('substring','Substring','variable','4.00','Sets a variable to a portion of the specified text.','<b>Substring</b><br>Substring is used to populate a variable with part of a string. Enter the name of the variable to be set in the Variable: entry field. The start index is the position in the Source String to start. 0 is the first position. End Index will contain the last position to be part of the value extracted. This can be an integer, a plus sign and number of characters past the start index (+5 to get the start index plus five more characters) or the word \"end\" to make the end position the last character in the string.<br><br>Source String is the set of characters to be extracted from.','icons/editcut_32.png','<function command_type=\"substring\"><variable_name input_type=\"text\"/><start input_type=\"text\"/><end input_type=\"text\"/><source input_type=\"text\"/></function>');
INSERT INTO `lu_task_step_function` (`function_name`, `function_label`, `category_name`, `sort_order`, `description`, `help`, `icon`, `xml_template`) VALUES ('subtask','Subtask','flow','4.00','Loads and executes the specified Task.','<b>Subtask</b><br>Subtask runs the task identified in the Task: entry field. All variables available prior to subtask execution are available within the subtask and any variables set during the subtask are available after it is finished.<br><br>Subtasks are usually best for common execution logic that can be shared across multiple tasks. ','icons/tab_duplicate_32.png','<function command_type=\"subtask\"><original_task_id input_type=\"text\"/><version input_type=\"text\"/></function>');
INSERT INTO `lu_task_step_function` (`function_name`, `function_label`, `category_name`, `sort_order`, `description`, `help`, `icon`, `xml_template`) VALUES ('transfer','Transfer','interact','8.00','File transfer between hosts.','<b>Transfer</b> is used to copy a file between two Assets. Required values are: From: Asset, File and To: Asset, File.','icons/transfer_32.png','<function command_type=\"transfer\"><from_asset input_type=\"text\"/><from_file input_type=\"text\"/><to_asset input_type=\"text\"/><to_file input_type=\"text\"/><mode input_type=\"select\">SCP</mode><command input_type=\"select\"/><returnvar input_type=\"text\"/></function>');
INSERT INTO `lu_task_step_function` (`function_name`, `function_label`, `category_name`, `sort_order`, `description`, `help`, `icon`, `xml_template`) VALUES ('wait_for_tasks','Wait For Tasks','control','5.00','Waits for one or more Tasks to complete.','<b>Wait For Task</b><p>Waits for one or more processing Tasks to complete.  Enter one or more Task Handles, and the command will wait until all of them have completed processing.</p><p>A Task will be considered \"completed\" if it is in any of the non-running statuses, including Canceled, Error, and Completed.</p><p style=\"font-style: italic;\">Note: Enter Handle names as text, such as MYHANDLE, not in variable reference syntax [[MYHANDLE]].</p>','icons/wait_32.png','<function command_type=\"wait_for_tasks\"><handle><name input_type=\"text\"/></handle></function>');
INSERT INTO `lu_task_step_function` (`function_name`, `function_label`, `category_name`, `sort_order`, `description`, `help`, `icon`, `xml_template`) VALUES ('while','While','flow','10.00','Performs a while loop until condition is not true.','<b>While</b><br>The While command is similar to a while loop in programming languages. The Test condition is evaluated at the top of each iteration.<br><br>In the following example the while loop will continue iterating until the runtime variable my_variable evaluates to something other than yes.<br>\"[[my_variable]]\" == \"yes\" ','icons/quick_restart_32.png','<function command_type=\"while\"><test input_type=\"text\"/><action input_type=\"text\"/></function>');

INSERT INTO `messenger_settings` (`id`, `mode_off_on`, `loop_delay_sec`, `retry_delay_min`, `retry_max_attempts`, `smtp_server_addr`, `smtp_server_user`, `smtp_server_password`, `smtp_server_port`, `from_email`, `from_name`, `admin_email`) 
VALUES (1,'off',30,1,5,'','','',25,'user@example.com','Cloud Sidekick Messenger','');
INSERT INTO `poller_settings` (`id`, `mode_off_on`, `loop_delay_sec`, `max_processes`, `app_instance`) VALUES (1,'on',3,4,'DEFAULT');
INSERT INTO `scheduler_settings` (`id`, `mode_off_on`, `loop_delay_sec`, `schedule_min_depth`, `schedule_max_days`, `clean_app_registry`) VALUES (1,'on',5,10,60,5);

-- Example tasks


INSERT INTO `task` VALUES ('070dfda0-3ed2-4362-b2c2-51155b4f4d9d','070dfda0-3ed2-4362-b2c2-51155b4f4d9d','1.000','Create and Manage EC2 SDB Domain','example - aws002','Creates a SDB domain and adds items with attributes then loops through one of the items and prints to the log. Deletes the domain at the end.\n\nShows how to use Xpath to loop through the results of an AWS query.','Development',0,1,NULL,NULL,'2011-07-11 21:18:56','');
INSERT INTO `task_codeblock` VALUES ('070dfda0-3ed2-4362-b2c2-51155b4f4d9d','MAIN');
INSERT INTO `task_step` VALUES ('88b05c82-1c49-4a10-a221-ee77367ba656','070dfda0-3ed2-4362-b2c2-51155b4f4d9d','73b3b3d7-2074-4113-bb74-14a11b0c1de4',-1,0,0,'log_msg','<function command_type=\"log_msg\">\n  <message input_type=\"text\">Attribute # [[Z]] for Item_02, name = [[get.//Attribute[ [[Z]] ]/Name]], value = [[get.//Attribute[ [[Z]] ]/Value]]</message>\n</function>','Display name value pairs for Item_02',0,0,0,NULL);
INSERT INTO `task_step` VALUES ('3726aa38-7db6-4a34-a08b-ffdb8817ef42','070dfda0-3ed2-4362-b2c2-51155b4f4d9d','MAIN',6,0,0,'aws_sdb_GetAttributes','<function command_type=\"aws_sdb_GetAttributes\">\n  <aws_region input_type=\"text\" label=\"AWS Region\" hr_after=\"true\" />\n  <DomainName input_type=\"text\">MyStore</DomainName>\n  <ItemName input_type=\"text\">Item_02</ItemName>\n  <AttributeName input_type=\"text\">\n  </AttributeName>\n  <ConsistentRead input_type=\"text\" />\n  <result_name input_type=\"text\">get</result_name>\n</function>','Take a look at Item_02',0,0,0,NULL);
INSERT INTO `task_step` VALUES ('6a7a899e-7a82-46a3-9ed8-a6ecd4b718d2','070dfda0-3ed2-4362-b2c2-51155b4f4d9d','MAIN',3,0,0,'aws_sdb_PutAttributes','<function command_type=\"aws_sdb_PutAttributes\">\n  <aws_region input_type=\"text\" label=\"AWS Region\" hr_after=\"true\" />\n  <DomainName input_type=\"text\">MyStore</DomainName>\n  <ItemName input_type=\"text\">Item_01</ItemName>\n  <Attribute.X is_array=\"true\">\n    <Attribute>\n      <Name input_type=\"text\">Category</Name>\n      <Value input_type=\"text\">Clothes</Value>\n      <Replace input_type=\"text\">true</Replace>\n    </Attribute>\n    <Attribute>\n      <Name input_type=\"text\">Subcategory</Name>\n      <Value input_type=\"text\">Sweater</Value>\n      <Replace input_type=\"text\">true</Replace>\n    </Attribute>\n    <Attribute>\n      <Name input_type=\"text\">Name</Name>\n      <Value input_type=\"text\">Cathair Sweater</Value>\n      <Replace input_type=\"text\">true</Replace>\n    </Attribute>\n    <Attribute>\n      <Name input_type=\"text\">Color</Name>\n      <Value input_type=\"text\">Siamese</Value>\n      <Replace input_type=\"text\">true</Replace>\n    </Attribute>\n    <Attribute>\n      <Name input_type=\"text\">Size</Name>\n      <Value input_type=\"text\">Small</Value>\n      <Replace input_type=\"text\">true</Replace>\n    </Attribute>\n    <Attribute>\n      <Name input_type=\"text\">Size</Name>\n      <Value input_type=\"text\">Medium</Value>\n      <Replace input_type=\"text\">true</Replace>\n    </Attribute>\n    <Attribute>\n      <Name input_type=\"text\">Size</Name>\n      <Value input_type=\"text\">Large</Value>\n      <Replace input_type=\"text\">true</Replace>\n    </Attribute>\n  </Attribute.X>\n  <Expected.X is_array=\"true\">\n    <Expected>\n      <Name input_type=\"text\" />\n      <Value input_type=\"text\" />\n      <Exists input_type=\"text\" />\n    </Expected>\n  </Expected.X>\n  <result_name input_type=\"text\" />\n</function>','Add Item_01, sweater',0,0,0,NULL);
INSERT INTO `task_step` VALUES ('73b3b3d7-2074-4113-bb74-14a11b0c1de4','070dfda0-3ed2-4362-b2c2-51155b4f4d9d','MAIN',7,0,0,'loop','<function command_type=\"loop\">\n  <start input_type=\"text\">1</start>\n  <counter input_type=\"text\">Z</counter>\n  <test input_type=\"select\">&lt;=</test>\n  <compare_to input_type=\"text\">[[get.count(//Attribute)]]</compare_to>\n  <increment input_type=\"text\">1</increment>\n  <action input_type=\"text\">88b05c82-1c49-4a10-a221-ee77367ba656</action>\n  <max input_type=\"text\" />\n</function>','Loop through attributes for Item_02',0,0,0,NULL);
INSERT INTO `task_step` VALUES ('982ec856-731f-46d4-953f-10918fd469fc','070dfda0-3ed2-4362-b2c2-51155b4f4d9d','MAIN',4,0,0,'aws_sdb_PutAttributes','<function command_type=\"aws_sdb_PutAttributes\">\n  <aws_region input_type=\"text\" label=\"AWS Region\" hr_after=\"true\" />\n  <DomainName input_type=\"text\">MyStore</DomainName>\n  <ItemName input_type=\"text\">Item_02</ItemName>\n  <Attribute.X is_array=\"true\">\n    <Attribute>\n      <Name input_type=\"text\">Category</Name>\n      <Value input_type=\"text\">Clothes</Value>\n      <Replace input_type=\"text\">true</Replace>\n    </Attribute>\n    <Attribute>\n      <Name input_type=\"text\">Subcategory</Name>\n      <Value input_type=\"text\">Pants</Value>\n      <Replace input_type=\"text\">true</Replace>\n    </Attribute>\n    <Attribute>\n      <Name input_type=\"text\">Name</Name>\n      <Value input_type=\"text\">Sweatpants</Value>\n      <Replace input_type=\"text\">true</Replace>\n    </Attribute>\n    <Attribute>\n      <Name input_type=\"text\">Color</Name>\n      <Value input_type=\"text\">Blue</Value>\n      <Replace input_type=\"text\">true</Replace>\n    </Attribute>\n    <Attribute>\n      <Name input_type=\"text\">Color</Name>\n      <Value input_type=\"text\">Yellow</Value>\n      <Replace input_type=\"text\">true</Replace>\n    </Attribute>\n    <Attribute>\n      <Name input_type=\"text\">Color</Name>\n      <Value input_type=\"text\">Pink</Value>\n      <Replace input_type=\"text\">true</Replace>\n    </Attribute>\n    <Attribute>\n      <Name input_type=\"text\">Size</Name>\n      <Value input_type=\"text\">Large</Value>\n      <Replace input_type=\"text\">true</Replace>\n    </Attribute>\n    <Attribute>\n      <Name input_type=\"text\">Year</Name>\n      <Value input_type=\"text\">2006</Value>\n      <Replace input_type=\"text\">true</Replace>\n    </Attribute>\n    <Attribute>\n      <Name input_type=\"text\">Year</Name>\n      <Value input_type=\"text\">2007</Value>\n      <Replace input_type=\"text\">true</Replace>\n    </Attribute>\n  </Attribute.X>\n  <Expected.X is_array=\"true\">\n    <Expected>\n      <Name input_type=\"text\" />\n      <Value input_type=\"text\" />\n      <Exists input_type=\"text\" />\n    </Expected>\n  </Expected.X>\n  <result_name input_type=\"text\" />\n</function>','Add Item_02, sweatpants',0,0,0,NULL);
INSERT INTO `task_step` VALUES ('c3766e30-f0e2-4ab8-ac2a-42493e765e8a','070dfda0-3ed2-4362-b2c2-51155b4f4d9d','MAIN',2,0,0,'aws_sdb_ListDomains','<function command_type=\"aws_sdb_ListDomains\">\n<aws_region input_type=\"text\" label=\"AWS Region\" hr_after=\"true\" />\r    <MaxNumberOfDomains input_type=\"text\"/>\r    <NextToken input_type=\"text\"/>\r    <result_name input_type=\"text\"/>\r</function>\r','List all the domains',0,0,0,NULL);
INSERT INTO `task_step` VALUES ('d5a01e40-92b6-4440-802c-0da4f1dc98d6','070dfda0-3ed2-4362-b2c2-51155b4f4d9d','MAIN',1,0,0,'aws_sdb_CreateDomain','<function command_type=\"aws_sdb_CreateDomain\">\n  <aws_region input_type=\"text\" label=\"AWS Region\" hr_after=\"true\" />\n  <DomainName input_type=\"text\">MyStore</DomainName>\n  <result_name input_type=\"text\" />\n</function>','Create the domain MyStore',0,0,0,NULL);
INSERT INTO `task_step` VALUES ('e85a7acd-b587-470a-bdf0-424cf1c3088a','070dfda0-3ed2-4362-b2c2-51155b4f4d9d','MAIN',8,0,0,'aws_sdb_DeleteDomain','<function command_type=\"aws_sdb_DeleteDomain\">\n  <aws_region input_type=\"text\" label=\"AWS Region\" hr_after=\"true\" />\n  <DomainName input_type=\"text\">MyStore</DomainName>\n  <result_name input_type=\"text\" />\n</function>','Delete MyStore',0,0,0,NULL);
INSERT INTO `task_step` VALUES ('e91f083a-4b2a-42ee-a179-a6cc8229544e','070dfda0-3ed2-4362-b2c2-51155b4f4d9d','MAIN',5,0,0,'aws_sdb_PutAttributes','<function command_type=\"aws_sdb_PutAttributes\">\n  <aws_region input_type=\"text\" label=\"AWS Region\" hr_after=\"true\" />\n  <DomainName input_type=\"text\">MyStore</DomainName>\n  <ItemName input_type=\"text\">Item_03</ItemName>\n  <Attribute.X is_array=\"true\">\n    <Attribute>\n      <Name input_type=\"text\">Category</Name>\n      <Value input_type=\"text\">Car Parts</Value>\n      <Replace input_type=\"text\">true</Replace>\n    </Attribute>\n    <Attribute>\n      <Name input_type=\"text\">Subcategory</Name>\n      <Value input_type=\"text\">Emissions</Value>\n      <Replace input_type=\"text\">true</Replace>\n    </Attribute>\n    <Attribute>\n      <Name input_type=\"text\">Name</Name>\n      <Value input_type=\"text\">O2 Sensor</Value>\n      <Replace input_type=\"text\">true</Replace>\n    </Attribute>\n    <Attribute>\n      <Name input_type=\"text\">Make</Name>\n      <Value input_type=\"text\">Audi</Value>\n      <Replace input_type=\"text\">true</Replace>\n    </Attribute>\n    <Attribute>\n      <Name input_type=\"text\">Model</Name>\n      <Value input_type=\"text\">S4</Value>\n      <Replace input_type=\"text\">true</Replace>\n    </Attribute>\n    <Attribute>\n      <Name input_type=\"text\">Year</Name>\n      <Value input_type=\"text\">2000</Value>\n      <Replace input_type=\"text\">true</Replace>\n    </Attribute>\n    <Attribute>\n      <Name input_type=\"text\">Year</Name>\n      <Value input_type=\"text\">2001</Value>\n      <Replace input_type=\"text\">true</Replace>\n    </Attribute>\n    <Attribute>\n      <Name input_type=\"text\">Year</Name>\n      <Value input_type=\"text\">2002</Value>\n      <Replace input_type=\"text\">true</Replace>\n    </Attribute>\n  </Attribute.X>\n  <Expected.X is_array=\"true\">\n    <Expected>\n      <Name input_type=\"text\" />\n      <Value input_type=\"text\" />\n      <Exists input_type=\"text\" />\n    </Expected>\n  </Expected.X>\n  <result_name input_type=\"text\" />\n</function>','Add Item_03, oxygen sensor',0,0,0,NULL);

INSERT INTO `task` VALUES ('08f8bdf8-06ff-4652-95a7-61c9f9f0b97d','08f8bdf8-06ff-4652-95a7-61c9f9f0b97d','1.000','Request EC2 Spot Instances','example - aws006','Makes a request for AWS EC2 spot instances. Prompts for variable parameters. Make sure to change the security group and keyname values.','Development',0,1,NULL,NULL,'2011-06-17 13:40:58','<parameters>\n  <parameter id=\"p_5c364603-4837-4e15-be2e-eccefaf029dc\" required=\"true\" prompt=\"true\" encrypt=\"false\">\n    <name>price</name>\n    <desc>The maximum hourly price for any Spot Instance launched to fulfill the request (e.g. 0.30)</desc>\n    <values present_as=\"value\">\n      <value id=\"pv_0f9eff15-cfb2-43e2-985b-99700a381fec\">.02</value>\n    </values>\n  </parameter>\n  <parameter id=\"p_d027366b-0833-4deb-a49f-ae6a25efd733\" required=\"true\" prompt=\"true\" encrypt=\"false\">\n    <name>type</name>\n    <desc>The maximum hourly price for any Spot Instance launched to fulfill the request.</desc>\n    <values present_as=\"dropdown\">\n      <value id=\"pv_ebb8cc19-accf-44c8-9580-30b52cf85da4\">one-time</value>\n      <value id=\"pv_79f172d2-6075-41db-9d3e-7e16441baa6e\">persistent</value>\n    </values>\n  </parameter>\n  <parameter id=\"p_85161de5-dc21-4e14-9307-04435c4d3c5a\" required=\"true\" prompt=\"true\" encrypt=\"false\">\n    <name>instance_type</name>\n    <desc>The instance type.</desc>\n    <values present_as=\"dropdown\">\n      <value id=\"pv_33899607-ad78-4ee1-9934-b12c25fc4b6c\">m1.small</value>\n      <value id=\"pv_cd87b1bf-e089-4818-b646-8eb143823f6d\">m1.large</value>\n      <value id=\"pv_f9a02cf3-f69e-46a0-b9f4-caf9f42c704f\">t1.micro</value>\n    </values>\n  </parameter>\n  <parameter id=\"p_cb05449d-43fc-4cbc-a646-98b19ea3faf2\" required=\"true\" prompt=\"true\" encrypt=\"false\">\n    <name>num_instances</name>\n    <desc>Number of spot instances to start</desc>\n    <values present_as=\"value\">\n      <value id=\"pv_8e00eda3-a809-4ca0-b206-082fe8da6194\">2</value>\n    </values>\n  </parameter>\n</parameters>');
INSERT INTO `task_codeblock` VALUES ('08f8bdf8-06ff-4652-95a7-61c9f9f0b97d','MAIN');
INSERT INTO `task_step` VALUES ('9d97b9fd-dab4-4069-b087-7f803551baa0','08f8bdf8-06ff-4652-95a7-61c9f9f0b97d','MAIN',1,0,0,'aws_ec2_RequestSpotInstances','<function command_type=\"aws_ec2_RequestSpotInstances\">\n  <aws_region input_type=\"text\" label=\"AWS Region\" hr_after=\"true\" />\n  <SpotPrice input_type=\"text\">[[price]]</SpotPrice>\n  <InstanceCount input_type=\"text\">[[num_instances]]</InstanceCount>\n  <Type input_type=\"text\">[[type]]</Type>\n  <ValidFrom input_type=\"text\" />\n  <ValidUntil input_type=\"text\" />\n  <LaunchGroup input_type=\"text\" />\n  <AvailabilityZoneGroup input_type=\"text\" />\n  <LaunchSpecification>\n    <ImageId input_type=\"text\">ami-7341831a</ImageId>\n    <KeyName input_type=\"text\">my_key_name</KeyName>\n    <SecurityGroupId.n is_array=\"true\">\n      <SecurityGroupId input_type=\"text\" />\n    </SecurityGroupId.n>\n    <SecurityGroup.n is_array=\"true\">\n      <SecurityGroup input_type=\"text\">my_sec_group</SecurityGroup>\n    </SecurityGroup.n>\n    <UserData input_type=\"text\" />\n    <AddressingType input_type=\"text\" />\n    <InstanceType input_type=\"text\">[[instance_type]]</InstanceType>\n    <Placement>\n      <AvailabilityZone input_type=\"text\" />\n    </Placement>\n    <KernelId input_type=\"text\" />\n    <RamdiskId input_type=\"text\" />\n    <BlockDeviceMapping.n is_array=\"true\">\n      <BlockDeviceMapping>\n        <DeviceName input_type=\"text\" />\n        <VirtualName input_type=\"text\" />\n        <Ebs>\n          <SnapshotId input_type=\"text\" />\n          <VolumeSize input_type=\"text\" />\n          <NoDevice input_type=\"text\" />\n          <DeleteOnTermination input_type=\"text\" />\n        </Ebs>\n      </BlockDeviceMapping>\n    </BlockDeviceMapping.n>\n    <Monitoring>\n      <Enabled input_type=\"text\" />\n    </Monitoring>\n  </LaunchSpecification>\n  <result_name input_type=\"text\">request</result_name>\n</function>','Request the instances (change security group and key name)',0,0,0,NULL);
INSERT INTO `task_step` VALUES ('f6d8a92d-5446-479f-9098-d73715e756c6','08f8bdf8-06ff-4652-95a7-61c9f9f0b97d','MAIN',2,0,0,'aws_ec2_DescribeSpotInstanceRequests','<function command_type=\"aws_ec2_DescribeSpotInstanceRequests\">\n  <aws_region input_type=\"text\" label=\"AWS Region\" hr_after=\"true\" />\n  <SpotInstanceRequestId.n is_array=\"true\">\n    <SpotInstanceRequestId input_type=\"text\">[[request.//spotInstanceRequestId]]</SpotInstanceRequestId>\n  </SpotInstanceRequestId.n>\n  <Filter.n is_array=\"true\">\n    <Filter>\n      <Name input_type=\"text\" />\n      <Value.m is_array=\"true\">\n        <Value input_type=\"text\" />\n      </Value.m>\n    </Filter>\n  </Filter.n>\n  <result_name input_type=\"text\"></result_name>\n</function>','',0,0,0,NULL);

INSERT INTO `task` VALUES ('6163c165-e9b5-4b2e-a809-27ac5dad7c17','6163c165-e9b5-4b2e-a809-27ac5dad7c17','1.000','Start Stopped EC2 Server','example - aws056','Starts a stopped AWS EC2 server.','Development',0,1,NULL,NULL,'2011-08-19 08:44:23','<parameters>\n  <parameter id=\"p_62ac7628-66e4-4708-a206-3deaf77efcc0\" required=\"true\" prompt=\"true\" masked=\"false\" encrypt=\"false\">\n    <name>instance_id</name>\n    <desc>The instance id of the EC2 server to start</desc>\n    <values present_as=\"value\">\n      <value id=\"pv_8eade298-ec38-4717-9053-add7afa0b647\">\n      </value>\n    </values>\n  </parameter>\n</parameters>');
INSERT INTO `task_codeblock` VALUES ('6163c165-e9b5-4b2e-a809-27ac5dad7c17','MAIN');
INSERT INTO `task_step` VALUES ('2e62e456-6255-463b-93fa-c45262fac583','6163c165-e9b5-4b2e-a809-27ac5dad7c17','1f0d9137-2208-43db-a16d-0841c15a7d80',-1,0,0,'end','<function command_type=\"end\">\n  <status input_type=\"select\">Error</status>\n  <message input_type=\"text\">The instance_id parameter is required.</message>\n</function>','instance_id is not populated, error',0,0,0,NULL);
INSERT INTO `task_step` VALUES ('1f0d9137-2208-43db-a16d-0841c15a7d80','6163c165-e9b5-4b2e-a809-27ac5dad7c17','MAIN',1,0,0,'if','<function command_type=\"if\">\n  <tests>\n    <test>\n      <eval input_type=\"text\">{[[instance_id]]} == {}</eval>\n      <action input_type=\"text\">2e62e456-6255-463b-93fa-c45262fac583</action>\n    </test>\n  </tests>\n</function>','make sure instance_id is populated',0,0,0,NULL);
INSERT INTO `task_step` VALUES ('b659b1ce-09e3-4116-b770-736da336fa8a','6163c165-e9b5-4b2e-a809-27ac5dad7c17','MAIN',2,0,0,'aws_ec2_StartInstances','<function command_type=\"aws_ec2_StartInstances\">\n  <aws_region input_type=\"text\" label=\"AWS Region\" hr_after=\"true\" />\n  <InstanceId.n is_array=\"true\">\n    <InstanceId input_type=\"text\">[[instance_id]]</InstanceId>\n  </InstanceId.n>\n  <result_name input_type=\"text\" />\n</function>','start the instance',0,0,0,NULL);

INSERT INTO `task` VALUES ('7100ea85-e610-43f2-916f-f56073b4ecea','7100ea85-e610-43f2-916f-f56073b4ecea','1.000','Verify SES Email Address','example - aws014','Verifies AWM Simple Email Service email address.','Development',0,1,NULL,NULL,'2011-08-31 16:56:53','<parameters>\n  <parameter id=\"p_7449077f-e904-44e8-80e1-b18ed450a59b\" required=\"true\" prompt=\"true\" encrypt=\"false\">\n    <name>address</name>\n    <desc>Enter email address to verify with Simple Email Service (e.g. email@example.com)</desc>\n    <values present_as=\"value\">\n      <value id=\"pv_4e00f5a3-a045-4b85-8951-086ab0c00477\">\n      </value>\n    </values>\n  </parameter>\n</parameters>');
INSERT INTO `task_codeblock` VALUES ('7100ea85-e610-43f2-916f-f56073b4ecea','MAIN');
INSERT INTO `task_step` VALUES ('dac39915-e7dd-482d-bc8d-6558e36a4af4','7100ea85-e610-43f2-916f-f56073b4ecea','MAIN',1,0,0,'aws_ses_VerifyEmailAddress','<function command_type=\"aws_ses_VerifyEmailAddress\">\n  <aws_region input_type=\"text\" label=\"AWS Region\" hr_after=\"true\" />\n  <EmailAddress input_type=\"text\">[[address]]</EmailAddress>\n  <result_name input_type=\"text\" />\n</function>','verify the email address',0,0,0,NULL);

INSERT INTO `task` VALUES ('7a5c12b1-bb87-4caf-95af-ed5346e0fc59','7a5c12b1-bb87-4caf-95af-ed5346e0fc59','1.000','Take MySQL Snapshot','example - aws003','This task serves as an example for taking a snapshot of a MySQL database volume. It makes certain assumptions at the device and volume level and will need to be customized.','Development',0,1,NULL,NULL,'2011-10-18 20:01:44','<parameters>\n  <parameter id=\"p_005422e7-4dc9-46b6-bb81-c33b438b5ef3\" required=\"true\" prompt=\"true\" encrypt=\"false\">\n    <name>instance_id</name>\n    <desc>Database EC2 instance id</desc>\n    <values present_as=\"value\">\n      <value id=\"pv_37d2b202-29f7-4c5c-8d1a-cda2940ca3fe\">\n      </value>\n    </values>\n  </parameter>\n  <parameter id=\"p_7516f1a2-8dec-4780-ba4c-6c89de759919\" required=\"true\" prompt=\"true\" encrypt=\"true\">\n    <name>root_db_password</name>\n    <desc>Root password for MySQL database</desc>\n    <values present_as=\"value\">\n      <value id=\"pv_14a8451c-80d1-42cd-8911-192b970de1f9\">\n      </value>\n    </values>\n  </parameter>\n  <parameter id=\"p_81f05252-603f-49ea-89b8-d7709f43e6c0\" required=\"true\" prompt=\"true\" encrypt=\"false\">\n    <name>user</name>\n    <desc>Linux login user</desc>\n    <values present_as=\"value\">\n      <value id=\"pv_6e32f926-4cd0-4dcb-9ce6-f05bc487ae49\">ubuntu</value>\n    </values>\n  </parameter>\n</parameters>');
INSERT INTO `task_codeblock` VALUES ('7a5c12b1-bb87-4caf-95af-ed5346e0fc59','MAIN');
INSERT INTO `task_step` VALUES ('cad6e772-e876-4f17-a321-78f96e1b1b8a','7a5c12b1-bb87-4caf-95af-ed5346e0fc59','e6fd06ad-420c-4845-95ff-601042a06dad',-1,0,0,'end','<function command_type=\"end\">\n  <status input_type=\"select\">Error</status>\n  <message input_type=\"text\">EC2 volume id for [[device]] filesystem could not be found.</message>\n</function>','',0,0,0,NULL);
INSERT INTO `task_step` VALUES ('00b81e92-f9c4-11e0-a8e4-12313b125aec','7a5c12b1-bb87-4caf-95af-ed5346e0fc59','MAIN',3,0,0,'set_variable','<function command_type=\"set_variable\">\n  <variable>\n    <name input_type=\"text\">volume</name>\n    <value input_type=\"text\">[[result.//blockDeviceMapping/item[deviceName=\'[[device]]\']/ebs/volumeId ]]</value>\n    <modifier input_type=\"select\">DEFAULT</modifier>\n  </variable>\n</function>','',0,0,0,NULL);
INSERT INTO `task_step` VALUES ('00b81ea6-f9c4-11e0-a8e4-12313b125aec','7a5c12b1-bb87-4caf-95af-ed5346e0fc59','MAIN',5,0,0,'log_msg','<function command_type=\"log_msg\">\r\n  <message input_type=\"text\">Going to take a snapshot of the [[volume]] volume</message>\r\n</function>','',0,0,0,NULL);
INSERT INTO `task_step` VALUES ('00b81eba-f9c4-11e0-a8e4-12313b125aec','7a5c12b1-bb87-4caf-95af-ed5346e0fc59','MAIN',2,0,0,'aws_ec2_DescribeInstances','<function command_type=\"aws_ec2_DescribeInstances\">\n  <aws_region input_type=\"text\" label=\"AWS Region\" hr_after=\"true\" />\n  <InstanceId.n is_array=\"true\">\n    <InstanceId input_type=\"text\">[[instance_id]]</InstanceId>\n  </InstanceId.n>\n  <Filter.n is_array=\"true\">\n    <Filter>\n      <Name input_type=\"text\" />\n      <Value.m is_array=\"true\">\n        <Value input_type=\"text\" />\n      </Value.m>\n    </Filter>\n  </Filter.n>\n  <result_name input_type=\"text\">result</result_name>\n</function>','',0,0,0,NULL);
INSERT INTO `task_step` VALUES ('00b81ece-f9c4-11e0-a8e4-12313b125aec','7a5c12b1-bb87-4caf-95af-ed5346e0fc59','MAIN',8,0,0,'cmd_line','<function command_type=\"cmd_line\">\r\n  <conn_name input_type=\"text\">CONN1</conn_name>\r\n  <command input_type=\"text\">FLUSH TABLES WITH READ LOCK;</command>\r\n  <timeout input_type=\"text\" />\r\n  <positive_response input_type=\"text\"></positive_response>\r\n  <negative_response input_type=\"text\" />\r\n</function>','',2,0,0,NULL);
INSERT INTO `task_step` VALUES ('00b81ee2-f9c4-11e0-a8e4-12313b125aec','7a5c12b1-bb87-4caf-95af-ed5346e0fc59','MAIN',14,0,0,'cmd_line','<function command_type=\"cmd_line\">\r\n  <conn_name input_type=\"text\">CONN1</conn_name>\r\n  <command input_type=\"text\">exit</command>\r\n  <timeout input_type=\"text\" />\r\n  <positive_response input_type=\"text\" />\r\n  <negative_response input_type=\"text\" />\r\n</function>','',2,0,0,NULL);
INSERT INTO `task_step` VALUES ('00b81ef6-f9c4-11e0-a8e4-12313b125aec','7a5c12b1-bb87-4caf-95af-ed5346e0fc59','MAIN',13,0,0,'cmd_line','<function command_type=\"cmd_line\">\r\n  <conn_name input_type=\"text\">CONN1</conn_name>\r\n  <command input_type=\"text\">UNLOCK TABLES;</command>\r\n  <timeout input_type=\"text\" />\r\n  <positive_response input_type=\"text\"></positive_response>\r\n  <negative_response input_type=\"text\" />\r\n</function>','',2,0,0,NULL);
INSERT INTO `task_step` VALUES ('00b81f32-f9c4-11e0-a8e4-12313b125aec','7a5c12b1-bb87-4caf-95af-ed5346e0fc59','MAIN',7,0,0,'cmd_line','<function command_type=\"cmd_line\">\n  <conn_name input_type=\"text\">CONN1</conn_name>\n  <command input_type=\"text\">mysql -u root -p[[root_db_password]] --prompt=\"PROMPT&gt;\"</command>\n  <timeout input_type=\"text\" />\n  <positive_response input_type=\"text\">\n  </positive_response>\n  <negative_response input_type=\"text\" />\n</function>','',2,0,0,NULL);
INSERT INTO `task_step` VALUES ('00b81f46-f9c4-11e0-a8e4-12313b125aec','7a5c12b1-bb87-4caf-95af-ed5346e0fc59','MAIN',12,0,0,'cmd_line','<function command_type=\"cmd_line\">\r\n  <conn_name input_type=\"text\">CONN1</conn_name>\r\n  <command input_type=\"text\">SYSTEM sudo xfs_freeze -u /vol</command>\r\n  <timeout input_type=\"text\" />\r\n  <positive_response input_type=\"text\"></positive_response>\r\n  <negative_response input_type=\"text\" />\r\n</function>','',2,0,0,NULL);
INSERT INTO `task_step` VALUES ('00b81f5a-f9c4-11e0-a8e4-12313b125aec','7a5c12b1-bb87-4caf-95af-ed5346e0fc59','MAIN',10,0,0,'cmd_line','<function command_type=\"cmd_line\">\r\n  <conn_name input_type=\"text\">CONN1</conn_name>\r\n  <command input_type=\"text\">SYSTEM sudo xfs_freeze -f /vol</command>\r\n  <timeout input_type=\"text\" />\r\n  <positive_response input_type=\"text\"></positive_response>\r\n  <negative_response input_type=\"text\" />\r\n</function>','',2,0,0,NULL);
INSERT INTO `task_step` VALUES ('00b81f6e-f9c4-11e0-a8e4-12313b125aec','7a5c12b1-bb87-4caf-95af-ed5346e0fc59','MAIN',11,0,0,'aws_ec2_CreateSnapshot','<function command_type=\"aws_ec2_CreateSnapshot\">\n<aws_region input_type=\"text\" label=\"AWS Region\" hr_after=\"true\" />\r\n  <VolumeId input_type=\"text\">[[volume]]</VolumeId>\r\n  <Description input_type=\"text\">db snap</Description>\r\n  <result_name input_type=\"text\" />\r\n</function>','',0,0,0,NULL);
INSERT INTO `task_step` VALUES ('00b81f82-f9c4-11e0-a8e4-12313b125aec','7a5c12b1-bb87-4caf-95af-ed5346e0fc59','MAIN',6,0,0,'new_connection','<function command_type=\"new_connection\">\n  <conn_type input_type=\"select\">ssh - ec2</conn_type>\n  <asset input_type=\"text\">[[user]]@[[instance_id]]</asset>\n  <conn_name input_type=\"text\">CONN1</conn_name>\n</function>','',0,0,0,NULL);
INSERT INTO `task_step` VALUES ('00b81f96-f9c4-11e0-a8e4-12313b125aec','7a5c12b1-bb87-4caf-95af-ed5346e0fc59','MAIN',9,0,0,'cmd_line','<function command_type=\"cmd_line\">\r\n  <conn_name input_type=\"text\">CONN1</conn_name>\r\n  <command input_type=\"text\">SHOW MASTER STATUS;</command>\r\n  <timeout input_type=\"text\" />\r\n  <positive_response input_type=\"text\">mysql&gt;</positive_response>\r\n  <negative_response input_type=\"text\" />\r\n</function>','',2,0,0,NULL);
INSERT INTO `task_step` VALUES ('032819a2-b8e0-40d6-bef0-233809375f7f','7a5c12b1-bb87-4caf-95af-ed5346e0fc59','MAIN',1,0,0,'set_variable','<function command_type=\"set_variable\">\n  <variable>\n    <name input_type=\"text\">device</name>\n    <value input_type=\"text\">/dev/sdh</value>\n    <modifier input_type=\"select\">DEFAULT</modifier>\n  </variable>\n</function>','',0,0,0,NULL);
INSERT INTO `task_step` VALUES ('e6fd06ad-420c-4845-95ff-601042a06dad','7a5c12b1-bb87-4caf-95af-ed5346e0fc59','MAIN',4,0,0,'if','<function command_type=\"if\">\n  <tests>\n    <test>\n      <eval input_type=\"text\">{[[volume]]} == {}</eval>\n      <action input_type=\"text\">cad6e772-e876-4f17-a321-78f96e1b1b8a</action>\n    </test>\n  </tests>\n</function>','',0,0,0,NULL);

INSERT INTO `task` VALUES ('a1ef3208-0aee-40cf-9d70-8ff2648c350b','a1ef3208-0aee-40cf-9d70-8ff2648c350b','1.000','Create VPC with VPN Gateway','example - aws004','Creates an AWS Virtual Private Cloud subnet with a VPN gateway and connection. Parameters required: customer VPN endpoint ip address and Border Gateway Protocol (BGP) Autonomous System Number (ASN).','Development',0,1,NULL,NULL,'2011-07-05 15:53:14','<parameters>\n  <parameter id=\"p_bfa086f2-ea0e-4ab2-ace4-14b8acbab4d3\" required=\"true\" prompt=\"true\" encrypt=\"false\">\n    <name>vpn_address</name>\n    <desc>The Internet-routable IP address for the customer gateway\'s outside interface. The address must be static.</desc>\n    <values present_as=\"value\">\n      <value id=\"pv_3466be45-a3a3-4d22-a758-e6db9a860324\">212.24.124.2</value>\n    </values>\n  </parameter>\n  <parameter id=\"p_46b91d51-204b-42fa-b186-d524ffdb74d1\" required=\"true\" prompt=\"true\" encrypt=\"false\">\n    <name>bgp_asn</name>\n    <desc>The customer gateway\'s Border Gateway Protocol (BGP) Autonomous System Number (ASN).</desc>\n    <values present_as=\"value\">\n      <value id=\"pv_79a3d356-8b53-4805-900b-4ce8335826f5\">65534</value>\n    </values>\n  </parameter>\n</parameters>');
INSERT INTO `task_codeblock` VALUES ('a1ef3208-0aee-40cf-9d70-8ff2648c350b','MAIN');
INSERT INTO `task_step` VALUES ('04d6dc14-3474-4c74-9c14-b69d5fb41578','a1ef3208-0aee-40cf-9d70-8ff2648c350b','MAIN',6,0,0,'aws_vpc_CreateVpnGateway','<function command_type=\"aws_vpc_CreateVpnGateway\">\n  <aws_region input_type=\"text\" label=\"AWS Region\" hr_after=\"true\" />\n  <Type input_type=\"text\">ipsec.1</Type>\n  <AvailabilityZone input_type=\"text\" />\n  <result_name input_type=\"text\">vpn_gateway</result_name>\n</function>','create vpn gateway',0,0,0,NULL);
INSERT INTO `task_step` VALUES ('0a4d641a-d037-489c-b412-f1244581ee70','a1ef3208-0aee-40cf-9d70-8ff2648c350b','MAIN',3,0,0,'aws_vpc_DescribeVpcs','<function command_type=\"aws_vpc_DescribeVpcs\">\n  <aws_region input_type=\"text\" label=\"AWS Region\" hr_after=\"true\" />\n  <VpcId.n is_array=\"true\">\n    <VpcId input_type=\"text\">[[vpc_id]]</VpcId>\n  </VpcId.n>\n  <Filter.n is_array=\"true\">\n    <Filter>\n      <Name input_type=\"text\" />\n      <Value.m is_array=\"true\">\n        <Value input_type=\"text\" />\n      </Value.m>\n    </Filter>\n  </Filter.n>\n  <result_name input_type=\"text\" />\n</function>','show the created vpc',0,0,0,NULL);
INSERT INTO `task_step` VALUES ('2db131cc-3347-45e0-940b-c2ff2b218638','a1ef3208-0aee-40cf-9d70-8ff2648c350b','MAIN',7,0,0,'set_variable','<function command_type=\"set_variable\">\n  <variable>\n    <name input_type=\"text\">v_gateway</name>\n    <value input_type=\"text\">[[vpn_gateway.//vpnGatewayId]]</value>\n    <modifier input_type=\"select\">DEFAULT</modifier>\n  </variable>\n  <variable>\n    <name input_type=\"text\">c_gateway</name>\n    <value input_type=\"text\">[[customer_gateway.//customerGatewayId]]</value>\n    <modifier input_type=\"select\">DEFAULT</modifier>\n  </variable>\n</function>','setup a variable for the vpn gateway id and customer gateway id',0,0,0,NULL);
INSERT INTO `task_step` VALUES ('85199518-df75-4676-8bfe-706f228526d0','a1ef3208-0aee-40cf-9d70-8ff2648c350b','MAIN',1,0,0,'aws_vpc_CreateVpc','<function command_type=\"aws_vpc_CreateVpc\">\n  <aws_region input_type=\"text\" label=\"AWS Region\" hr_after=\"true\" />\n  <CidrBlock input_type=\"text\">10.0.0.0/24</CidrBlock>\n  <instanceTenancy input_type=\"text\" />\n  <result_name input_type=\"text\">vpc</result_name>\n</function>','create main subnet',0,0,0,NULL);
INSERT INTO `task_step` VALUES ('b9718b0d-637e-4d49-9846-603638f240a2','a1ef3208-0aee-40cf-9d70-8ff2648c350b','MAIN',9,0,0,'aws_vpc_CreateVpnConnection','<function command_type=\"aws_vpc_CreateVpnConnection\">\n  <aws_region input_type=\"text\" label=\"AWS Region\" hr_after=\"true\" />\n  <Type input_type=\"text\">ipsec.1</Type>\n  <CustomerGatewayId input_type=\"text\">[[c_gateway]]</CustomerGatewayId>\n  <VpnGatewayId input_type=\"text\">[[v_gateway]]</VpnGatewayId>\n  <result_name input_type=\"text\" />\n</function>','create vpn connection to vpn endpoint',0,0,0,NULL);
INSERT INTO `task_step` VALUES ('dd557fa9-1393-4226-ac42-095d2f8252cc','a1ef3208-0aee-40cf-9d70-8ff2648c350b','MAIN',2,0,0,'set_variable','<function command_type=\"set_variable\">\n  <variable>\n    <name input_type=\"text\">vpc_id</name>\n    <value input_type=\"text\">[[vpc.//vpcId]]</value>\n    <modifier input_type=\"select\">DEFAULT</modifier>\n  </variable>\n</function>','setup a variable for the vpc id',0,0,0,NULL);
INSERT INTO `task_step` VALUES ('ddc3c34d-47ea-43c7-92df-d74950b6fc32','a1ef3208-0aee-40cf-9d70-8ff2648c350b','MAIN',8,0,0,'aws_vpc_AttachVpnGateway','<function command_type=\"aws_vpc_AttachVpnGateway\">\n  <aws_region input_type=\"text\" label=\"AWS Region\" hr_after=\"true\" />\n  <VpnGatewayId input_type=\"text\">[[v_gateway]]</VpnGatewayId>\n  <VpcId input_type=\"text\">[[vpc_id]]</VpcId>\n  <result_name input_type=\"text\" />\n</function>','attach the vpn gateway to the vpc',0,0,0,NULL);
INSERT INTO `task_step` VALUES ('e42a1454-7d56-44cf-98f4-e605bb477f03','a1ef3208-0aee-40cf-9d70-8ff2648c350b','MAIN',5,0,0,'aws_vpc_CreateCustomerGateway','<function command_type=\"aws_vpc_CreateCustomerGateway\">\n  <aws_region input_type=\"text\" label=\"AWS Region\" hr_after=\"true\" />\n  <Type input_type=\"text\">ipsec.1</Type>\n  <IpAddress input_type=\"text\">[[vpn_address]]</IpAddress>\n  <BgpAsn input_type=\"text\">[[bgp_asn]]</BgpAsn>\n  <result_name input_type=\"text\">customer_gateway</result_name>\n</function>','create ipsec gateway',0,0,0,NULL);
INSERT INTO `task_step` VALUES ('edbaaf90-28b3-47b3-8401-8bce4303012a','a1ef3208-0aee-40cf-9d70-8ff2648c350b','MAIN',4,0,0,'aws_vpc_CreateSubnet','<function command_type=\"aws_vpc_CreateSubnet\">\n  <aws_region input_type=\"text\" label=\"AWS Region\" hr_after=\"true\" />\n  <VpcId input_type=\"text\">[[vpc_id]]</VpcId>\n  <CidrBlock input_type=\"text\">10.0.0.0/25</CidrBlock>\n  <AvailabilityZone input_type=\"text\">\n  </AvailabilityZone>\n  <result_name input_type=\"text\" />\n</function>','create subnet',0,0,0,NULL);

INSERT INTO `task` VALUES ('c7f1227f-14d3-41c4-8437-a6ae5f452041','c7f1227f-14d3-41c4-8437-a6ae5f452041','1.000','Open WWW Ports to World','example - aws051','Opens port 80 and 443 to the world for EC2 security group.','Development',0,1,NULL,NULL,'2011-08-17 13:26:32','<parameters>\n  <parameter id=\"p_106fa0db-3ae4-45c8-9aaf-867aa22972a4\" required=\"true\" prompt=\"true\" masked=\"false\" encrypt=\"false\">\n    <name>security_group_name</name>\n    <desc>The name of the EC2 security group to open access to</desc>\n    <values present_as=\"value\">\n      <value id=\"pv_3f111202-a73e-4fea-8e46-75f4ae46ca5f\">\n      </value>\n    </values>\n  </parameter>\n</parameters>');
INSERT INTO `task_codeblock` VALUES ('c7f1227f-14d3-41c4-8437-a6ae5f452041','MAIN');
INSERT INTO `task_step` VALUES ('d3c6d524-a87f-4b3a-bb25-f94c9d060989','c7f1227f-14d3-41c4-8437-a6ae5f452041','MAIN',1,0,0,'aws_ec2_AuthorizeSecurityGroupIngress','<function command_type=\"aws_ec2_AuthorizeSecurityGroupIngress\">\n  <aws_region input_type=\"text\" label=\"AWS Region\" hr_after=\"true\" />\n  <UserId input_type=\"text\" />\n  <GroupId input_type=\"text\" />\n  <GroupName input_type=\"text\">[[security_group_name]]</GroupName>\n  <IpPermissions.n is_array=\"true\">\n    <IpPermissions>\n      <IpProtocol input_type=\"text\">tcp</IpProtocol>\n      <FromPort input_type=\"text\">80</FromPort>\n      <ToPort input_type=\"text\">80</ToPort>\n      <Groups.m is_array=\"true\">\n        <Groups>\n          <UserId input_type=\"text\" />\n          <GroupName input_type=\"text\" />\n          <GroupId input_type=\"text\" />\n        </Groups>\n      </Groups.m>\n      <IpRanges.m is_array=\"true\">\n        <IpRanges>\n          <CidrIp input_type=\"text\">0.0.0.0/0</CidrIp>\n        </IpRanges>\n      </IpRanges.m>\n    </IpPermissions>\n    <IpPermissions>\n      <IpProtocol input_type=\"text\">tcp</IpProtocol>\n      <FromPort input_type=\"text\">443</FromPort>\n      <ToPort input_type=\"text\">443</ToPort>\n      <Groups.m is_array=\"true\">\n        <Groups>\n          <UserId input_type=\"text\" />\n          <GroupName input_type=\"text\" />\n          <GroupId input_type=\"text\" />\n        </Groups>\n      </Groups.m>\n      <IpRanges.m is_array=\"true\">\n        <IpRanges>\n          <CidrIp input_type=\"text\">0.0.0.0/0</CidrIp>\n        </IpRanges>\n      </IpRanges.m>\n    </IpPermissions>\n  </IpPermissions.n>\n  <result_name input_type=\"text\" />\n</function>','open ports 80, 443 to all incoming',0,0,0,NULL);

INSERT INTO `task` VALUES ('ef1be083-2701-484a-b097-d2009d9e158b','ef1be083-2701-484a-b097-d2009d9e158b','1.000','EC2 DescribeInstances and SSH Login','example - aws005','Demonstrates using the EC2 DescribeInstances command to filter based on Tag name and value to get an EC2 instance id and log into the linux virtual machine using ssh. \n\nChange the linux user name on the Parameters tab and the tag name and value filter on the DescribeInstances command.','Development',0,1,NULL,NULL,'2011-05-05 20:17:26','<parameters>\n  <parameter id=\"p_12f806fb-774f-4efd-8fe8-ef6a88d71e19\" required=\"true\" prompt=\"true\" encrypt=\"false\">\n    <name>unix_user</name>\n    <desc>Enter the user id to login to the linux virtual machine with</desc>\n    <values present_as=\"value\">\n      <value id=\"pv_75359547-60f2-4bb3-8a8b-4bcf4e51a97f\">ubuntu</value>\n    </values>\n  </parameter>\n</parameters>');
INSERT INTO `task_codeblock` VALUES ('ef1be083-2701-484a-b097-d2009d9e158b','MAIN');
INSERT INTO `task_codeblock` VALUES ('ef1be083-2701-484a-b097-d2009d9e158b','print filesystem info');
INSERT INTO `task_step` VALUES ('7cfc172e-ef9e-487a-887c-67263ae729c6','ef1be083-2701-484a-b097-d2009d9e158b','cdd85ae8-19fa-4e3f-9171-5ab4a5b3a3a6',-1,0,0,'codeblock','<function command_type=\"codeblock\">\n  <codeblock input_type=\"text\">print filesystem info</codeblock>\n</function>','',0,0,0,NULL);
INSERT INTO `task_step` VALUES ('1b3e73e0-f077-4c42-a87d-e5dd0ba4815b','ef1be083-2701-484a-b097-d2009d9e158b','MAIN',3,0,0,'set_variable','<function command_type=\"set_variable\">\n  <variable>\n    <name input_type=\"text\">instance_id</name>\n    <value input_type=\"text\">[[result.//instanceId]]</value>\n    <modifier input_type=\"select\">DEFAULT</modifier>\n  </variable>\n</function>','Copy the instance id from the xml to a variable',0,0,0,NULL);
INSERT INTO `task_step` VALUES ('394d45b1-2b42-41b2-9a64-09d76b075fb1','ef1be083-2701-484a-b097-d2009d9e158b','MAIN',4,0,0,'new_connection','<function command_type=\"new_connection\">\n  <conn_type input_type=\"select\">ssh - ec2</conn_type>\n  <asset input_type=\"text\">[[unix_user]]@[[instance_id]]</asset>\n  <conn_name input_type=\"text\">CONN1</conn_name>\n</function>','Using the instance_id variable as the connect and the parameter unix_user',0,0,0,NULL);
INSERT INTO `task_step` VALUES ('76064b43-ceda-48d7-8b50-597ae7806df4','ef1be083-2701-484a-b097-d2009d9e158b','MAIN',1,0,0,'aws_ec2_DescribeInstances','<function command_type=\"aws_ec2_DescribeInstances\">\n  <aws_region input_type=\"text\" label=\"AWS Region\" hr_after=\"true\" />\n  <InstanceId.n is_array=\"true\">\n    <InstanceId input_type=\"text\" />\n  </InstanceId.n>\n  <Filter.n is_array=\"true\">\n    <Filter>\n      <Name input_type=\"text\">tag:Name</Name>\n      <Value.m is_array=\"true\">\n        <Value input_type=\"text\">cato demo</Value>\n      </Value.m>\n    </Filter>\n  </Filter.n>\n  <result_name input_type=\"text\">result</result_name>\n</function>','Filtering on Name, change Cato Demo to an appropriate name',0,0,0,NULL);
INSERT INTO `task_step` VALUES ('a7de45bd-b612-49db-98e0-9914b1b1ceb9','ef1be083-2701-484a-b097-d2009d9e158b','MAIN',2,0,0,'log_msg','<function command_type=\"log_msg\">\n  <message input_type=\"text\">The instance Id is  -&gt;[[result.//instanceId]]&lt;-</message>\n</function>','The result variable holds the describe xml. Displaying the instance id',0,0,0,NULL);
INSERT INTO `task_step` VALUES ('cdd85ae8-19fa-4e3f-9171-5ab4a5b3a3a6','ef1be083-2701-484a-b097-d2009d9e158b','MAIN',6,0,0,'loop','<function command_type=\"loop\">\n  <start input_type=\"text\">1</start>\n  <counter input_type=\"text\">z</counter>\n  <test input_type=\"select\">&lt;=</test>\n  <compare_to input_type=\"text\">[[filesystem,*]]</compare_to>\n  <increment input_type=\"text\">1</increment>\n  <action input_type=\"text\">7cfc172e-ef9e-487a-887c-67263ae729c6</action>\n  <max input_type=\"text\" />\n</function>','',0,0,0,NULL);
INSERT INTO `task_step` VALUES ('d8d835ed-427b-4e0e-a785-70605310bbab','ef1be083-2701-484a-b097-d2009d9e158b','MAIN',5,0,0,'cmd_line','<function command_type=\"cmd_line\">\n  <conn_name input_type=\"text\">CONN1</conn_name>\n  <command input_type=\"text\">df -h</command>\n  <timeout input_type=\"text\" />\n  <positive_response input_type=\"text\" />\n  <negative_response input_type=\"text\" />\n</function>','Check the file system capacities',2,10,32,'<variables>\n  <variable>\n    <name>filesystem</name>\n    <type>delimited</type>\n    <position>1</position>\n  </variable>\n  <variable>\n    <name>size</name>\n    <type>delimited</type>\n    <position>2</position>\n  </variable>\n</variables>');
INSERT INTO `task_step` VALUES ('d62cd1bf-82d5-4f75-a31e-f33fe617993a','ef1be083-2701-484a-b097-d2009d9e158b','print filesystem info',1,0,0,'log_msg','<function command_type=\"log_msg\">\n  <message input_type=\"text\">filesystem name = [[filesystem,[[z]]]], size = [[size,[[z]]]]</message>\n</function>','',0,0,0,NULL);


INSERT INTO `task` VALUES ('1384714b-bcbb-488b-8c21-8360ec5c11e3','1384714b-bcbb-488b-8c21-8360ec5c11e3','1.000','Start Wordpress Webserver','wp - 035','Starts Ubuntu linux servers and installs Wordpress.','Development',0,1,NULL,NULL,'2011-07-28 17:39:06','<parameters>\r\n  <parameter id=\"p_25576b5f-e5ef-4496-b2b2-b4b2ce36940a\" required=\"true\" prompt=\"true\" masked=\"false\">\r\n    <name>SERVERS_TO_START</name>\r\n    <desc>This is the number of servers that will be started</desc>\r\n    <values present_as=\"value\">\r\n      <value id=\"pv_e945e1a5-d07e-4278-b971-29dd7f186c56\">1</value>\r\n    </values>\r\n  </parameter>\r\n</parameters>');
INSERT INTO `task_codeblock` VALUES ('1384714b-bcbb-488b-8c21-8360ec5c11e3','Check Server Status');
INSERT INTO `task_codeblock` VALUES ('1384714b-bcbb-488b-8c21-8360ec5c11e3','Get Server Address');
INSERT INTO `task_codeblock` VALUES ('1384714b-bcbb-488b-8c21-8360ec5c11e3','MAIN');
INSERT INTO `task_codeblock` VALUES ('1384714b-bcbb-488b-8c21-8360ec5c11e3','Register with Load Balancer');
INSERT INTO `task_codeblock` VALUES ('1384714b-bcbb-488b-8c21-8360ec5c11e3','Test Server Website');
INSERT INTO `task_step` VALUES ('202605cc-50be-4d06-bf28-a6571b5d2f47','1384714b-bcbb-488b-8c21-8360ec5c11e3','73665381-21b7-446f-aeae-2dba4e8a8e70',-1,0,0,'if','<function command_type=\"if\">\r\n  <tests>\r\n    <test>\r\n      <eval input_type=\"text\">{[[InstanceRegistered]],[[X]]]]} == {no}</eval>\r\n      <action input_type=\"text\" />\r\n    </test>\r\n  </tests>\r\n</function>','',0,0,0,NULL);
INSERT INTO `task_step` VALUES ('b5a7fad2-1200-49bd-89c1-0d801d1dd3d5','1384714b-bcbb-488b-8c21-8360ec5c11e3','cbd707a3-9442-4254-9eca-a4414b2615ea',-1,0,0,'codeblock','<function command_type=\"codeblock\">\r\n  <codeblock input_type=\"text\">Get Server Address</codeblock>\r\n</function>','register each webserver',0,0,0,NULL);
INSERT INTO `task_step` VALUES ('73665381-21b7-446f-aeae-2dba4e8a8e70','1384714b-bcbb-488b-8c21-8360ec5c11e3','Check Server Status',1,0,0,'loop','<function command_type=\"loop\">\r\n  <start input_type=\"text\">1</start>\r\n  <counter input_type=\"text\">X</counter>\r\n  <test input_type=\"select\">&lt;=</test>\r\n  <compare_to input_type=\"text\">[[InstanceId,*]]</compare_to>\r\n  <increment input_type=\"text\">1</increment>\r\n  <action input_type=\"text\">202605cc-50be-4d06-bf28-a6571b5d2f47</action>\r\n  <max input_type=\"text\" />\r\n</function>','',0,0,0,NULL);
INSERT INTO `task_step` VALUES ('00a4ede6-e819-4fb2-bddf-2e425310d227','1384714b-bcbb-488b-8c21-8360ec5c11e3','Get Server Address',1,0,0,'log_msg','<function command_type=\"log_msg\">\r\n  <message input_type=\"text\">instance -&gt; [[~RunInstancesResult.//item[ [[X]] ]//instanceId]]</message>\r\n</function>','',0,0,0,NULL);
INSERT INTO `task_step` VALUES ('03a9559b-bbbe-4669-b54a-82f0af576814','1384714b-bcbb-488b-8c21-8360ec5c11e3','Get Server Address',2,0,0,'aws_elb_RegisterInstancesWithLoadBalancer','<function command_type=\"aws_elb_RegisterInstancesWithLoadBalancer\">\n<aws_region input_type=\"text\" label=\"AWS Region\" hr_after=\"true\" />\r\n  <Instances>\r\n    <member.N is_array=\"true\">\r\n      <member>\r\n        <InstanceId input_type=\"text\">[[~RunInstancesResult.//item[ [[X]] ]//instanceId]]</InstanceId>\r\n      </member>\r\n    </member.N>\r\n  </Instances>\r\n  <LoadBalancerName input_type=\"text\">[[@ELB_NAME]]</LoadBalancerName>\r\n  <result_name input_type=\"text\" />\r\n</function>','add server to load balancer',0,0,0,NULL);
INSERT INTO `task_step` VALUES ('11343ab3-53a8-48e3-910d-589f4d973672','1384714b-bcbb-488b-8c21-8360ec5c11e3','MAIN',1,0,0,'set_variable','<function command_type=\"set_variable\">\r\n  <variable>\r\n    <name input_type=\"text\">userdata</name>\r\n    <value input_type=\"text\">#!/bin/bash\r\nset -e -x\r\nexport DEBIAN_FRONTEND=noninteractive\r\nsudo apt-get -y -q=2 install apache2 php5-mysql libapache2-mod-php5\r\nsudo apt-get -y -q=2 install wordpress php5-gd\r\nsudo ln -s /usr/share/wordpress /var/www/wordpress\r\nsudo rm /var/www/wordpress/wp-config.php\r\nsudo cp /var/www/wordpress/wp-config-sample.php /var/www/wordpress/wp-config.php\r\nsudo sed -i \"s|database_name_here|wordpress|\"  /var/www/wordpress/wp-config.php\r\nsudo sed -i \"s|username_here|wordpress|\"  /var/www/wordpress/wp-config.php\r\nsudo sed -i \"s|password_here|wordpress|\"  /var/www/wordpress/wp-config.php\r\nsudo sed -i \"s|localhost|[[@master_db_address]]|\"  /var/www/wordpress/wp-config.php</value>\r\n    <modifier input_type=\"select\">DEFAULT</modifier>\r\n  </variable>\r\n</function>','define wordpress install script',0,0,0,NULL);
INSERT INTO `task_step` VALUES ('c62ec8cc-0c0c-4cb9-b2c9-a038d75ed162','1384714b-bcbb-488b-8c21-8360ec5c11e3','MAIN',2,0,0,'aws_ec2_RunInstances','<function command_type=\"aws_ec2_RunInstances\">\n<aws_region input_type=\"text\" label=\"AWS Region\" hr_after=\"true\" />\r\n  <ImageId input_type=\"text\">ami-1aad5273</ImageId>\r\n  <MinCount input_type=\"text\">[[SERVERS_TO_START]]</MinCount>\r\n  <MaxCount input_type=\"text\">[[SERVERS_TO_START]]</MaxCount>\r\n  <KeyName input_type=\"text\">[[@KEYPAIR_NAME]]</KeyName>\r\n  <SecurityGroupId.n is_array=\"true\">\r\n    <SecurityGroupId input_type=\"text\" />\r\n  </SecurityGroupId.n>\r\n  <SecurityGroup.n is_array=\"true\">\r\n    <SecurityGroup input_type=\"text\">[[@SECURITY_GROUP_NAME]]</SecurityGroup>\r\n  </SecurityGroup.n>\r\n  <UserData input_type=\"text\">[[userdata]]</UserData>\r\n  <AddressingType input_type=\"text\" />\r\n  <InstanceType input_type=\"text\">t1.micro</InstanceType>\r\n  <Placement>\r\n    <AvailabilityZone input_type=\"text\" />\r\n    <GroupName input_type=\"text\" />\r\n    <Tenancy input_type=\"text\" />\r\n  </Placement>\r\n  <KernelId input_type=\"text\" />\r\n  <RamdiskId input_type=\"text\" />\r\n  <BlockDeviceMapping.n is_array=\"true\">\r\n    <BlockDeviceMapping>\r\n      <DeviceName input_type=\"text\" />\r\n      <NoDevice input_type=\"text\" />\r\n      <VirtualName input_type=\"text\" />\r\n      <Ebs>\r\n        <SnapshotId input_type=\"text\" />\r\n        <VolumeSize input_type=\"text\" />\r\n        <DeleteOnTermination input_type=\"text\" />\r\n      </Ebs>\r\n    </BlockDeviceMapping>\r\n  </BlockDeviceMapping.n>\r\n  <Monitoring>\r\n    <Enabled input_type=\"text\" />\r\n  </Monitoring>\r\n  <SubnetId input_type=\"text\" />\r\n  <DisableApiTermination input_type=\"text\" />\r\n  <InstanceInitiatedShutdownBehavior input_type=\"text\" />\r\n  <PrivateIpAddress input_type=\"text\" />\r\n  <ClientToken input_type=\"text\" />\r\n  <instance_role input_type=\"text\" label=\"Server Role\">webserver</instance_role>\r\n  <result_name input_type=\"text\">RunInstancesResult</result_name>\r\n</function>','start webserver(s)',0,0,0,NULL);
INSERT INTO `task_step` VALUES ('cbd707a3-9442-4254-9eca-a4414b2615ea','1384714b-bcbb-488b-8c21-8360ec5c11e3','MAIN',4,0,0,'loop','<function command_type=\"loop\">\r\n  <start input_type=\"text\">1</start>\r\n  <counter input_type=\"text\">X</counter>\r\n  <test input_type=\"select\">&lt;=</test>\r\n  <compare_to input_type=\"text\">[[~RunInstancesResult.count(//instanceId)]]</compare_to>\r\n  <increment input_type=\"text\">1</increment>\r\n  <action input_type=\"text\">b5a7fad2-1200-49bd-89c1-0d801d1dd3d5</action>\r\n  <max input_type=\"text\" />\r\n</function>','spin through list of webservers and register',0,0,0,NULL);
INSERT INTO `task_step` VALUES ('493ca2b5-b5b1-47b3-a138-31e17a21b738','1384714b-bcbb-488b-8c21-8360ec5c11e3','MAIN',3,1,0,'sleep','<function command_type=\"sleep\">\r\n  <seconds input_type=\"text\">60</seconds>\r\n</function>','sleep, let servers startup',0,0,0,NULL);
INSERT INTO `task_step` VALUES ('27104ad6-a3d7-4e11-8fc4-d2a60dd3eed0','1384714b-bcbb-488b-8c21-8360ec5c11e3','Test Server Website',1,0,0,'http','<function command_type=\"http\"><type input_type=\"select\">GET</type><url input_type=\"text\"/></function>','',2,0,0,NULL);

INSERT INTO `task` VALUES ('22627126-9dbe-49cc-97fd-cba516e06435','22627126-9dbe-49cc-97fd-cba516e06435','1.000','Create MySQL Database for Wordpress','wp - 036','Called as a subtask, creates either a master or slave Wordpress MySQL database.','Development',0,1,NULL,NULL,'2011-07-28 22:15:20','<parameters>\r\n  <parameter id=\"p_9a9d433a-459e-4d44-9615-2a6090e4ad05\" required=\"true\" prompt=\"true\" masked=\"true\">\r\n    <name>DBPassword</name>\r\n    <desc>The database root password</desc>\r\n    <values present_as=\"value\">\r\n      <value id=\"pv_b93c1a84-454a-49ad-b713-d0f9e8f2ce7b\"></value>\r\n    </values>\r\n  </parameter>\r\n  <parameter id=\"p_ba5f9f99-8d43-413c-bb86-615efb736df7\" required=\"true\" prompt=\"true\" masked=\"false\">\r\n    <name>DB_ROLE</name>\r\n    <desc>Select master, slave or standalone</desc>\r\n    <values present_as=\"list\">\r\n      <value id=\"pv_114dc0fb-5126-49e4-b68c-498cab767131\">standalone</value>\r\n      <value id=\"pv_3ff10647-1782-43cb-9b49-bdb2f10efef4\">master</value>\r\n      <value id=\"pv_76df1329-dcf0-4768-be17-2a915af35718\">slave</value>\r\n    </values>\r\n  </parameter>\r\n</parameters>');
INSERT INTO `task_codeblock` VALUES ('22627126-9dbe-49cc-97fd-cba516e06435','MAIN');
INSERT INTO `task_codeblock` VALUES ('22627126-9dbe-49cc-97fd-cba516e06435','Setup Master');
INSERT INTO `task_codeblock` VALUES ('22627126-9dbe-49cc-97fd-cba516e06435','Setup Slave');
INSERT INTO `task_step` VALUES ('4067d7e2-d604-4748-93a6-0e791ee29407','22627126-9dbe-49cc-97fd-cba516e06435','60d09408-d96d-4d3c-b51f-a355085dfcb2',-1,0,0,'set_variable','<function command_type=\"set_variable\">\r\n  <variable>\r\n    <name input_type=\"text\">DB_INSTANCE</name>\r\n    <value input_type=\"text\">[[@master_db_instance]]</value>\r\n    <modifier input_type=\"select\">DEFAULT</modifier>\r\n  </variable>\r\n</function>','',0,0,0,NULL);
INSERT INTO `task_step` VALUES ('a52c2a30-628e-443a-baa4-350c9478873a','22627126-9dbe-49cc-97fd-cba516e06435','60d09408-d96d-4d3c-b51f-a355085dfcb2',-1,0,0,'set_variable','<function command_type=\"set_variable\">\r\n  <variable>\r\n    <name input_type=\"text\">DB_INSTANCE</name>\r\n    <value input_type=\"text\">[[@slave_db_instance]]</value>\r\n    <modifier input_type=\"select\">DEFAULT</modifier>\r\n  </variable>\r\n</function>','',0,0,0,NULL);
INSERT INTO `task_step` VALUES ('4e559b12-ae03-4967-addc-b71bcab8c3e4','22627126-9dbe-49cc-97fd-cba516e06435','88ee52ac-c811-477e-9c19-d2ce59372e7f',-1,0,0,'codeblock','<function command_type=\"codeblock\">\r\n  <codeblock input_type=\"text\">Setup Master</codeblock>\r\n</function>','',0,0,0,NULL);
INSERT INTO `task_step` VALUES ('64df7a43-4227-4d19-bf1f-bfa596d62787','22627126-9dbe-49cc-97fd-cba516e06435','88ee52ac-c811-477e-9c19-d2ce59372e7f',-1,0,0,'codeblock','<function command_type=\"codeblock\">\r\n  <codeblock input_type=\"text\">Setup Slave</codeblock>\r\n</function>','',0,0,0,NULL);
INSERT INTO `task_step` VALUES ('09e29275-2416-4084-ad44-6e22d4293b58','22627126-9dbe-49cc-97fd-cba516e06435','MAIN',7,0,0,'cmd_line','<function command_type=\"cmd_line\">\r\n  <conn_name input_type=\"text\">CONN1</conn_name>\r\n  <command input_type=\"text\">flush privileges;</command>\r\n  <timeout input_type=\"text\" />\r\n  <positive_response input_type=\"text\">mysql&gt;</positive_response>\r\n  <negative_response input_type=\"text\" />\r\n</function>','',2,0,0,NULL);
INSERT INTO `task_step` VALUES ('60d09408-d96d-4d3c-b51f-a355085dfcb2','22627126-9dbe-49cc-97fd-cba516e06435','MAIN',1,0,0,'if','<function command_type=\"if\">\r\n  <tests>\r\n    <test>\r\n      <eval input_type=\"text\">{[[DB_ROLE]]} == {master} || {[[DB_ROLE]]} == {standalone}</eval>\r\n      <action input_type=\"text\">4067d7e2-d604-4748-93a6-0e791ee29407</action>\r\n    </test>\r\n    <test>\r\n      <eval input_type=\"text\">{[[DB_ROLE]]} == {slave}</eval>\r\n      <action input_type=\"text\">a52c2a30-628e-443a-baa4-350c9478873a</action>\r\n    </test>\r\n  </tests>\r\n</function>','',0,0,0,NULL);
INSERT INTO `task_step` VALUES ('6475f3f4-23bb-4dcf-9d7d-68b040f86c39','22627126-9dbe-49cc-97fd-cba516e06435','MAIN',8,0,0,'cmd_line','<function command_type=\"cmd_line\">\r\n  <conn_name input_type=\"text\">CONN1</conn_name>\r\n  <command input_type=\"text\">exit;</command>\r\n  <timeout input_type=\"text\" />\r\n  <positive_response input_type=\"text\" />\r\n  <negative_response input_type=\"text\" />\r\n</function>','',2,0,0,NULL);
INSERT INTO `task_step` VALUES ('6cc52f36-e41f-4f2b-a9d0-b1498eaeecdc','22627126-9dbe-49cc-97fd-cba516e06435','MAIN',3,0,0,'sleep','<function command_type=\"sleep\">\n  <seconds input_type=\"text\">60</seconds>\n</function>','wait 30 seconds, sometimes mysql comes up after sshd',0,0,0,NULL);
INSERT INTO `task_step` VALUES ('7e5091b2-c1c2-424c-9ad4-d2a306df0430','22627126-9dbe-49cc-97fd-cba516e06435','MAIN',6,0,0,'cmd_line','<function command_type=\"cmd_line\">\r\n  <conn_name input_type=\"text\">CONN1</conn_name>\r\n  <command input_type=\"text\">grant all privileges on wordpress.* to \"wordpress\"@\"%\" identified by \"wordpress\";</command>\r\n  <timeout input_type=\"text\" />\r\n  <positive_response input_type=\"text\">mysql&gt;</positive_response>\r\n  <negative_response input_type=\"text\" />\r\n</function>','',2,0,0,NULL);
INSERT INTO `task_step` VALUES ('88ee52ac-c811-477e-9c19-d2ce59372e7f','22627126-9dbe-49cc-97fd-cba516e06435','MAIN',12,0,0,'if','<function command_type=\"if\">\r\n  <tests>\r\n    <test>\r\n      <eval input_type=\"text\">{[[DB_ROLE]]} == {master}</eval>\r\n      <action input_type=\"text\">4e559b12-ae03-4967-addc-b71bcab8c3e4</action>\r\n    </test>\r\n    <test>\r\n      <eval input_type=\"text\">{[[DB_ROLE]]} == {slave}</eval>\r\n      <action input_type=\"text\">64df7a43-4227-4d19-bf1f-bfa596d62787</action>\r\n    </test>\r\n  </tests>\r\n</function>','',0,0,0,NULL);
INSERT INTO `task_step` VALUES ('9797773c-9562-4920-bee5-94a4699bb266','22627126-9dbe-49cc-97fd-cba516e06435','MAIN',2,0,0,'new_connection','<function command_type=\"new_connection\">\r\n  <conn_type input_type=\"select\">ssh - ec2</conn_type>\r\n  <asset input_type=\"text\">ubuntu@[[DB_INSTANCE]]</asset>\r\n  <conn_name input_type=\"text\">CONN1</conn_name>\r\n</function>','',0,0,0,NULL);
INSERT INTO `task_step` VALUES ('993f405c-f1d3-42d9-a5a4-cdbc42854794','22627126-9dbe-49cc-97fd-cba516e06435','MAIN',10,0,0,'sleep','<function command_type=\"sleep\">\r\n  <seconds input_type=\"text\">5</seconds>\r\n</function>','',0,0,0,NULL);
INSERT INTO `task_step` VALUES ('af9a9def-b248-46a9-9adb-5594cf8b3b47','22627126-9dbe-49cc-97fd-cba516e06435','MAIN',9,0,0,'cmd_line','<function command_type=\"cmd_line\">\r\n  <conn_name input_type=\"text\">CONN1</conn_name>\r\n  <command input_type=\"text\">sudo service mysql restart</command>\r\n  <timeout input_type=\"text\">60</timeout>\r\n  <positive_response input_type=\"text\" />\r\n  <negative_response input_type=\"text\" />\r\n</function>','',2,0,0,NULL);
INSERT INTO `task_step` VALUES ('d605a8f4-c4c6-405c-9c22-a26fa1879d32','22627126-9dbe-49cc-97fd-cba516e06435','MAIN',11,0,0,'cmd_line','<function command_type=\"cmd_line\">\r\n  <conn_name input_type=\"text\">CONN1</conn_name>\r\n  <command input_type=\"text\">sudo mysql -u root -p[[DBPassword]]</command>\r\n  <timeout input_type=\"text\"></timeout>\r\n  <positive_response input_type=\"text\">mysql&gt;</positive_response>\r\n  <negative_response input_type=\"text\">PROMPT&gt;</negative_response>\r\n</function>','',2,0,0,NULL);
INSERT INTO `task_step` VALUES ('edb3f2f3-d6c5-4bb5-9eb9-a73d17603ab8','22627126-9dbe-49cc-97fd-cba516e06435','MAIN',4,0,0,'cmd_line','<function command_type=\"cmd_line\">\r\n  <conn_name input_type=\"text\">CONN1</conn_name>\r\n  <command input_type=\"text\">sudo mysql -u root -p[[DBPassword]]</command>\r\n  <timeout input_type=\"text\" />\r\n  <positive_response input_type=\"text\">mysql&gt;</positive_response>\r\n  <negative_response input_type=\"text\">PROMPT&gt;</negative_response>\r\n</function>','',2,0,0,NULL);
INSERT INTO `task_step` VALUES ('eec3809f-a00b-41ba-9d20-3cbff6d45439','22627126-9dbe-49cc-97fd-cba516e06435','MAIN',13,0,0,'drop_connection','<function command_type=\"drop_connection\">\r\n  <conn_name input_type=\"text\">CONN1</conn_name>\r\n</function>','',0,0,0,NULL);
INSERT INTO `task_step` VALUES ('f06b864e-c805-4a50-bd39-70ab66919cc6','22627126-9dbe-49cc-97fd-cba516e06435','MAIN',5,0,0,'cmd_line','<function command_type=\"cmd_line\">\r\n  <conn_name input_type=\"text\">CONN1</conn_name>\r\n  <command input_type=\"text\">create database wordpress;</command>\r\n  <timeout input_type=\"text\"></timeout>\r\n  <positive_response input_type=\"text\">mysql&gt;</positive_response>\r\n  <negative_response input_type=\"text\" />\r\n</function>','',2,0,0,NULL);
INSERT INTO `task_step` VALUES ('101ffa68-ca2a-4cde-b753-22ae5344310c','22627126-9dbe-49cc-97fd-cba516e06435','Setup Master',5,0,0,'cmd_line','<function command_type=\"cmd_line\">\r\n  <conn_name input_type=\"text\">CONN1</conn_name>\r\n  <command input_type=\"text\">FLUSH PRIVILEGES;</command>\r\n  <timeout input_type=\"text\" />\r\n  <positive_response input_type=\"text\">mysql&gt;</positive_response>\r\n  <negative_response input_type=\"text\" />\r\n</function>','',2,0,0,NULL);
INSERT INTO `task_step` VALUES ('2ef15322-733f-45f8-93c1-5a652cb40e4e','22627126-9dbe-49cc-97fd-cba516e06435','Setup Master',2,0,0,'cmd_line','<function command_type=\"cmd_line\">\r\n  <conn_name input_type=\"text\">CONN1</conn_name>\r\n  <command input_type=\"text\">FLUSH PRIVILEGES;</command>\r\n  <timeout input_type=\"text\" />\r\n  <positive_response input_type=\"text\">mysql&gt;</positive_response>\r\n  <negative_response input_type=\"text\" />\r\n</function>','',2,0,0,NULL);
INSERT INTO `task_step` VALUES ('33f0fd4a-d801-4692-8f6a-0b06ef769ad1','22627126-9dbe-49cc-97fd-cba516e06435','Setup Master',1,0,0,'cmd_line','<function command_type=\"cmd_line\">\r\n  <conn_name input_type=\"text\">CONN1</conn_name>\r\n  <command input_type=\"text\">GRANT REPLICATION SLAVE ON *.* to \'wordpress_repl\'@\'%\' IDENTIFIED BY \'[[@master_db_password]]\';</command>\r\n  <timeout input_type=\"text\"></timeout>\r\n  <positive_response input_type=\"text\">mysql&gt;</positive_response>\r\n  <negative_response input_type=\"text\" />\r\n</function>','',2,0,0,NULL);
INSERT INTO `task_step` VALUES ('8b7c86d1-d771-43c8-bd66-ee5bef3ff3f5','22627126-9dbe-49cc-97fd-cba516e06435','Setup Master',3,0,0,'cmd_line','<function command_type=\"cmd_line\">\r\n  <conn_name input_type=\"text\">CONN1</conn_name>\r\n  <command input_type=\"text\">GRANT RELOAD ON *.* TO \'wordpress_repl\'@\'%\';</command>\r\n  <timeout input_type=\"text\" />\r\n  <positive_response input_type=\"text\">mysql&gt;</positive_response>\r\n  <negative_response input_type=\"text\" />\r\n</function>','',2,0,0,NULL);
INSERT INTO `task_step` VALUES ('d25b3f5e-0947-46d3-b6b8-ebcc104a0cef','22627126-9dbe-49cc-97fd-cba516e06435','Setup Master',6,0,0,'cmd_line','<function command_type=\"cmd_line\">\r\n  <conn_name input_type=\"text\">CONN1</conn_name>\r\n  <command input_type=\"text\">USE wordpress;</command>\r\n  <timeout input_type=\"text\" />\r\n  <positive_response input_type=\"text\">mysql&gt;</positive_response>\r\n  <negative_response input_type=\"text\" />\r\n</function>','',2,0,0,NULL);
INSERT INTO `task_step` VALUES ('e8ab6c8e-bf7e-46bc-ad17-6f193e523a8a','22627126-9dbe-49cc-97fd-cba516e06435','Setup Master',4,0,0,'cmd_line','<function command_type=\"cmd_line\">\r\n  <conn_name input_type=\"text\">CONN1</conn_name>\r\n  <command input_type=\"text\">GRANT SUPER ON *.* TO \'wordpress_repl\'@\'%\';</command>\r\n  <timeout input_type=\"text\" />\r\n  <positive_response input_type=\"text\">mysql&gt;</positive_response>\r\n  <negative_response input_type=\"text\" />\r\n</function>','',2,0,0,NULL);
INSERT INTO `task_step` VALUES ('e8d9c4cf-11df-4820-b409-457659ee8d38','22627126-9dbe-49cc-97fd-cba516e06435','Setup Master',7,0,0,'cmd_line','<function command_type=\"cmd_line\">\r\n  <conn_name input_type=\"text\">CONN1</conn_name>\r\n  <command input_type=\"text\">FLUSH TABLES WITH READ LOCK;</command>\r\n  <timeout input_type=\"text\" />\r\n  <positive_response input_type=\"text\">mysql&gt;</positive_response>\r\n  <negative_response input_type=\"text\" />\r\n</function>','',2,0,0,NULL);
INSERT INTO `task_step` VALUES ('02c0bc13-be14-43c6-a746-65a0bf1ca7cf','22627126-9dbe-49cc-97fd-cba516e06435','Setup Slave',9,0,0,'cmd_line','<function command_type=\"cmd_line\">\r\n  <conn_name input_type=\"text\">CONN1</conn_name>\r\n  <command input_type=\"text\">UNLOCK TABLES;</command>\r\n  <timeout input_type=\"text\" />\r\n  <positive_response input_type=\"text\">mysql&gt;</positive_response>\r\n  <negative_response input_type=\"text\" />\r\n</function>','',2,0,0,NULL);
INSERT INTO `task_step` VALUES ('07d78897-d8a8-42a9-9cb0-8555c53327f3','22627126-9dbe-49cc-97fd-cba516e06435','Setup Slave',5,0,0,'cmd_line','<function command_type=\"cmd_line\">\r\n  <conn_name input_type=\"text\">CONN1</conn_name>\r\n  <command input_type=\"text\">exit</command>\r\n  <timeout input_type=\"text\" />\r\n  <positive_response input_type=\"text\" />\r\n  <negative_response input_type=\"text\" />\r\n</function>','',2,0,0,NULL);
INSERT INTO `task_step` VALUES ('173f5785-cab7-4e3f-8110-de026e6f8660','22627126-9dbe-49cc-97fd-cba516e06435','Setup Slave',3,0,0,'cmd_line','<function command_type=\"cmd_line\">\r\n  <conn_name input_type=\"text\">CONN1</conn_name>\r\n  <command input_type=\"text\">START SLAVE;</command>\r\n  <timeout input_type=\"text\" />\r\n  <positive_response input_type=\"text\">mysql&gt;</positive_response>\r\n  <negative_response input_type=\"text\" />\r\n</function>','',2,0,0,NULL);
INSERT INTO `task_step` VALUES ('65f1a75d-1249-4d79-9f01-cfd28de672ed','22627126-9dbe-49cc-97fd-cba516e06435','Setup Slave',2,0,0,'cmd_line','<function command_type=\"cmd_line\">\r\n  <conn_name input_type=\"text\">CONN1</conn_name>\r\n  <command input_type=\"text\">RESET SLAVE;</command>\r\n  <timeout input_type=\"text\" />\r\n  <positive_response input_type=\"text\">mysql&gt;</positive_response>\r\n  <negative_response input_type=\"text\" />\r\n</function>','',2,0,0,NULL);
INSERT INTO `task_step` VALUES ('910c25aa-0fdb-4e7e-af11-08b8e3411507','22627126-9dbe-49cc-97fd-cba516e06435','Setup Slave',7,0,0,'cmd_line','<function command_type=\"cmd_line\">\r\n  <conn_name input_type=\"text\">CONN1</conn_name>\r\n  <command input_type=\"text\">sudo mysql -u root -p[[DBPassword]]</command>\r\n  <timeout input_type=\"text\" />\r\n  <positive_response input_type=\"text\">mysql&gt;</positive_response>\r\n  <negative_response input_type=\"text\" />\r\n</function>','',2,0,0,NULL);
INSERT INTO `task_step` VALUES ('a303f710-24ae-4fff-912d-212d274d3781','22627126-9dbe-49cc-97fd-cba516e06435','Setup Slave',1,0,0,'cmd_line','<function command_type=\"cmd_line\">\r\n  <conn_name input_type=\"text\">CONN1</conn_name>\r\n  <command input_type=\"text\">STOP SLAVE;</command>\r\n  <timeout input_type=\"text\" />\r\n  <positive_response input_type=\"text\">mysql&gt;</positive_response>\r\n  <negative_response input_type=\"text\" />\r\n</function>','',2,0,0,NULL);
INSERT INTO `task_step` VALUES ('ab8a2cdf-1b2a-4b00-a962-60ccc668ae37','22627126-9dbe-49cc-97fd-cba516e06435','Setup Slave',8,0,0,'cmd_line','<function command_type=\"cmd_line\">\r\n  <conn_name input_type=\"text\">CONN1</conn_name>\r\n  <command input_type=\"text\">use wordpress;</command>\r\n  <timeout input_type=\"text\" />\r\n  <positive_response input_type=\"text\">mysql&gt;</positive_response>\r\n  <negative_response input_type=\"text\" />\r\n</function>','',2,0,0,NULL);
INSERT INTO `task_step` VALUES ('ae73c642-0396-430a-b598-f41960e73bd8','22627126-9dbe-49cc-97fd-cba516e06435','Setup Slave',6,0,0,'new_connection','<function command_type=\"new_connection\">\r\n  <conn_type input_type=\"select\">ssh - ec2</conn_type>\r\n  <asset input_type=\"text\">ubuntu@[[@master_db_instance]]</asset>\r\n  <conn_name input_type=\"text\">CONN1</conn_name>\r\n</function>','',0,0,0,NULL);
INSERT INTO `task_step` VALUES ('f992831b-39f7-4073-ad75-bd2718bc6997','22627126-9dbe-49cc-97fd-cba516e06435','Setup Slave',4,0,0,'cmd_line','<function command_type=\"cmd_line\">\r\n  <conn_name input_type=\"text\">CONN1</conn_name>\r\n  <command input_type=\"text\">LOAD DATA FROM MASTER;</command>\r\n  <timeout input_type=\"text\" />\r\n  <positive_response input_type=\"text\">mysql&gt;</positive_response>\r\n  <negative_response input_type=\"text\" />\r\n</function>','',2,0,0,NULL);

INSERT INTO `task` VALUES ('3079444b-c680-491d-8019-2023e51b6394','3079444b-c680-491d-8019-2023e51b6394','1.000','Remove Webservers','wp - 041','Removes from the load balancer and terminates one or more Wordpress webservers.','Development',0,1,NULL,NULL,'2011-08-02 23:18:20','<parameters>\r\n  <parameter id=\"p_f00122f0-e41a-4d1f-9aba-8658ae5e73a7\" required=\"true\" prompt=\"true\" masked=\"false\">\r\n    <name>SERVERS_TO_REMOVE</name>\r\n    <desc>Enter the number of servers to remove from the load balancer and terminate</desc>\r\n    <values present_as=\"value\">\r\n      <value id=\"pv_b81dc7a7-2e9a-401f-a216-5e2615dadbfc\"></value>\r\n    </values>\r\n  </parameter>\r\n</parameters>');
INSERT INTO `task_codeblock` VALUES ('3079444b-c680-491d-8019-2023e51b6394','MAIN');
INSERT INTO `task_codeblock` VALUES ('3079444b-c680-491d-8019-2023e51b6394','Remove Server');
INSERT INTO `task_step` VALUES ('884d72f2-0541-4128-89a1-e2b07783b676','3079444b-c680-491d-8019-2023e51b6394','77692e59-74b7-47c4-94e8-ca19520dfc9f',-1,0,0,'codeblock','<function command_type=\"codeblock\">\r\n  <codeblock input_type=\"text\">Remove Server</codeblock>\r\n</function>','',0,0,0,NULL);
INSERT INTO `task_step` VALUES ('beb7bc5b-1cfc-46bd-bdbd-68f05d56915f','3079444b-c680-491d-8019-2023e51b6394','bb41c699-9fbd-4cd4-856b-5fae50688124',-1,0,0,'set_variable','<function command_type=\"set_variable\">\r\n  <variable>\r\n    <name input_type=\"text\">SERVERS_TO_REMOVE</name>\r\n    <value input_type=\"text\">calc([[~elb_result.count(//InstanceId)]] - 1)</value>\r\n    <modifier input_type=\"select\">DEFAULT</modifier>\r\n  </variable>\r\n</function>','',0,0,0,NULL);
INSERT INTO `task_step` VALUES ('77692e59-74b7-47c4-94e8-ca19520dfc9f','3079444b-c680-491d-8019-2023e51b6394','MAIN',3,0,0,'loop','<function command_type=\"loop\">\r\n  <start input_type=\"text\">1</start>\r\n  <counter input_type=\"text\">X</counter>\r\n  <test input_type=\"select\">&lt;=</test>\r\n  <compare_to input_type=\"text\">[[SERVERS_TO_REMOVE]]</compare_to>\r\n  <increment input_type=\"text\">1</increment>\r\n  <action input_type=\"text\">884d72f2-0541-4128-89a1-e2b07783b676</action>\r\n  <max input_type=\"text\" />\r\n</function>','',0,0,0,NULL);
INSERT INTO `task_step` VALUES ('bb41c699-9fbd-4cd4-856b-5fae50688124','3079444b-c680-491d-8019-2023e51b6394','MAIN',2,0,0,'if','<function command_type=\"if\">\r\n  <tests>\r\n    <test>\r\n      <eval input_type=\"text\">{[[SERVERS_TO_REMOVE]]} &gt;= {[[~elb_result.count(//InstanceId)]]}</eval>\r\n      <action input_type=\"text\">beb7bc5b-1cfc-46bd-bdbd-68f05d56915f</action>\r\n    </test>\r\n  </tests>\r\n</function>','',0,0,0,NULL);
INSERT INTO `task_step` VALUES ('e3a32423-45ee-4e0e-8260-1f32740e8021','3079444b-c680-491d-8019-2023e51b6394','MAIN',1,0,0,'aws_elb_DescribeInstanceHealth','<function command_type=\"aws_elb_DescribeInstanceHealth\">\n<aws_region input_type=\"text\" label=\"AWS Region\" hr_after=\"true\" />\r\n  <Instances>\r\n    <member.N is_array=\"true\">\r\n      <member>\r\n        <InstanceId input_type=\"text\" />\r\n      </member>\r\n    </member.N>\r\n  </Instances>\r\n  <LoadBalancerName input_type=\"text\">[[@elb_name]]</LoadBalancerName>\r\n  <result_name input_type=\"text\">elb_result</result_name>\r\n</function>','Get a list of load balanced instances',0,0,0,NULL);
INSERT INTO `task_step` VALUES ('28844302-5b91-4c71-9ff6-fd106ae78cb7','3079444b-c680-491d-8019-2023e51b6394','Remove Server',1,0,0,'aws_elb_DeregisterInstancesFromLoadBalancer','<function command_type=\"aws_elb_DeregisterInstancesFromLoadBalancer\">\n<aws_region input_type=\"text\" label=\"AWS Region\" hr_after=\"true\" />\r\n  <Instances>\r\n    <member.N is_array=\"true\">\r\n      <member>\r\n        <InstanceId input_type=\"text\">[[~elb_result.//InstanceStates/member[ [[X]] ]//InstanceId]]</InstanceId>\r\n      </member>\r\n    </member.N>\r\n  </Instances>\r\n  <LoadBalancerName input_type=\"text\">[[@elb_name]]</LoadBalancerName>\r\n  <result_name input_type=\"text\" />\r\n</function>','',0,0,0,NULL);
INSERT INTO `task_step` VALUES ('40c26a60-061a-437d-bd11-2238a13485b5','3079444b-c680-491d-8019-2023e51b6394','Remove Server',2,0,0,'aws_ec2_TerminateInstances','<function command_type=\"aws_ec2_TerminateInstances\">\n<aws_region input_type=\"text\" label=\"AWS Region\" hr_after=\"true\" />\r\n  <InstanceId.n is_array=\"true\">\r\n    <InstanceId input_type=\"text\">[[~elb_result.//InstanceStates/member[ [[X]] ]//InstanceId]]</InstanceId>\r\n  </InstanceId.n>\r\n  <result_name input_type=\"text\" />\r\n</function>','',0,0,0,NULL);

INSERT INTO `task` VALUES ('59f657b7-d109-4e37-878e-e6c98f5e0b23','59f657b7-d109-4e37-878e-e6c98f5e0b23','1.000','Stop Wordpress','wp - 038','Stops the full Wordpress Ecosystem.','Development',0,1,NULL,NULL,'2011-08-01 18:47:31','<parameters>\r\n  <parameter id=\"p_690d607b-2821-477e-9ec4-345473709a45\" required=\"true\" prompt=\"true\" masked=\"false\">\r\n    <name>CONFIRM_YES</name>\r\n    <desc>hint: type \"yes\"</desc>\r\n    <values present_as=\"value\">\r\n      <value id=\"pv_e637ffb4-d88e-4c20-8825-c55db6085d6b\"></value>\r\n    </values>\r\n  </parameter>\r\n</parameters>');
INSERT INTO `task_codeblock` VALUES ('59f657b7-d109-4e37-878e-e6c98f5e0b23','Delete Keypair');
INSERT INTO `task_codeblock` VALUES ('59f657b7-d109-4e37-878e-e6c98f5e0b23','Delete Security Group');
INSERT INTO `task_codeblock` VALUES ('59f657b7-d109-4e37-878e-e6c98f5e0b23','MAIN');
INSERT INTO `task_codeblock` VALUES ('59f657b7-d109-4e37-878e-e6c98f5e0b23','Terminate EC2 Instance');
INSERT INTO `task_codeblock` VALUES ('59f657b7-d109-4e37-878e-e6c98f5e0b23','Terminate Load Balancer');
INSERT INTO `task_step` VALUES ('e7858918-7fa1-4766-b411-5492544eb2cb','59f657b7-d109-4e37-878e-e6c98f5e0b23','2e90a606-702d-4842-b940-978348c04791',-1,0,0,'codeblock','<function command_type=\"codeblock\">\r\n  <codeblock input_type=\"text\">Terminate Load Balancer</codeblock>\r\n</function>','terminate load balancer',0,0,0,NULL);
INSERT INTO `task_step` VALUES ('348768b5-78df-49b1-ba86-7d64b9e94004','59f657b7-d109-4e37-878e-e6c98f5e0b23','45fc0920-4dd3-4b39-8a3d-15e299507524',-1,0,0,'codeblock','<function command_type=\"codeblock\">\r\n  <codeblock input_type=\"text\">Delete Keypair</codeblock>\r\n</function>','delete keypair',0,0,0,NULL);
INSERT INTO `task_step` VALUES ('12f370ed-63d8-473a-8c54-a8d9e91e62f6','59f657b7-d109-4e37-878e-e6c98f5e0b23','4bba270d-b1e2-4879-8e05-57c9e0a107ce',-1,0,0,'codeblock','<function command_type=\"codeblock\">\r\n  <codeblock input_type=\"text\">Terminate EC2 Instance</codeblock>\r\n</function>','terminate instance',0,0,0,NULL);
INSERT INTO `task_step` VALUES ('e6a2c8ce-9de2-472a-92c7-3c414f14dee7','59f657b7-d109-4e37-878e-e6c98f5e0b23','68093fa5-34c4-42f1-be76-6c7e88b4b41d',-1,0,0,'aws_ec2_ReleaseAddress','<function command_type=\"aws_ec2_ReleaseAddress\">\n<aws_region input_type=\"text\" label=\"AWS Region\" hr_after=\"true\" />\r\n  <PublicIp input_type=\"text\">[[ADDRESSES,[[X]]]]</PublicIp>\r\n  <AllocationId input_type=\"text\" />\r\n  <result_name input_type=\"text\" />\r\n</function>','release elastic ips',0,0,0,NULL);
INSERT INTO `task_step` VALUES ('e9ebee66-8547-4d93-9720-81faa053ea73','59f657b7-d109-4e37-878e-e6c98f5e0b23','6c24270d-f039-4981-b12c-c2f01b91a8ec',-1,0,0,'codeblock','<function command_type=\"codeblock\">\r\n  <codeblock input_type=\"text\">Delete Security Group</codeblock>\r\n</function>','delete the security group',0,0,0,NULL);
INSERT INTO `task_step` VALUES ('e8d79dc5-149a-4881-b065-fdaecf68b620','59f657b7-d109-4e37-878e-e6c98f5e0b23','c900b430-82ce-4249-99c4-314bcd580d15',-1,0,0,'end','<function command_type=\"end\">\r\n  <status input_type=\"select\">Cancelled</status>\r\n  <message input_type=\"text\">Stop Wordpress task cancelled, confirmation \"[[CONFIRM_YES]]\" not equal to \"yes\"</message>\r\n</function>','cancel task if not confirmed',0,0,0,NULL);
INSERT INTO `task_step` VALUES ('d6c6f0c1-90e6-4a19-930a-faf36d9ad804','59f657b7-d109-4e37-878e-e6c98f5e0b23','Delete Keypair',1,0,0,'aws_ec2_DeleteKeyPair','<function command_type=\"aws_ec2_DeleteKeyPair\">\n<aws_region input_type=\"text\" label=\"AWS Region\" hr_after=\"true\" />\r\n  <KeyName input_type=\"text\">[[KEYPAIRS,[[X]]]]</KeyName>\r\n  <result_name input_type=\"text\" />\r\n</function>','',0,0,0,NULL);
INSERT INTO `task_step` VALUES ('bf3dd083-09fd-4a32-80bb-ba44d61cc6c4','59f657b7-d109-4e37-878e-e6c98f5e0b23','Delete Security Group',1,0,0,'aws_ec2_DeleteSecurityGroup','<function command_type=\"aws_ec2_DeleteSecurityGroup\">\n<aws_region input_type=\"text\" label=\"AWS Region\" hr_after=\"true\" />\r\n  <GroupName input_type=\"text\">[[SECURITY_GROUPS,[[X]]]]</GroupName>\r\n  <GroupId input_type=\"text\" />\r\n  <result_name input_type=\"text\" />\r\n</function>','',0,0,0,NULL);
INSERT INTO `task_step` VALUES ('2e90a606-702d-4842-b940-978348c04791','59f657b7-d109-4e37-878e-e6c98f5e0b23','MAIN',6,0,0,'loop','<function command_type=\"loop\">\r\n  <start input_type=\"text\">1</start>\r\n  <counter input_type=\"text\">X</counter>\r\n  <test input_type=\"select\">&lt;=</test>\r\n  <compare_to input_type=\"text\">[[LOAD_BALS,*]]</compare_to>\r\n  <increment input_type=\"text\">1</increment>\r\n  <action input_type=\"text\">e7858918-7fa1-4766-b411-5492544eb2cb</action>\r\n  <max input_type=\"text\" />\r\n</function>','spin through list of load balancers',0,0,0,NULL);
INSERT INTO `task_step` VALUES ('4bba270d-b1e2-4879-8e05-57c9e0a107ce','59f657b7-d109-4e37-878e-e6c98f5e0b23','MAIN',4,0,0,'loop','<function command_type=\"loop\">\r\n  <start input_type=\"text\">1</start>\r\n  <counter input_type=\"text\">X</counter>\r\n  <test input_type=\"select\">&lt;=</test>\r\n  <compare_to input_type=\"text\">[[EC2_INSTANCES,*]]</compare_to>\r\n  <increment input_type=\"text\">1</increment>\r\n  <action input_type=\"text\">12f370ed-63d8-473a-8c54-a8d9e91e62f6</action>\r\n  <max input_type=\"text\" />\r\n</function>','spin through ec2 instance list',0,0,0,NULL);
INSERT INTO `task_step` VALUES ('68093fa5-34c4-42f1-be76-6c7e88b4b41d','59f657b7-d109-4e37-878e-e6c98f5e0b23','MAIN',10,0,0,'loop','<function command_type=\"loop\">\r\n  <start input_type=\"text\">1</start>\r\n  <counter input_type=\"text\">X</counter>\r\n  <test input_type=\"select\">&lt;=</test>\r\n  <compare_to input_type=\"text\">[[ADDRESSES,*]]</compare_to>\r\n  <increment input_type=\"text\">1</increment>\r\n  <action input_type=\"text\">e6a2c8ce-9de2-472a-92c7-3c414f14dee7</action>\r\n  <max input_type=\"text\" />\r\n</function>','spin through elastic ips',0,0,0,NULL);
INSERT INTO `task_step` VALUES ('6c24270d-f039-4981-b12c-c2f01b91a8ec','59f657b7-d109-4e37-878e-e6c98f5e0b23','MAIN',13,0,0,'loop','<function command_type=\"loop\">\r\n  <start input_type=\"text\">1</start>\r\n  <counter input_type=\"text\">X</counter>\r\n  <test input_type=\"select\">&lt;=</test>\r\n  <compare_to input_type=\"text\">[[SECURITY_GROUPS,*]]</compare_to>\r\n  <increment input_type=\"text\">1</increment>\r\n  <action input_type=\"text\">e9ebee66-8547-4d93-9720-81faa053ea73</action>\r\n  <max input_type=\"text\" />\r\n</function>','spin through a list of security groups',0,0,0,NULL);
INSERT INTO `task_step` VALUES ('801d5d8e-95d3-40ab-bf88-09c9ebe24dcd','59f657b7-d109-4e37-878e-e6c98f5e0b23','MAIN',11,0,0,'get_ecosystem_objects','<function command_type=\"get_ecosystem_objects\">\r\n  <object_type input_type=\"select\" label=\"Object Type\">aws_ec2_security_group</object_type>\r\n  <result_name label=\"Result Variable\" input_type=\"text\">SECURITY_GROUPS</result_name>\r\n</function>','get security groups',0,0,0,NULL);
INSERT INTO `task_step` VALUES ('a8ecbcd9-ccf5-4ada-b97a-1916fa21de37','59f657b7-d109-4e37-878e-e6c98f5e0b23','MAIN',1,0,0,'set_variable','<function command_type=\"set_variable\">\r\n  <variable>\r\n    <name input_type=\"text\">CONFIRM_YES</name>\r\n    <value input_type=\"text\">[[CONFIRM_YES]]</value>\r\n    <modifier input_type=\"select\">TO_LOWER</modifier>\r\n  </variable>\r\n</function>','change confirmation to lower case',0,0,0,NULL);
INSERT INTO `task_step` VALUES ('af3a196a-ce28-4e8b-ae9b-f87a97078659','59f657b7-d109-4e37-878e-e6c98f5e0b23','MAIN',3,0,0,'get_ecosystem_objects','<function command_type=\"get_ecosystem_objects\">\r\n  <object_type input_type=\"select\" label=\"Object Type\">aws_ec2_instance</object_type>\r\n  <result_name label=\"Result Variable\" input_type=\"text\">EC2_INSTANCES</result_name>\r\n</function>','get ec2 instances',0,0,0,NULL);
INSERT INTO `task_step` VALUES ('c900b430-82ce-4249-99c4-314bcd580d15','59f657b7-d109-4e37-878e-e6c98f5e0b23','MAIN',2,0,0,'if','<function command_type=\"if\">\r\n  <tests>\r\n    <test>\r\n      <eval input_type=\"text\">{[[CONFIRM_YES]]} != {yes}</eval>\r\n      <action input_type=\"text\">e8d79dc5-149a-4881-b065-fdaecf68b620</action>\r\n    </test>\r\n  </tests>\r\n</function>','test confirmation',0,0,0,NULL);
INSERT INTO `task_step` VALUES ('ccdbe75c-e413-4a7d-8918-88d966b06415','59f657b7-d109-4e37-878e-e6c98f5e0b23','MAIN',5,0,0,'get_ecosystem_objects','<function command_type=\"get_ecosystem_objects\">\r\n  <object_type input_type=\"select\" label=\"Object Type\">aws_elb_balancer</object_type>\r\n  <result_name label=\"Result Variable\" input_type=\"text\">LOAD_BALS</result_name>\r\n</function>','get load balancers',0,0,0,NULL);
INSERT INTO `task_step` VALUES ('d6ae3995-8f11-436e-925e-559e9719a712','59f657b7-d109-4e37-878e-e6c98f5e0b23','MAIN',9,0,0,'get_ecosystem_objects','<function command_type=\"get_ecosystem_objects\">\r\n  <object_type input_type=\"select\" label=\"Object Type\">aws_ec2_address</object_type>\r\n  <result_name label=\"Result Variable\" input_type=\"text\">ADDRESSES</result_name>\r\n</function>','get elastic ips',0,0,0,NULL);
INSERT INTO `task_step` VALUES ('e263cdea-aa56-432d-8541-e381dc32c6db','59f657b7-d109-4e37-878e-e6c98f5e0b23','MAIN',12,0,0,'sleep','<function command_type=\"sleep\">\r\n  <seconds input_type=\"text\">60</seconds>\r\n</function>','sleep 60 seconds to let the ec2 instances terminate',0,0,0,NULL);
INSERT INTO `task_step` VALUES ('ff241215-19cd-4e23-8e46-66f998c69ba1','59f657b7-d109-4e37-878e-e6c98f5e0b23','MAIN',14,0,0,'dataset','<function command_type=\"dataset\">\r\n  <pair>\r\n    <key input_type=\"text\">security_group_name</key>\r\n    <value input_type=\"text\" />\r\n  </pair>\r\n  <pair>\r\n    <key input_type=\"text\">keypair_name</key>\r\n    <value input_type=\"text\"></value>\r\n  </pair>\r\n  <pair>\r\n    <key input_type=\"text\">elb_name</key>\r\n    <value input_type=\"text\"></value>\r\n  </pair>\r\n  <pair>\r\n    <key input_type=\"text\">master_db_name</key>\r\n    <value input_type=\"text\"></value>\r\n  </pair>\r\n  <pair>\r\n    <key input_type=\"text\">master_db_instance</key>\r\n    <value input_type=\"text\"></value>\r\n  </pair>\r\n  <pair>\r\n    <key input_type=\"text\">master_db_address</key>\r\n    <value input_type=\"text\"></value>\r\n  </pair>\r\n  <pair>\r\n    <key input_type=\"text\">master_db_password</key>\r\n    <value input_type=\"text\"></value>\r\n  </pair>\r\n</function>','clear out registry',0,0,0,NULL);
INSERT INTO `task_step` VALUES ('45fc0920-4dd3-4b39-8a3d-15e299507524','59f657b7-d109-4e37-878e-e6c98f5e0b23','MAIN',8,1,0,'loop','<function command_type=\"loop\">\r\n  <start input_type=\"text\">1</start>\r\n  <counter input_type=\"text\">X</counter>\r\n  <test input_type=\"select\">&lt;=</test>\r\n  <compare_to input_type=\"text\">[[KEYPAIRS,*]]</compare_to>\r\n  <increment input_type=\"text\">1</increment>\r\n  <action input_type=\"text\">348768b5-78df-49b1-ba86-7d64b9e94004</action>\r\n  <max input_type=\"text\" />\r\n</function>','spin through list of keypairs',0,0,0,NULL);
INSERT INTO `task_step` VALUES ('fb07e06d-57e3-4d60-8c8f-36d6500dcada','59f657b7-d109-4e37-878e-e6c98f5e0b23','MAIN',7,1,0,'get_ecosystem_objects','<function command_type=\"get_ecosystem_objects\">\r\n  <object_type input_type=\"select\" label=\"Object Type\">aws_ec2_keypair</object_type>\r\n  <result_name label=\"Result Variable\" input_type=\"text\">KEYPAIRS</result_name>\r\n</function>','get keypairs',0,0,0,NULL);
INSERT INTO `task_step` VALUES ('affbe52f-b4ff-4040-b616-44694e8db739','59f657b7-d109-4e37-878e-e6c98f5e0b23','Terminate EC2 Instance',1,0,0,'aws_ec2_TerminateInstances','<function command_type=\"aws_ec2_TerminateInstances\">\n<aws_region input_type=\"text\" label=\"AWS Region\" hr_after=\"true\" />\r\n  <InstanceId.n is_array=\"true\">\r\n    <InstanceId input_type=\"text\">[[EC2_INSTANCES,[[X]]]]</InstanceId>\r\n  </InstanceId.n>\r\n  <result_name input_type=\"text\" />\r\n</function>','',0,0,0,NULL);
INSERT INTO `task_step` VALUES ('6b8988bf-e224-4f7d-ab4a-d7fec560a2b5','59f657b7-d109-4e37-878e-e6c98f5e0b23','Terminate Load Balancer',1,0,0,'aws_elb_DeleteLoadBalancer','<function command_type=\"aws_elb_DeleteLoadBalancer\">\n<aws_region input_type=\"text\" label=\"AWS Region\" hr_after=\"true\" />\r\n  <LoadBalancerName input_type=\"text\">[[LOAD_BALS,[[X]]]]</LoadBalancerName>\r\n  <result_name input_type=\"text\" />\r\n</function>','',0,0,0,NULL);

INSERT INTO `task` VALUES ('a9ee0670-8dd5-4f11-882d-f1da4ac83dca','a9ee0670-8dd5-4f11-882d-f1da4ac83dca','1.000','Validate Wordpress Site','wp - 045','Checks that the Elastic Load Balancer and Wordpress websites are functioning properly.','Development',0,1,NULL,NULL,'2011-08-03 20:09:58','');
INSERT INTO `task_codeblock` VALUES ('a9ee0670-8dd5-4f11-882d-f1da4ac83dca','MAIN');
INSERT INTO `task_step` VALUES ('def51a16-ed73-4ea7-a325-6fbac38d3699','a9ee0670-8dd5-4f11-882d-f1da4ac83dca','MAIN',1,0,0,'aws_elb_DescribeLoadBalancers','<function command_type=\"aws_elb_DescribeLoadBalancers\">\n<aws_region input_type=\"text\" label=\"AWS Region\" hr_after=\"true\" />\r\n  <LoadBalancerNames>\r\n    <member.N is_array=\"true\">\r\n      <member input_type=\"text\">[[@elb_name]]</member>\r\n    </member.N>\r\n  </LoadBalancerNames>\r\n  <result_name input_type=\"text\">elb_result</result_name>\r\n</function>','',0,0,0,NULL);
INSERT INTO `task_step` VALUES ('f55cc254-2e06-4306-a600-f7e4b346ae8e','a9ee0670-8dd5-4f11-882d-f1da4ac83dca','MAIN',2,0,0,'http','<function command_type=\"http\">\r\n  <type input_type=\"select\">GET</type>\r\n  <url input_type=\"text\">http://[[~elb_result.//DNSName]]/wordpress/</url>\r\n</function>','',2,0,0,NULL);

INSERT INTO `task` VALUES ('c6132180-f59b-4742-a5e4-a615b70ca31e','c6132180-f59b-4742-a5e4-a615b70ca31e','1.000','Start Wordpress','wp - 032','Starts a multi-tier Wordpress LAMP application.','Development',0,1,NULL,NULL,'2011-07-26 15:21:18','<parameters>\r\n  <parameter id=\"p_1ca306ba-2e82-455f-8b1a-e0ffec0d50fd\" required=\"false\" prompt=\"true\" masked=\"false\">\r\n    <name>KEYPAIR_NAME</name>\r\n    <desc>Optional keypair name, leave it blank and it will create one with a unique name</desc>\r\n    <values present_as=\"value\">\r\n      <value id=\"pv_7a0bbbd6-ae1d-461a-98cf-e19dabed409b\"></value>\r\n    </values>\r\n  </parameter>\r\n  <parameter id=\"p_98053ae7-6d1f-49d1-9423-d7f9cf2462de\" required=\"true\" prompt=\"true\" masked=\"false\">\r\n    <name>DBINSTANCETYPE</name>\r\n    <desc>The EC2 instance type that will be used for the master database</desc>\r\n    <values present_as=\"dropdown\">\r\n      <value id=\"pv_9fcf15cb-f8c4-4cb1-be16-871afe8743cd\">t1.micro</value>\r\n      <value id=\"pv_4d41f64a-00af-4746-b523-bf534c16cfc2\">m1.small</value>\r\n      <value id=\"pv_e8b1a30e-bd10-409d-b688-97e121c2dde1\">m1.large</value>\r\n    </values>\r\n  </parameter>\r\n  <parameter id=\"p_5eaad9c1-06df-4324-bb68-61462477f1c6\" required=\"true\" prompt=\"true\" masked=\"true\" encrypt=\"true\">\r\n    <name>DBPASSWORD</name>\r\n    <desc>Enter the initial password for the root user of the database</desc>\r\n    <values present_as=\"value\">\r\n      <value id=\"pv_f687d1f6-ca53-4108-aded-535315386642\"></value>\r\n    </values>\r\n  </parameter>\r\n  <parameter id=\"p_ade2c4f7-aa0d-45e3-a0f4-187c125c699c\" required=\"true\" prompt=\"true\" masked=\"false\">\r\n    <name>SERVERS_TO_START</name>\r\n    <desc>Enter the number of webservers to start</desc>\r\n    <values present_as=\"value\">\r\n      <value id=\"pv_f04cda70-3b69-48be-8b74-2ec073914498\">1</value>\r\n    </values>\r\n  </parameter>\r\n  <parameter id=\"p_0c400f7e-d3cf-44d0-a1aa-781a1e0f0e00\" required=\"true\" prompt=\"true\" masked=\"false\">\r\n    <name>BLOG_TITLE</name>\r\n    <desc>The title of the blog</desc>\r\n    <values present_as=\"value\">\r\n      <value id=\"pv_13fa7136-4bfb-4e0b-be54-b2012f056188\">This is my blog</value>\r\n    </values>\r\n  </parameter>\r\n  <parameter id=\"p_a2320995-7cb0-407f-aa63-ff0c968c1b9e\" required=\"true\" prompt=\"true\" masked=\"false\">\r\n    <name>BLOG_ADMIN</name>\r\n    <desc>The admin account name</desc>\r\n    <values present_as=\"value\">\r\n      <value id=\"pv_d7b5769d-afed-4efc-8f1c-23208439bbae\">admin</value>\r\n    </values>\r\n  </parameter>\r\n  <parameter id=\"p_49d36f40-7de8-42b3-9a86-2a85fcefaca9\" required=\"true\" prompt=\"true\" masked=\"true\" encrypt=\"true\">\r\n    <name>BLOG_ADMIN_PASSWORD</name>\r\n    <desc>Password for the admin account</desc>\r\n    <values present_as=\"value\">\r\n      <value id=\"pv_85343e73-668d-40d4-afb8-9c18668cc00c\"></value>\r\n    </values>\r\n  </parameter>\r\n  <parameter id=\"p_36d2b502-33ea-40ee-8eb1-89b78a521fb7\" required=\"true\" prompt=\"true\" masked=\"false\">\r\n    <name>BLOG_ADMIN_EMAIL</name>\r\n    <desc>Email address for the blog admin account</desc>\r\n    <values present_as=\"value\">\r\n      <value id=\"pv_781dcf18-405e-42f2-9426-9c6dd2cf3745\">admin@example.com</value>\r\n    </values>\r\n  </parameter>\r\n  <parameter id=\"p_e102c361-d4a5-4441-97b3-7efc2607e5b1\" required=\"true\" prompt=\"true\" masked=\"false\">\r\n    <name>DB_CONFIG</name>\r\n    <desc>Select master-slave for a master slave configuration, standalone for a single database instance</desc>\r\n    <values present_as=\"dropdown\">\r\n      <value id=\"pv_2f313768-edba-4d10-8d24-976b5bd589d0\">standalone</value>\r\n      <value id=\"pv_932a8267-43d6-45ae-a44a-d69c2768ceb6\">master-slave</value>\r\n    </values>\r\n  </parameter>\r\n</parameters>');
INSERT INTO `task_codeblock` VALUES ('c6132180-f59b-4742-a5e4-a615b70ca31e','Get and Store Elastic IP');
INSERT INTO `task_codeblock` VALUES ('c6132180-f59b-4742-a5e4-a615b70ca31e','MAIN');
INSERT INTO `task_codeblock` VALUES ('c6132180-f59b-4742-a5e4-a615b70ca31e','Master Slave DB');
INSERT INTO `task_codeblock` VALUES ('c6132180-f59b-4742-a5e4-a615b70ca31e','Standalone DB');
INSERT INTO `task_codeblock` VALUES ('c6132180-f59b-4742-a5e4-a615b70ca31e','Test Load Balancer');
INSERT INTO `task_step` VALUES ('c60de3c1-9fff-4a7b-a45c-a7358bc41c27','c6132180-f59b-4742-a5e4-a615b70ca31e','68cf0e12-122a-47c7-96f9-a538621346ab',-1,0,0,'subtask','<function command_type=\"subtask\">\r\n  <original_task_id input_type=\"text\">2aea48a9-acbe-46ae-a074-cdb45516b4f1</original_task_id>\r\n  <version input_type=\"text\" />\r\n</function>','create a new keypair',0,0,0,NULL);
INSERT INTO `task_step` VALUES ('cc3d2e02-f01f-4ba8-93d4-53a509f485f9','c6132180-f59b-4742-a5e4-a615b70ca31e','68cf0e12-122a-47c7-96f9-a538621346ab',-1,0,0,'dataset','<function command_type=\"dataset\">\n  <pair>\n    <key input_type=\"text\">KEYPAIR_NAME</key>\n    <value input_type=\"text\">[[KEYPAIR_NAME]]</value>\n    <mask input_type=\"checkbox\" />\n  </pair>\n</function>','',0,0,0,NULL);
INSERT INTO `task_step` VALUES ('4c6d5f7d-9b28-459d-99ce-296dbeea5824','c6132180-f59b-4742-a5e4-a615b70ca31e','d4d08b39-a47e-47c4-9016-3bb681b6e700',-1,0,0,'codeblock','<function command_type=\"codeblock\">\r\n  <codeblock input_type=\"text\">Standalone DB</codeblock>\r\n</function>','',0,0,0,NULL);
INSERT INTO `task_step` VALUES ('787bd679-10c1-4a2e-9aac-30fc6ff06b08','c6132180-f59b-4742-a5e4-a615b70ca31e','d4d08b39-a47e-47c4-9016-3bb681b6e700',-1,0,0,'codeblock','<function command_type=\"codeblock\">\r\n  <codeblock input_type=\"text\">Master Slave DB</codeblock>\r\n</function>','',0,0,0,NULL);
INSERT INTO `task_step` VALUES ('46c1f44e-a11e-4d89-b58b-1c712a312080','c6132180-f59b-4742-a5e4-a615b70ca31e','Get and Store Elastic IP',1,0,0,'aws_ec2_AllocateAddress','<function command_type=\"aws_ec2_AllocateAddress\">\n<aws_region input_type=\"text\" label=\"AWS Region\" hr_after=\"true\" />\r\n  <Domain input_type=\"text\" />\r\n  <result_name input_type=\"text\">address_result</result_name>\r\n</function>','Get elastic IP',0,0,0,NULL);
INSERT INTO `task_step` VALUES ('4ed49a35-06fa-4e34-a140-76a313a7ded5','c6132180-f59b-4742-a5e4-a615b70ca31e','Get and Store Elastic IP',2,0,0,'dataset','<function command_type=\"dataset\">\r\n  <pair>\r\n    <key input_type=\"text\">master_db_address</key>\r\n    <value input_type=\"text\">[[~address_result.//publicIp]]</value>\r\n  </pair>\r\n</function>','',0,0,0,NULL);
INSERT INTO `task_step` VALUES ('23712468-35f7-42b1-91da-bc1c8718499c','c6132180-f59b-4742-a5e4-a615b70ca31e','MAIN',10,0,0,'sleep','<function command_type=\"sleep\">\n  <seconds input_type=\"text\">150</seconds>\n</function>','wait n seconds for everything to come up',0,0,0,NULL);
INSERT INTO `task_step` VALUES ('439eeb20-3ec2-47a8-bfb5-f5becd5ba42e','c6132180-f59b-4742-a5e4-a615b70ca31e','MAIN',4,0,0,'subtask','<function command_type=\"subtask\">\r\n  <original_task_id input_type=\"text\">66be8ab1-95a7-47d2-b495-be670e8738bb</original_task_id>\r\n  <version input_type=\"text\" />\r\n</function>','start up a load balancer',0,0,0,NULL);
INSERT INTO `task_step` VALUES ('68cf0e12-122a-47c7-96f9-a538621346ab','c6132180-f59b-4742-a5e4-a615b70ca31e','MAIN',3,0,0,'if','<function command_type=\"if\">\n  <tests>\n    <test>\n      <eval input_type=\"text\">{[[KEYPAIR_NAME]]} == {}</eval>\n      <action input_type=\"text\">c60de3c1-9fff-4a7b-a45c-a7358bc41c27</action>\n    </test>\n  </tests>\n  <else input_type=\"text\">cc3d2e02-f01f-4ba8-93d4-53a509f485f9</else>\n</function>','',0,0,0,NULL);
INSERT INTO `task_step` VALUES ('742a0074-028c-4a44-a321-73db7c951eb0','c6132180-f59b-4742-a5e4-a615b70ca31e','MAIN',8,0,0,'subtask','<function command_type=\"subtask\">\r\n  <original_task_id input_type=\"text\">1384714b-bcbb-488b-8c21-8360ec5c11e3</original_task_id>\r\n  <version input_type=\"text\" />\r\n</function>','start the webservers',0,0,0,NULL);
INSERT INTO `task_step` VALUES ('81bf0472-7419-40aa-9b07-664faa4ecc8c','c6132180-f59b-4742-a5e4-a615b70ca31e','MAIN',9,0,0,'aws_elb_DescribeLoadBalancers','<function command_type=\"aws_elb_DescribeLoadBalancers\">\n<aws_region input_type=\"text\" label=\"AWS Region\" hr_after=\"true\" />\r\n  <LoadBalancerNames>\r\n    <member.N is_array=\"true\">\r\n      <member input_type=\"text\">[[@ELB_NAME]]</member>\r\n    </member.N>\r\n  </LoadBalancerNames>\r\n  <result_name input_type=\"text\">LoadBalResult</result_name>\r\n</function>','',0,0,0,NULL);
INSERT INTO `task_step` VALUES ('a324e8cd-3f44-4322-8d88-fbbf31b69b46','c6132180-f59b-4742-a5e4-a615b70ca31e','MAIN',1,0,0,'set_variable','<function command_type=\"set_variable\">\r\n  <variable>\r\n    <name input_type=\"text\">GROUP_DESCRIPTION</name>\r\n    <value input_type=\"text\">Security group for the [[_ECOSYSTEM_NAME]] ecosystem</value>\r\n    <modifier input_type=\"select\">DEFAULT</modifier>\r\n  </variable>\r\n</function>','create a description for the security group',0,0,0,NULL);
INSERT INTO `task_step` VALUES ('b6a68a6a-d8bb-421c-9a4f-396cfcf57b8a','c6132180-f59b-4742-a5e4-a615b70ca31e','MAIN',6,0,0,'codeblock','<function command_type=\"codeblock\">\r\n  <codeblock input_type=\"text\">Get and Store Elastic IP</codeblock>\r\n</function>','get the master db elastic ip',0,0,0,NULL);
INSERT INTO `task_step` VALUES ('d496fd99-3335-42d9-b1d3-26038cf35b8e','c6132180-f59b-4742-a5e4-a615b70ca31e','MAIN',2,0,0,'subtask','<function command_type=\"subtask\">\r\n  <original_task_id input_type=\"text\">c0f022a6-8fd9-4758-8538-bfae8ef3dc57</original_task_id>\r\n  <version input_type=\"text\" />\r\n</function>','create a security group for this ecosystem',0,0,0,NULL);
INSERT INTO `task_step` VALUES ('d4d08b39-a47e-47c4-9016-3bb681b6e700','c6132180-f59b-4742-a5e4-a615b70ca31e','MAIN',7,0,0,'if','<function command_type=\"if\">\r\n  <tests>\r\n    <test>\r\n      <eval input_type=\"text\">{[[DB_CONFIG]]} == {master-slave}</eval>\r\n      <action input_type=\"text\">787bd679-10c1-4a2e-9aac-30fc6ff06b08</action>\r\n    </test>\r\n  </tests>\r\n  <else input_type=\"text\">4c6d5f7d-9b28-459d-99ce-296dbeea5824</else>\r\n</function>','',0,0,0,NULL);
INSERT INTO `task_step` VALUES ('d6ae3451-7c22-4a20-a3e3-b03400151c8f','c6132180-f59b-4742-a5e4-a615b70ca31e','MAIN',11,0,0,'http','<function command_type=\"http\">\r\n  <type input_type=\"select\">POST</type>\r\n  <url input_type=\"text\">http://[[~LoadBalResult.//DNSName]]/wordpress/wp-admin/install.php?step=2</url>\r\n  <pair>\r\n    <key input_type=\"text\">weblog_title</key>\r\n    <value input_type=\"text\">[[BLOG_TITLE]]</value>\r\n  </pair>\r\n  <pair>\r\n    <key input_type=\"text\">user_name</key>\r\n    <value input_type=\"text\">[[BLOG_ADMIN]]</value>\r\n  </pair>\r\n  <pair>\r\n    <key input_type=\"text\">admin_password</key>\r\n    <value input_type=\"text\">[[BLOG_ADMIN_PASSWORD]]</value>\r\n  </pair>\r\n  <pair>\r\n    <key input_type=\"text\">admin_password2</key>\r\n    <value input_type=\"text\">[[BLOG_ADMIN_PASSWORD]]</value>\r\n  </pair>\r\n  <pair>\r\n    <key input_type=\"text\">admin_email</key>\r\n    <value input_type=\"text\">[[BLOG_ADMIN_EMAIL]]</value>\r\n  </pair>\r\n</function>','',2,0,0,NULL);
INSERT INTO `task_step` VALUES ('fceb91e4-1eb3-4d7a-bc81-7579277d19a8','c6132180-f59b-4742-a5e4-a615b70ca31e','MAIN',5,0,0,'aws_ec2_AuthorizeSecurityGroupIngress','<function command_type=\"aws_ec2_AuthorizeSecurityGroupIngress\">\n<aws_region input_type=\"text\" label=\"AWS Region\" hr_after=\"true\" />\r\n  <UserId input_type=\"text\" />\r\n  <GroupId input_type=\"text\" />\r\n  <GroupName input_type=\"text\">[[@SECURITY_GROUP_NAME]]</GroupName>\r\n  <IpPermissions.n is_array=\"true\">\r\n    <IpPermissions>\r\n      <IpProtocol input_type=\"text\">tcp</IpProtocol>\r\n      <FromPort input_type=\"text\">3306</FromPort>\r\n      <ToPort input_type=\"text\">3306</ToPort>\r\n      <Groups.m is_array=\"true\">\r\n        <Groups>\r\n          <UserId input_type=\"text\" />\r\n          <GroupName input_type=\"text\">[[@SECURITY_GROUP_NAME]]</GroupName>\r\n          <GroupId input_type=\"text\" />\r\n        </Groups>\r\n      </Groups.m>\r\n      <IpRanges.m is_array=\"true\">\r\n        <IpRanges>\r\n          <CidrIp input_type=\"text\" />\r\n        </IpRanges>\r\n      </IpRanges.m>\r\n    </IpPermissions>\r\n    <IpPermissions>\r\n      <IpProtocol input_type=\"text\">tcp</IpProtocol>\r\n      <FromPort input_type=\"text\">80</FromPort>\r\n      <ToPort input_type=\"text\">80</ToPort>\r\n      <Groups.m is_array=\"true\">\r\n        <Groups>\r\n          <UserId input_type=\"text\">amazon-elb</UserId>\r\n          <GroupName input_type=\"text\">amazon-elb-sg</GroupName>\r\n          <GroupId input_type=\"text\" />\r\n        </Groups>\r\n      </Groups.m>\r\n      <IpRanges.m is_array=\"true\">\r\n        <IpRanges>\r\n          <CidrIp input_type=\"text\" />\r\n        </IpRanges>\r\n      </IpRanges.m>\r\n    </IpPermissions>\r\n  </IpPermissions.n>\r\n  <result_name input_type=\"text\" />\r\n</function>','',0,0,0,NULL);
INSERT INTO `task_step` VALUES ('0e9eaf05-038f-42f4-a7a2-b1b4af0d4936','c6132180-f59b-4742-a5e4-a615b70ca31e','Master Slave DB',5,0,0,'set_variable','<function command_type=\"set_variable\">\r\n  <variable>\r\n    <name input_type=\"text\">DB_ROLE</name>\r\n    <value input_type=\"text\">master</value>\r\n    <modifier input_type=\"select\">DEFAULT</modifier>\r\n  </variable>\r\n</function>','',0,0,0,NULL);
INSERT INTO `task_step` VALUES ('1811a742-fd8e-4e9e-bc4f-5062c00b2844','c6132180-f59b-4742-a5e4-a615b70ca31e','Master Slave DB',2,0,0,'subtask','<function command_type=\"subtask\">\r\n  <original_task_id input_type=\"text\">f7f695d1-cd39-4276-a96a-d5d9c08fb2ba</original_task_id>\r\n  <version input_type=\"text\" />\r\n</function>','',0,0,0,NULL);
INSERT INTO `task_step` VALUES ('28e72de0-da16-474c-9a80-aa724af73f3a','c6132180-f59b-4742-a5e4-a615b70ca31e','Master Slave DB',3,0,0,'set_variable','<function command_type=\"set_variable\">\r\n  <variable>\r\n    <name input_type=\"text\">DB_ROLE</name>\r\n    <value input_type=\"text\">slave</value>\r\n    <modifier input_type=\"select\">DEFAULT</modifier>\r\n  </variable>\r\n</function>','',0,0,0,NULL);
INSERT INTO `task_step` VALUES ('2edb9e33-43d2-40c9-82db-f5bd442738cd','c6132180-f59b-4742-a5e4-a615b70ca31e','Master Slave DB',7,0,0,'set_variable','<function command_type=\"set_variable\">\r\n  <variable>\r\n    <name input_type=\"text\">DB_ROLE</name>\r\n    <value input_type=\"text\">slave</value>\r\n    <modifier input_type=\"select\">DEFAULT</modifier>\r\n  </variable>\r\n</function>','',0,0,0,NULL);
INSERT INTO `task_step` VALUES ('9267b943-c67b-4352-a750-0831d0764ecf','c6132180-f59b-4742-a5e4-a615b70ca31e','Master Slave DB',6,0,0,'subtask','<function command_type=\"subtask\">\r\n  <original_task_id input_type=\"text\">22627126-9dbe-49cc-97fd-cba516e06435</original_task_id>\r\n  <version input_type=\"text\" />\r\n</function>','',0,0,0,NULL);
INSERT INTO `task_step` VALUES ('ac7e9222-2f78-4dc9-8f0c-4f22448b48b4','c6132180-f59b-4742-a5e4-a615b70ca31e','Master Slave DB',8,0,0,'subtask','<function command_type=\"subtask\">\r\n  <original_task_id input_type=\"text\">22627126-9dbe-49cc-97fd-cba516e06435</original_task_id>\r\n  <version input_type=\"text\" />\r\n</function>','',0,0,0,NULL);
INSERT INTO `task_step` VALUES ('dcce831c-962d-4436-8903-53243fac7150','c6132180-f59b-4742-a5e4-a615b70ca31e','Master Slave DB',1,0,0,'set_variable','<function command_type=\"set_variable\">\r\n  <variable>\r\n    <name input_type=\"text\">DB_ROLE</name>\r\n    <value input_type=\"text\">master</value>\r\n    <modifier input_type=\"select\">DEFAULT</modifier>\r\n  </variable>\r\n</function>','',0,0,0,NULL);
INSERT INTO `task_step` VALUES ('e19a7d28-219e-4fc7-8c01-8c531490f2a8','c6132180-f59b-4742-a5e4-a615b70ca31e','Master Slave DB',4,0,0,'subtask','<function command_type=\"subtask\">\r\n  <original_task_id input_type=\"text\">f7f695d1-cd39-4276-a96a-d5d9c08fb2ba</original_task_id>\r\n  <version input_type=\"text\" />\r\n</function>','',0,0,0,NULL);
INSERT INTO `task_step` VALUES ('1fc85556-a5c5-4da8-83ec-1c9106a65ba3','c6132180-f59b-4742-a5e4-a615b70ca31e','Standalone DB',4,0,0,'subtask','<function command_type=\"subtask\">\r\n  <original_task_id input_type=\"text\">22627126-9dbe-49cc-97fd-cba516e06435</original_task_id>\r\n  <version input_type=\"text\" />\r\n</function>','',0,0,0,NULL);
INSERT INTO `task_step` VALUES ('24e7bd06-565e-40e4-a254-1ce233a446b7','c6132180-f59b-4742-a5e4-a615b70ca31e','Standalone DB',3,0,0,'sleep','<function command_type=\"sleep\">\n  <seconds input_type=\"text\">30</seconds>\n</function>','',0,0,0,NULL);
INSERT INTO `task_step` VALUES ('57da614d-aa70-4353-bec4-452ff8925ef5','c6132180-f59b-4742-a5e4-a615b70ca31e','Standalone DB',2,0,0,'subtask','<function command_type=\"subtask\">\r\n  <original_task_id input_type=\"text\">f7f695d1-cd39-4276-a96a-d5d9c08fb2ba</original_task_id>\r\n  <version input_type=\"text\" />\r\n</function>','',0,0,0,NULL);
INSERT INTO `task_step` VALUES ('ab9776a0-5986-4711-92c8-5b6d11c3b1a8','c6132180-f59b-4742-a5e4-a615b70ca31e','Standalone DB',1,0,0,'set_variable','<function command_type=\"set_variable\">\r\n  <variable>\r\n    <name input_type=\"text\">DB_ROLE</name>\r\n    <value input_type=\"text\">standalone</value>\r\n    <modifier input_type=\"select\">DEFAULT</modifier>\r\n  </variable>\r\n</function>','',0,0,0,NULL);
INSERT INTO `task_step` VALUES ('06545baf-9502-46c9-8a43-82821a690cec','c6132180-f59b-4742-a5e4-a615b70ca31e','Test Load Balancer',1,0,0,'http','<function command_type=\"http\">\r\n  <type input_type=\"select\">GET</type>\r\n  <url input_type=\"text\">http://[[~LoadBalResult.//DNSName]]/wordpress</url>\r\n</function>','',2,0,0,NULL);
INSERT INTO `task_step` VALUES ('50629f2d-54f5-40af-9478-5a2a1c01634a','c6132180-f59b-4742-a5e4-a615b70ca31e','Test Load Balancer',2,0,0,'set_variable','<function command_type=\"set_variable\">\r\n  <variable>\r\n    <name input_type=\"text\">status</name>\r\n    <value input_type=\"text\">yes</value>\r\n    <modifier input_type=\"select\">DEFAULT</modifier>\r\n  </variable>\r\n</function>','',0,0,0,NULL);

INSERT INTO `task` VALUES ('c0f022a6-8fd9-4758-8538-bfae8ef3dc57','c0f022a6-8fd9-4758-8538-bfae8ef3dc57','1.000','Create Basic Security Group','aws - 033','Creates a security group with no inbound rules.','Development',0,1,NULL,NULL,'2011-07-26 17:38:11','<parameters>\r\n  <parameter id=\"p_534fdee9-d850-4017-948d-595a8b1b3f12\" required=\"false\" prompt=\"true\" masked=\"false\">\r\n    <name>GROUP_NAME</name>\r\n    <desc>optional Security Group name</desc>\r\n    <values present_as=\"value\">\r\n      <value id=\"pv_e6dba089-6493-49c9-aba6-cbf9a8f7793d\"></value>\r\n    </values>\r\n  </parameter>\r\n  <parameter id=\"p_96e12985-cbec-40fa-a65e-ea354f60a4ec\" required=\"false\" prompt=\"true\" masked=\"false\">\r\n    <name>GROUP_DESCRIPTION</name>\r\n    <desc>optional security group description</desc>\r\n    <values present_as=\"value\">\r\n      <value id=\"pv_745488c9-242d-4b8c-bc1a-842fb38d60cb\"></value>\r\n    </values>\r\n  </parameter>\r\n</parameters>');
INSERT INTO `task_codeblock` VALUES ('c0f022a6-8fd9-4758-8538-bfae8ef3dc57','MAIN');
INSERT INTO `task_step` VALUES ('9723bbd5-caf0-40e9-a69a-3f57f25cfa9b','c0f022a6-8fd9-4758-8538-bfae8ef3dc57','189714ee-1a19-4e40-902f-1c4cd4576f8b',-1,0,0,'set_variable','<function command_type=\"set_variable\">\r\n  <variable>\r\n    <name input_type=\"text\">GROUP_NAME</name>\r\n    <value input_type=\"text\">[[_UUID]]</value>\r\n    <modifier input_type=\"select\">DEFAULT</modifier>\r\n  </variable>\r\n</function>','',0,0,0,NULL);
INSERT INTO `task_step` VALUES ('35f09ac5-8aa0-4b43-a508-5876aca655f2','c0f022a6-8fd9-4758-8538-bfae8ef3dc57','383ec8dc-994f-41c9-9b33-8070ed2ef9ba',-1,0,0,'set_variable','<function command_type=\"set_variable\">\r\n  <variable>\r\n    <name input_type=\"text\">GROUP_DESCRIPTION</name>\r\n    <value input_type=\"text\">Basic Security Group with no initial inbound rules</value>\r\n    <modifier input_type=\"select\">DEFAULT</modifier>\r\n  </variable>\r\n</function>','',0,0,0,NULL);
INSERT INTO `task_step` VALUES ('189714ee-1a19-4e40-902f-1c4cd4576f8b','c0f022a6-8fd9-4758-8538-bfae8ef3dc57','MAIN',1,0,0,'if','<function command_type=\"if\">\r\n  <tests>\r\n    <test>\r\n      <eval input_type=\"text\">{[[GROUP_NAME]]} == {}</eval>\r\n      <action input_type=\"text\">9723bbd5-caf0-40e9-a69a-3f57f25cfa9b</action>\r\n    </test>\r\n  </tests>\r\n</function>','If the group name was not specified as a parameter, create a unique group name using an uuid',0,0,0,NULL);
INSERT INTO `task_step` VALUES ('383ec8dc-994f-41c9-9b33-8070ed2ef9ba','c0f022a6-8fd9-4758-8538-bfae8ef3dc57','MAIN',2,0,0,'if','<function command_type=\"if\">\r\n  <tests>\r\n    <test>\r\n      <eval input_type=\"text\">{[[GROUP_DESCRIPTION]]} == {}</eval>\r\n      <action input_type=\"text\">35f09ac5-8aa0-4b43-a508-5876aca655f2</action>\r\n    </test>\r\n  </tests>\r\n</function>','If the group description was not specified as a parameter, use a generic description',0,0,0,NULL);
INSERT INTO `task_step` VALUES ('3f3dd75b-a8bb-4224-899d-d0a283726436','c0f022a6-8fd9-4758-8538-bfae8ef3dc57','MAIN',3,0,0,'aws_ec2_CreateSecurityGroup','<function command_type=\"aws_ec2_CreateSecurityGroup\">\n<aws_region input_type=\"text\" label=\"AWS Region\" hr_after=\"true\" />\r\n  <GroupName input_type=\"text\">[[GROUP_NAME]]</GroupName>\r\n  <GroupDescription input_type=\"text\">[[GROUP_DESCRIPTION]]</GroupDescription>\r\n  <VpcId input_type=\"text\" />\r\n  <result_name input_type=\"text\" />\r\n</function>','Create the new security group',0,0,0,NULL);
INSERT INTO `task_step` VALUES ('3f7a6bf2-999b-435d-948c-9b6ac15a271f','c0f022a6-8fd9-4758-8538-bfae8ef3dc57','MAIN',4,0,0,'dataset','<function command_type=\"dataset\">\r\n  <pair>\r\n    <key input_type=\"text\">SECURITY_GROUP_NAME</key>\r\n    <value input_type=\"text\">[[GROUP_NAME]]</value>\r\n  </pair>\r\n</function>','',0,0,0,NULL);

INSERT INTO `task` VALUES ('2aea48a9-acbe-46ae-a074-cdb45516b4f1','2aea48a9-acbe-46ae-a074-cdb45516b4f1','1.000','Create and Store Keypair','aws - 034','Creates an EC2 keypair and stores the private key for later use','Development',0,1,NULL,NULL,'2011-07-27 14:34:40','<parameters>\r\n  <parameter id=\"p_aa5b68a9-e3ea-4607-91ef-e2d9c68a62e8\" required=\"false\" prompt=\"true\" masked=\"false\">\r\n    <name>KEYPAIR_NAME</name>\r\n    <desc>Optional keypair name, will create a unique name if not entered</desc>\r\n    <values present_as=\"value\">\r\n      <value id=\"pv_8aae9887-e5ce-40bb-92c7-e74a64652259\"></value>\r\n    </values>\r\n  </parameter>\r\n</parameters>');
INSERT INTO `task_codeblock` VALUES ('2aea48a9-acbe-46ae-a074-cdb45516b4f1','MAIN');
INSERT INTO `task_step` VALUES ('fbb2a0f4-ce3c-4db3-9152-a537db794448','2aea48a9-acbe-46ae-a074-cdb45516b4f1','7240e950-1c22-42b9-977a-0f1e77aba654',-1,0,0,'set_variable','<function command_type=\"set_variable\">\r\n  <variable>\r\n    <name input_type=\"text\">KEYPAIR_NAME</name>\r\n    <value input_type=\"text\">[[_UUID]]</value>\r\n    <modifier input_type=\"select\">DEFAULT</modifier>\r\n  </variable>\r\n</function>','',0,0,0,NULL);
INSERT INTO `task_step` VALUES ('4d4159e8-df98-4a21-9551-e7046d8ed665','2aea48a9-acbe-46ae-a074-cdb45516b4f1','MAIN',4,0,0,'dataset','<function command_type=\"dataset\">\r\n  <pair>\r\n    <key input_type=\"text\">KEYPAIR_NAME</key>\r\n    <value input_type=\"text\">[[KEYPAIR_NAME]]</value>\r\n  </pair>\r\n</function>','',0,0,0,NULL);
INSERT INTO `task_step` VALUES ('7240e950-1c22-42b9-977a-0f1e77aba654','2aea48a9-acbe-46ae-a074-cdb45516b4f1','MAIN',1,0,0,'if','<function command_type=\"if\">\r\n  <tests>\r\n    <test>\r\n      <eval input_type=\"text\">{[[KEYPAIR_NAME]]} == {}</eval>\r\n      <action input_type=\"text\">fbb2a0f4-ce3c-4db3-9152-a537db794448</action>\r\n    </test>\r\n  </tests>\r\n</function>','If the keypair name wasn\'t specified as a parameter, create a unique keypair name',0,0,0,NULL);
INSERT INTO `task_step` VALUES ('95fa8884-0d50-475c-8188-c6203758b10b','2aea48a9-acbe-46ae-a074-cdb45516b4f1','MAIN',2,0,0,'aws_ec2_CreateKeyPair','<function command_type=\"aws_ec2_CreateKeyPair\">\n<aws_region input_type=\"text\" label=\"AWS Region\" hr_after=\"true\" />\r\n  <KeyName input_type=\"text\">[[KEYPAIR_NAME]]</KeyName>\r\n  <result_name input_type=\"text\">create_result</result_name>\r\n</function>','Create the keypair',0,0,0,NULL);
INSERT INTO `task_step` VALUES ('be19f831-79a1-4087-9c56-968b955999c5','2aea48a9-acbe-46ae-a074-cdb45516b4f1','MAIN',3,0,0,'store_private_key','<function command_type=\"store_private_key\">\r\n  <name label=\"Keypair Name\" input_type=\"text\">[[KEYPAIR_NAME]]</name>\r\n  <private_key label=\"Private Key\" input_type=\"text\">[[~create_result.//keyMaterial]]</private_key>\r\n</function>','Store the private key for later use',0,0,0,NULL);

INSERT INTO `task` VALUES ('66be8ab1-95a7-47d2-b495-be670e8738bb','66be8ab1-95a7-47d2-b495-be670e8738bb','1.000','Create Load Balancer','aws - 037','Create an AWS Load Balancer.','Development',0,1,NULL,NULL,'2011-07-29 19:54:39','<parameters>\r\n  <parameter id=\"p_f6f6303b-92bc-4c03-8e27-8daa2f577b55\" required=\"false\" prompt=\"true\" masked=\"false\">\r\n    <name>ELB_NAME</name>\r\n    <desc>Optional - enter a name for the Elastic Load Balancer. If empty a unique name will be generated.</desc>\r\n    <values present_as=\"value\">\r\n      <value id=\"pv_7b16b240-f3bc-47f0-8ea5-7ff8383e4f52\"></value>\r\n    </values>\r\n  </parameter>\r\n</parameters>');
INSERT INTO `task_codeblock` VALUES ('66be8ab1-95a7-47d2-b495-be670e8738bb','MAIN');
INSERT INTO `task_step` VALUES ('43705d2f-ec35-4532-af12-74f120d342a8','66be8ab1-95a7-47d2-b495-be670e8738bb','185a1d84-028f-40c4-b4db-6d250ef3b17f',-1,0,0,'set_variable','<function command_type=\"set_variable\">\r\n  <variable>\r\n    <name input_type=\"text\">ELB_NAME</name>\r\n    <value input_type=\"text\">[[_UUID_V2]]</value>\r\n    <modifier input_type=\"select\">DEFAULT</modifier>\r\n  </variable>\r\n</function>','',0,0,0,NULL);
INSERT INTO `task_step` VALUES ('185a1d84-028f-40c4-b4db-6d250ef3b17f','66be8ab1-95a7-47d2-b495-be670e8738bb','MAIN',1,0,0,'if','<function command_type=\"if\">\r\n  <tests>\r\n    <test>\r\n      <eval input_type=\"text\">{[[ELB_NAME]]} == {}</eval>\r\n      <action input_type=\"text\">43705d2f-ec35-4532-af12-74f120d342a8</action>\r\n    </test>\r\n  </tests>\r\n</function>','if the load balancer name is not specified, create a unique name',0,0,0,NULL);
INSERT INTO `task_step` VALUES ('1963d2d5-7ed8-4e21-b09e-cc0106d891db','66be8ab1-95a7-47d2-b495-be670e8738bb','MAIN',3,0,0,'aws_elb_ConfigureHealthCheck','<function command_type=\"aws_elb_ConfigureHealthCheck\">\n<aws_region input_type=\"text\" label=\"AWS Region\" hr_after=\"true\" />\r\n  <HealthCheck>\r\n    <HealthyThreshold input_type=\"text\">2</HealthyThreshold>\r\n    <Interval input_type=\"text\">30</Interval>\r\n    <Target input_type=\"text\">http:80/index.html</Target>\r\n    <Timeout input_type=\"text\">3</Timeout>\r\n    <UnhealthyThreshold input_type=\"text\">2</UnhealthyThreshold>\r\n  </HealthCheck>\r\n  <LoadBalancerName input_type=\"text\">[[ELB_NAME]]</LoadBalancerName>\r\n  <result_name input_type=\"text\" />\r\n</function>','standard http ping',0,0,0,NULL);
INSERT INTO `task_step` VALUES ('938bb4d1-669c-47fe-aaa1-16347054f382','66be8ab1-95a7-47d2-b495-be670e8738bb','MAIN',2,0,0,'aws_elb_CreateLoadBalancer','<function command_type=\"aws_elb_CreateLoadBalancer\">\n<aws_region input_type=\"text\" label=\"AWS Region\" hr_after=\"true\" />\r\n  <AvailabilityZones>\r\n    <member.N is_array=\"true\">\r\n      <member input_type=\"text\">us-east-1a</member>\r\n      <member input_type=\"text\">us-east-1b</member>\r\n      <member input_type=\"text\">us-east-1c</member>\r\n    </member.N>\r\n  </AvailabilityZones>\r\n  <Listeners>\r\n    <member.N is_array=\"true\">\r\n      <member>\r\n        <InstancePort input_type=\"text\">80</InstancePort>\r\n        <LoadBalancerPort input_type=\"text\">80</LoadBalancerPort>\r\n        <Protocol input_type=\"text\">TCP</Protocol>\r\n        <SSLCertificateId input_type=\"text\" />\r\n      </member>\r\n    </member.N>\r\n  </Listeners>\r\n  <LoadBalancerName input_type=\"text\">[[ELB_NAME]]</LoadBalancerName>\r\n  <result_name input_type=\"text\" />\r\n</function>','create a three zone elb for port 80',0,0,0,NULL);
INSERT INTO `task_step` VALUES ('98faa93a-1fce-40c2-a422-e9ad0119cad8','66be8ab1-95a7-47d2-b495-be670e8738bb','MAIN',4,0,0,'dataset','<function command_type=\"dataset\">\r\n  <pair>\r\n    <key input_type=\"text\">ELB_NAME</key>\r\n    <value input_type=\"text\">[[ELB_NAME]]</value>\r\n  </pair>\r\n</function>','store the elb name',0,0,0,NULL);

INSERT INTO `task` VALUES ('f7f695d1-cd39-4276-a96a-d5d9c08fb2ba','f7f695d1-cd39-4276-a96a-d5d9c08fb2ba','1.000','Start Ubuntu Instance and Install MySQL and Wordpress','wp - 012','Starts a 64bit Ubuntu Instance and installs MySQL, sets the root MySQL password and restarts the server to accept connections.','Development',0,1,NULL,NULL,'2011-06-16 17:04:58','<parameters>\r\n  <parameter id=\"p_b9c7a36f-28aa-492c-b154-79baf7f1f05d\" required=\"true\" prompt=\"true\" masked=\"false\">\r\n    <name>DBInstanceType</name>\r\n    <desc></desc>\r\n    <values present_as=\"dropdown\">\r\n      <value id=\"pv_ce524608-46f9-4f5e-8fc9-4ba9b5620939\">t1.micro</value>\r\n      <value id=\"pv_eb9013e0-dabc-4dfb-89d4-490383230bc0\">m1.small</value>\r\n      <value id=\"pv_9116165a-df45-4dbd-93cf-0316fc2304f0\">m1.large</value>\r\n      <value id=\"pv_74c8ffef-100a-4906-84d9-b7af5e16fb4b\">m1.xlarge</value>\r\n      <value id=\"pv_747cecff-b4f8-4571-8a47-becccb66693e\">c1.medium</value>\r\n      <value id=\"pv_d6d418b8-a69d-4a0e-b969-5c02a4374b3c\">c1.xlarge</value>\r\n      <value id=\"pv_6536274b-1d6b-48f7-8db2-734db562e7b4\">m2.xlarge</value>\r\n      <value id=\"pv_1aea66ab-6239-447f-a5eb-c2395d4ad9b0\">m2.2xlarge</value>\r\n      <value id=\"pv_22e42ee0-d8d9-48ae-bb34-84e721940d0b\">m2.4xlarge</value>\r\n      <value id=\"pv_c911973d-333d-4c70-b0ea-8607ef333541\">cc1.4xlarge</value>\r\n      <value id=\"pv_51bc18ca-1280-49a2-8225-f6ad15e7d0d7\">cg1.4xlarge</value>\r\n    </values>\r\n  </parameter>\r\n  <parameter id=\"p_0f7ffd37-a36f-4205-82ae-5cf3fe419355\" required=\"true\" prompt=\"true\" masked=\"true\">\r\n    <name>DBPassword</name>\r\n    <desc>Enter the password for the database user.</desc>\r\n    <values present_as=\"value\">\r\n      <value id=\"pv_f577cf59-8add-4e4f-acf4-54e3fefebf7c\"></value>\r\n    </values>\r\n  </parameter>\r\n  <parameter id=\"p_c57e4c95-e820-48c4-9a3a-640962c4fd5d\" required=\"true\" prompt=\"true\" masked=\"false\">\r\n    <name>DB_ROLE</name>\r\n    <desc>Select master, slave or standalone</desc>\r\n    <values present_as=\"dropdown\">\r\n      <value id=\"pv_5cc94280-d815-4420-b79d-d688154385a2\">standalone</value>\r\n      <value id=\"pv_515291bc-ab69-4137-a08f-82a902bf5c49\">master</value>\r\n      <value id=\"pv_f54c281d-44d9-4b13-9853-4571ac0e4a94\">slave</value>\r\n    </values>\r\n  </parameter>\r\n</parameters>');
INSERT INTO `task_codeblock` VALUES ('f7f695d1-cd39-4276-a96a-d5d9c08fb2ba','Associate Elastic IP with DB');
INSERT INTO `task_codeblock` VALUES ('f7f695d1-cd39-4276-a96a-d5d9c08fb2ba','MAIN');
INSERT INTO `task_step` VALUES ('9b4aa054-12e8-49f6-b3f9-1abe25037654','f7f695d1-cd39-4276-a96a-d5d9c08fb2ba','0c0271af-bf7b-4e42-980e-d36c2e854281',-1,0,0,'set_variable','<function command_type=\"set_variable\">\r\n  <variable>\r\n    <name input_type=\"text\">ADDITIONAL_CONFIG</name>\r\n    <value input_type=\"text\">sudo sed -i \'/\\[mysqld\\]/a \\log-bin = /var/lib/mysql/mysql-bin.log\' /etc/mysql/my.cnf\r\nsudo sed -i \'/\\[mysqld\\]/a \\binlog-do-db = wordpress\' /etc/mysql/my.cnf\r\nsudo sed -i \'/\\[mysqld\\]/a \\server-id = 1\' /etc/mysql/my.cnf</value>\r\n    <modifier input_type=\"select\">DEFAULT</modifier>\r\n  </variable>\r\n</function>','additional config for master',0,0,0,NULL);
INSERT INTO `task_step` VALUES ('df065f7c-de38-4a02-9778-0b31c53ce5a7','f7f695d1-cd39-4276-a96a-d5d9c08fb2ba','0c0271af-bf7b-4e42-980e-d36c2e854281',-1,0,0,'set_variable','<function command_type=\"set_variable\">\r\n  <variable>\r\n    <name input_type=\"text\">ADDITIONAL_CONFIG</name>\r\n    <value input_type=\"text\">sudo sed -i \'/\\[mysqld\\]/a \\master-host = [[@master_db_address]]\' /etc/mysql/my.cnf\r\nsudo sed -i \'/\\[mysqld\\]/a \\master-user = wordpress_repl\' /etc/mysql/my.cnf\r\nsudo sed -i \'/\\[mysqld\\]/a \\master-password = [[@master_db_password]]\' /etc/mysql/my.cnf\r\nsudo sed -i \'/\\[mysqld\\]/a \\master-port = 3306\' /etc/mysql/my.cnf\r\nsudo sed -i \'/\\[mysqld\\]/a \\master-connect-retry = 60\' /etc/mysql/my.cnf\r\nsudo sed -i \'/\\[mysqld\\]/a \\replicate-do-db = wordpress\' /etc/mysql/my.cnf\r\nsudo sed -i \'/\\[mysqld\\]/a \\server-id = 2\' /etc/mysql/my.cnf</value>\r\n    <modifier input_type=\"select\">DEFAULT</modifier>\r\n  </variable>\r\n</function>','additional config for slave',0,0,0,NULL);
INSERT INTO `task_step` VALUES ('4fb6ef7e-9a9d-499e-a267-e26663d10e8a','f7f695d1-cd39-4276-a96a-d5d9c08fb2ba','0dcaa379-b349-43ac-9540-7cd08ec21785',-1,0,0,'dataset','<function command_type=\"dataset\">\r\n  <pair>\r\n    <key input_type=\"text\">slave_db_instance</key>\r\n    <value input_type=\"text\">[[DBHost]]</value>\r\n  </pair>\r\n</function>','',0,0,0,NULL);
INSERT INTO `task_step` VALUES ('c6af9561-e035-4c95-95aa-6566fc947ce7','f7f695d1-cd39-4276-a96a-d5d9c08fb2ba','0dcaa379-b349-43ac-9540-7cd08ec21785',-1,0,0,'dataset','<function command_type=\"dataset\">\r\n  <pair>\r\n    <key input_type=\"text\">master_db_instance</key>\r\n    <value input_type=\"text\">[[DBHost]]</value>\r\n  </pair>\r\n  <pair>\r\n    <key input_type=\"text\">master_db_password</key>\r\n    <value input_type=\"text\">[[DBPassword]]</value>\r\n  </pair>\r\n</function>','',0,0,0,NULL);
INSERT INTO `task_step` VALUES ('5bd32466-d148-4d39-b7ac-326038b75b1a','f7f695d1-cd39-4276-a96a-d5d9c08fb2ba','3ead1fb2-02bc-48ce-9b40-6000fc99e27b',-1,0,0,'codeblock','<function command_type=\"codeblock\">\r\n  <codeblock input_type=\"text\">Associate Elastic IP with DB</codeblock>\r\n</function>','',0,0,0,NULL);
INSERT INTO `task_step` VALUES ('34e73791-3422-4b5f-8641-5424a7d4e8ac','f7f695d1-cd39-4276-a96a-d5d9c08fb2ba','Associate Elastic IP with DB',2,0,0,'parse_text','<function command_type=\"parse_text\">\r\n  <text input_type=\"text\">[[@master_db_address]]</text>\r\n</function>','',2,0,46,'<variables>\r\n  <variable>\r\n    <name>ip1</name>\r\n    <type>delimited</type>\r\n    <position>1</position>\r\n  </variable>\r\n  <variable>\r\n    <name>ip2</name>\r\n    <type>delimited</type>\r\n    <position>2</position>\r\n  </variable>\r\n  <variable>\r\n    <name>ip3</name>\r\n    <type>delimited</type>\r\n    <position>3</position>\r\n  </variable>\r\n  <variable>\r\n    <name>ip4</name>\r\n    <type>delimited</type>\r\n    <position>4</position>\r\n  </variable>\r\n</variables>');
INSERT INTO `task_step` VALUES ('622cfb59-475a-4459-ad86-08800339244c','f7f695d1-cd39-4276-a96a-d5d9c08fb2ba','Associate Elastic IP with DB',4,0,0,'dataset','<function command_type=\"dataset\">\r\n  <pair>\r\n    <key input_type=\"text\">master_db_address</key>\r\n    <value input_type=\"text\">ec2-[[ip1]]-[[ip2]]-[[ip3]]-[[ip4]].compute-1.amazonaws.com</value>\r\n  </pair>\r\n</function>','',0,0,0,NULL);
INSERT INTO `task_step` VALUES ('94137e1e-0e41-4a09-a3c9-4792a8f771d6','f7f695d1-cd39-4276-a96a-d5d9c08fb2ba','Associate Elastic IP with DB',3,0,0,'aws_ec2_AssociateAddress','<function command_type=\"aws_ec2_AssociateAddress\">\n<aws_region input_type=\"text\" label=\"AWS Region\" hr_after=\"true\" />\r\n  <PublicIp input_type=\"text\">[[@master_db_address]]</PublicIp>\r\n  <InstanceId input_type=\"text\">[[DBHost]]</InstanceId>\r\n  <AllocationId input_type=\"text\" />\r\n  <result_name input_type=\"text\" />\r\n</function>','',0,0,0,NULL);
INSERT INTO `task_step` VALUES ('c03605c0-ac68-4466-bea2-baa4a619912e','f7f695d1-cd39-4276-a96a-d5d9c08fb2ba','Associate Elastic IP with DB',1,0,0,'sleep','<function command_type=\"sleep\">\r\n  <seconds input_type=\"text\">30</seconds>\r\n</function>','sleep 30 to let server start',0,0,0,NULL);
INSERT INTO `task_step` VALUES ('0c0271af-bf7b-4e42-980e-d36c2e854281','f7f695d1-cd39-4276-a96a-d5d9c08fb2ba','MAIN',1,0,0,'if','<function command_type=\"if\">\r\n  <tests>\r\n    <test>\r\n      <eval input_type=\"text\">{[[DB_ROLE]]} == {master}</eval>\r\n      <action input_type=\"text\">9b4aa054-12e8-49f6-b3f9-1abe25037654</action>\r\n    </test>\r\n    <test>\r\n      <eval input_type=\"text\">{[[DB_ROLE]]} == {slave}</eval>\r\n      <action input_type=\"text\">df065f7c-de38-4a02-9778-0b31c53ce5a7</action>\r\n    </test>\r\n  </tests>\r\n</function>','add additional config depending on whether master or slave database',0,0,0,NULL);
INSERT INTO `task_step` VALUES ('0dcaa379-b349-43ac-9540-7cd08ec21785','f7f695d1-cd39-4276-a96a-d5d9c08fb2ba','MAIN',6,0,0,'if','<function command_type=\"if\">\r\n  <tests>\r\n    <test>\r\n      <eval input_type=\"text\">{[[DB_ROLE]]} == {master} || {[[DB_ROLE]]} == {standalone}</eval>\r\n      <action input_type=\"text\">c6af9561-e035-4c95-95aa-6566fc947ce7</action>\r\n    </test>\r\n    <test>\r\n      <eval input_type=\"text\">{[[DB_ROLE]]} == {slave}</eval>\r\n      <action input_type=\"text\">4fb6ef7e-9a9d-499e-a267-e26663d10e8a</action>\r\n    </test>\r\n  </tests>\r\n</function>','',0,0,0,NULL);
INSERT INTO `task_step` VALUES ('3ead1fb2-02bc-48ce-9b40-6000fc99e27b','f7f695d1-cd39-4276-a96a-d5d9c08fb2ba','MAIN',5,0,0,'if','<function command_type=\"if\">\r\n  <tests>\r\n    <test>\r\n      <eval input_type=\"text\">{[[DB_ROLE]]} == {master} || {[[DB_ROLE]]} == {standalone}</eval>\r\n      <action input_type=\"text\">5bd32466-d148-4d39-b7ac-326038b75b1a</action>\r\n    </test>\r\n  </tests>\r\n</function>','',0,0,0,NULL);
INSERT INTO `task_step` VALUES ('5fe8b26d-5d77-4020-8bf6-c74ce9163007','f7f695d1-cd39-4276-a96a-d5d9c08fb2ba','MAIN',3,0,0,'aws_ec2_RunInstances','<function command_type=\"aws_ec2_RunInstances\">\n<aws_region input_type=\"text\" label=\"AWS Region\" hr_after=\"true\" />\r\n  <ImageId input_type=\"text\">ami-1aad5273</ImageId>\r\n  <MinCount input_type=\"text\">1</MinCount>\r\n  <MaxCount input_type=\"text\">1</MaxCount>\r\n  <KeyName input_type=\"text\">[[@KEYPAIR_NAME]]</KeyName>\r\n  <SecurityGroupId.n is_array=\"true\">\r\n    <SecurityGroupId input_type=\"text\" />\r\n  </SecurityGroupId.n>\r\n  <SecurityGroup.n is_array=\"true\">\r\n    <SecurityGroup input_type=\"text\">[[@SECURITY_GROUP_NAME]]</SecurityGroup>\r\n  </SecurityGroup.n>\r\n  <UserData input_type=\"text\">[[userdata]]</UserData>\r\n  <AddressingType input_type=\"text\" />\r\n  <InstanceType input_type=\"text\">[[DBInstanceType]]</InstanceType>\r\n  <Placement>\r\n    <AvailabilityZone input_type=\"text\">us-east-1a</AvailabilityZone>\r\n    <GroupName input_type=\"text\" />\r\n    <Tenancy input_type=\"text\" />\r\n  </Placement>\r\n  <KernelId input_type=\"text\" />\r\n  <RamdiskId input_type=\"text\" />\r\n  <BlockDeviceMapping.n is_array=\"true\">\r\n    <BlockDeviceMapping>\r\n      <DeviceName input_type=\"text\">/dev/sdh</DeviceName>\r\n      <NoDevice input_type=\"text\" />\r\n      <VirtualName input_type=\"text\" />\r\n      <Ebs>\r\n        <SnapshotId input_type=\"text\" />\r\n        <VolumeSize input_type=\"text\">10</VolumeSize>\r\n        <DeleteOnTermination input_type=\"text\" />\r\n      </Ebs>\r\n    </BlockDeviceMapping>\r\n  </BlockDeviceMapping.n>\r\n  <Monitoring>\r\n    <Enabled input_type=\"text\" />\r\n  </Monitoring>\r\n  <SubnetId input_type=\"text\" />\r\n  <DisableApiTermination input_type=\"text\" />\r\n  <InstanceInitiatedShutdownBehavior input_type=\"text\" />\r\n  <PrivateIpAddress input_type=\"text\" />\r\n  <ClientToken input_type=\"text\" />\r\n  <instance_role input_type=\"text\" label=\"Server Role\">database</instance_role>\r\n  <result_name input_type=\"text\">RunInstancesResult</result_name>\r\n</function>','start db server',0,0,0,NULL);
INSERT INTO `task_step` VALUES ('b02735e5-95a7-4ebf-b8a6-cc29580e123a','f7f695d1-cd39-4276-a96a-d5d9c08fb2ba','MAIN',4,0,0,'set_variable','<function command_type=\"set_variable\">\r\n  <variable>\r\n    <name input_type=\"text\">DBHost</name>\r\n    <value input_type=\"text\">[[~RunInstancesResult.//instancesSet/item/instanceId]]</value>\r\n    <modifier input_type=\"select\">DEFAULT</modifier>\r\n  </variable>\r\n</function>','Get the newly launched instance id',0,0,0,NULL);
INSERT INTO `task_step` VALUES ('d7e958e9-3c76-434c-b7ed-d63475878070','f7f695d1-cd39-4276-a96a-d5d9c08fb2ba','MAIN',2,0,0,'set_variable','<function command_type=\"set_variable\">\r\n  <variable>\r\n    <name input_type=\"text\">userdata</name>\r\n    <value input_type=\"text\">#!/bin/bash -ex\r\nexport DEBIAN_FRONTEND=noninteractive\r\necho \"US/Eastern\" | sudo tee /etc/timezone\r\nsudo dpkg-reconfigure --frontend noninteractive tzdata\r\necho \"mysql-server mysql-server/root_password select [[DBPassword]]\" | sudo debconf-set-selections;echo \"mysql-server mysql-server/root_password_again select [[DBPassword]]\" | sudo debconf-set-selections\r\nsudo apt-get -y -q=2 install mysql-server xfsprogs s3cmd\r\nsudo sed -i \"s|^bind-address.*$|#\\\\0|\" /etc/mysql/my.cnf\r\nIP_ADDRESS=`/sbin/ifconfig eth0 | grep \'inet addr:\' | cut -d: -f2 | awk \'{ print $1}\'`\r\nsudo sed -i \'/\\[mysqld\\]/a \\bind-address = \'\"$IP_ADDRESS\"\'\' /etc/mysql/my.cnf\r\necho \"US/Eastern\" | sudo tee /etc/timezone\r\nsudo dpkg-reconfigure --frontend noninteractive tzdata\r\n[[ADDITIONAL_CONFIG]]\r\nsudo service mysql stop\r\ngrep -q xfs /proc/filesystems || sudo modprobe xfs\r\nsudo mkfs.xfs /dev/xvdh\r\necho \"/dev/xvdh /vol xfs noatime 0 0\" | sudo tee -a /etc/fstab\r\nsudo mkdir -m 000 /vol\r\nsudo mount /vol\r\nsudo mkdir /vol/etc /vol/lib /vol/log \r\nsudo mv /etc/mysql     /vol/etc/ \r\nsudo mv /var/lib/mysql /vol/lib/\r\nsudo mv /var/log/mysql /vol/log/\r\nsudo mkdir /etc/mysql\r\nsudo mkdir /var/lib/mysql\r\nsudo mkdir /var/log/mysql\r\necho \"/vol/etc/mysql /etc/mysql     none bind\" | sudo tee -a /etc/fstab\r\nsudo mount /etc/mysql\r\necho \"/vol/lib/mysql /var/lib/mysql none bind\" | sudo tee -a /etc/fstab\r\nsudo mount /var/lib/mysql\r\necho \"/vol/log/mysql /var/log/mysql none bind\" | sudo tee -a /etc/fstab\r\nsudo mount /var/log/mysql\r\nsleep 10 \r\nsudo service mysql start</value>\r\n    <modifier input_type=\"select\">DEFAULT</modifier>\r\n  </variable>\r\n</function>','create userdata startup script',0,0,0,NULL);

INSERT INTO `task` VALUES ('7c680ef3-dbf5-4c4c-90f2-c96032a46386','7c680ef3-dbf5-4c4c-90f2-c96032a46386','1.000','Archive Apache Logs','apache - 001','Will copy the current apache log from default /var/logs/apache to s3 using s3cmd. ','Development',0,1,NULL,NULL,'2011-06-17 14:54:14','<parameters>\n  <parameter id=\"p_f6bdedd7-81bc-48c4-ae85-b281a5b3e03b\" required=\"true\" prompt=\"true\" encrypt=\"false\">\n    <name>bucket_name</name>\n    <desc>Enter the bucket name to place logfiles</desc>\n    <values present_as=\"value\">\n      <value id=\"pv_d5c21252-0820-46c4-bbd2-f0fda77e83e0\">\n      </value>\n    </values>\n  </parameter>\n</parameters>');
INSERT INTO `task_codeblock` VALUES ('7c680ef3-dbf5-4c4c-90f2-c96032a46386','Connect and Put Log');
INSERT INTO `task_codeblock` VALUES ('7c680ef3-dbf5-4c4c-90f2-c96032a46386','MAIN');
INSERT INTO `task_step` VALUES ('4e952787-94d5-4923-8a43-d16d6c034743','7c680ef3-dbf5-4c4c-90f2-c96032a46386','40db7cd0-6767-46bf-85f3-7c5009d67023',-1,0,0,'codeblock','<function command_type=\"codeblock\">\r\n  <codeblock input_type=\"text\">Connect and Put Log</codeblock>\r\n</function>','',0,0,0,NULL);
INSERT INTO `task_step` VALUES ('4eaccfdd-155e-463b-b34e-a21f6fee1997','7c680ef3-dbf5-4c4c-90f2-c96032a46386','Connect and Put Log',3,0,0,'cmd_line','<function command_type=\"cmd_line\">\n  <conn_name input_type=\"text\">CONN1</conn_name>\n  <command input_type=\"text\">s3cmd --no-progress put /var/log/apache2/access.log s3://[[bucket_name]]/[[_DATE(%Y_%m_%d_%H_%M_%S)]]_access.log</command>\n  <timeout input_type=\"text\" />\n  <positive_response input_type=\"text\" />\n  <negative_response input_type=\"text\" />\n</function>','',2,0,0,NULL);
INSERT INTO `task_step` VALUES ('8ba443e4-2600-499b-8f1e-ea0951163b81','7c680ef3-dbf5-4c4c-90f2-c96032a46386','Connect and Put Log',2,0,0,'new_connection','<function command_type=\"new_connection\">\r\n  <conn_type input_type=\"select\">ssh - ec2</conn_type>\r\n  <asset input_type=\"text\">ubuntu@[[result,[[Z]]]]</asset>\r\n  <conn_name input_type=\"text\">CONN1</conn_name>\r\n</function>','',0,0,0,NULL);
INSERT INTO `task_step` VALUES ('ae3ddf11-4cfc-4baf-a5de-92f15e31c860','7c680ef3-dbf5-4c4c-90f2-c96032a46386','Connect and Put Log',1,1,0,'log_msg','<function command_type=\"log_msg\">\r\n  <message input_type=\"text\">[[_DATE(%Y_%m_%d_%H_%M_%S)]]</message>\r\n</function>','',0,0,0,NULL);
INSERT INTO `task_step` VALUES ('40db7cd0-6767-46bf-85f3-7c5009d67023','7c680ef3-dbf5-4c4c-90f2-c96032a46386','MAIN',2,0,0,'loop','<function command_type=\"loop\">\r\n  <start input_type=\"text\">1</start>\r\n  <counter input_type=\"text\">Z</counter>\r\n  <test input_type=\"select\">&lt;=</test>\r\n  <compare_to input_type=\"text\">[[result,*]]</compare_to>\r\n  <increment input_type=\"text\">1</increment>\r\n  <action input_type=\"text\">4e952787-94d5-4923-8a43-d16d6c034743</action>\r\n  <max input_type=\"text\" />\r\n</function>','',0,0,0,NULL);
INSERT INTO `task_step` VALUES ('c90d206b-6074-483e-8c0f-b30da9e803ec','7c680ef3-dbf5-4c4c-90f2-c96032a46386','MAIN',1,0,0,'get_ecosystem_objects','<function command_type=\"get_ecosystem_objects\">\r\n  <object_type input_type=\"select\" label=\"Object Type\">aws_ec2_instance</object_type>\r\n  <result_name label=\"Result Variable\" input_type=\"text\">result</result_name>\r\n</function>','',0,0,0,NULL);


INSERT INTO `ecotemplate` VALUES ('0abb815b-db7c-4892-8257-552f1cec8929','Wordpress Blog','Wordpress template, separate web and database server setup with optional master - slave MySQL database');
INSERT INTO `ecotemplate_action` VALUES ('4dd8b6ef-dd73-4ce4-9c84-635cb1741e5a','0abb815b-db7c-4892-8257-552f1cec8929','Add Web Server(s)','Use this action to add web server capacity to the Wordpress ecosystem. It will prompt for the number of webservers to add (default = 1).','Web Server Maintenance','1384714b-bcbb-488b-8c21-8360ec5c11e3',NULL,NULL,'92_48x48.png');
INSERT INTO `ecotemplate_action` VALUES ('9a8819c5-b6f2-46dd-b431-81c074bb15c4','0abb815b-db7c-4892-8257-552f1cec8929','Backup Master DB','Use this to backup the master database to S3. Requires a S3 bucket name.','DB Maintenance','8e3d9227-f5f5-410d-b131-bdbb2a4bbe63',NULL,'<parameters>\r\n  <parameter id=\"p_cfdfe1d1-c0e7-47f6-b3f2-0c6c24b58f21\" required=\"true\">\r\n    <name>BUCKET_NAME</name>\r\n    <values present_as=\"value\">\r\n      <value>demo.backups.cloudsidekick.com</value>\r\n    </values>\r\n  </parameter>\r\n</parameters>','30_48x48.png');
INSERT INTO `ecotemplate_action` VALUES ('8d9758c6-6878-4c11-8aa5-5792ad57e08e','0abb815b-db7c-4892-8257-552f1cec8929','Remove Web Server(s)','Use this action to remove web server capacity from the Wordpress ecosystem. It will prompt for the number of webservers to remove (default = 1). At least one webserver will be left enabled regardless of the number of servers to remove entered.','Web Server Maintenance','3079444b-c680-491d-8019-2023e51b6394',NULL,'<parameters>\r\n  <parameter id=\"p_f00122f0-e41a-4d1f-9aba-8658ae5e73a7\" required=\"true\">\r\n    <name>SERVERS_TO_REMOVE</name>\r\n    <values present_as=\"value\">\r\n      <value>1</value>\r\n    </values>\r\n  </parameter>\r\n</parameters>','90_48x48.png');
INSERT INTO `ecotemplate_action` VALUES ('0547a649-5cd1-4575-b9ce-a4f72476ceb4','0abb815b-db7c-4892-8257-552f1cec8929','Restore Database from Backup',NULL,'DB Maintenance','946e0cbf-04da-49b8-b445-69e08bc58748',NULL,NULL,'29_48x48.png');
INSERT INTO `ecotemplate_action` VALUES ('b1376a33-543c-466f-a5d3-c96795a840a8','0abb815b-db7c-4892-8257-552f1cec8929','Rotate Apache Logs',NULL,'Web Server Maintenance','7c680ef3-dbf5-4c4c-90f2-c96032a46386',NULL,NULL,'106_48x48.png');
INSERT INTO `ecotemplate_action` VALUES ('e1ee191d-2da6-4c62-aa23-6f3a23aa1997','0abb815b-db7c-4892-8257-552f1cec8929','Start Wordpress','This action starts a Wordpress ecosystem. ','Startup','c6132180-f59b-4742-a5e4-a615b70ca31e',NULL,NULL,'46_48x48.png');
INSERT INTO `ecotemplate_action` VALUES ('67a00423-88a0-492a-b4f2-7f32a09e3c43','0abb815b-db7c-4892-8257-552f1cec8929','Stop Wordpress','This action stops a Wordpress  ecosystem.','Shutdown','59f657b7-d109-4e37-878e-e6c98f5e0b23',NULL,NULL,'45_48x48.png');
INSERT INTO `ecotemplate_action` VALUES ('89259631-f537-4947-824d-d5a1c105ac1a','0abb815b-db7c-4892-8257-552f1cec8929','Take DB Snapshot','Takes a snapshot of the master','DB Maintenance','7aaf6926-b5b8-41f3-b939-aac32322639f',NULL,NULL,NULL);
INSERT INTO `ecotemplate_action` VALUES ('ef7e40b9-7d98-4378-8850-03b662896dee','0abb815b-db7c-4892-8257-552f1cec8929','Validate Site',NULL,'Monitors','a9ee0670-8dd5-4f11-882d-f1da4ac83dca',NULL,NULL,'141_48x48.png');

